[debug] [2026-10-03T17:09:49.500Z] ----------------------------------------------------------------------
[debug] [2026-10-03T17:09:49.509Z] Command:       C:\Program Files\nodejs\node.exe C:\Work\MiTutoraPro\node_modules\firebase-tools\lib\bin\firebase.js emulators:start --only auth,firestore --project demo-mitutora
[debug] [2026-10-03T17:09:49.510Z] CLI Version:   15.26.0
[debug] [2026-10-03T17:09:49.510Z] Platform:      win32
[debug] [2026-10-03T17:09:49.510Z] Node Version:  v25.9.0
[debug] [2026-10-03T17:09:49.510Z] Detected Agent: codex_cli
[debug] [2026-10-03T17:09:49.510Z] Time:          Sat Oct 03 2026 22:39:49 GMT+0530 (India Standard Time)
[debug] [2026-10-03T17:09:49.510Z] ----------------------------------------------------------------------
[debug] 
[debug] [2026-10-03T17:09:49.526Z] >>> [apiv2][query] GET https://firebase-public.firebaseio.com/cli.json [none]
[debug] [2026-10-03T17:09:52.501Z] *** [apiv2] error from fetch(https://firebase-public.firebaseio.com/cli.json, {"headers":{},"method":"GET"}): AggregateError
[warn] !  Unable to fetch the CLI MOTD and remote config. This is not a fatal error, but may indicate an issue with your network connection. 
[debug] [2026-10-03T17:09:52.502Z] Failed to fetch MOTD FirebaseError: Failed to make request to https://firebase-public.firebaseio.com/cli.json
[debug] [2026-10-03T17:09:52.596Z] openjdk version "21.0.10" 2026-01-20

[debug] [2026-10-03T17:09:52.597Z] OpenJDK Runtime Environment (build 21.0.10+-14961533-b1163.108)
OpenJDK 64-Bit Server VM (build 21.0.10+-14961533-b1163.108, mixed mode)

[debug] [2026-10-03T17:09:52.609Z] Parsed Java major version: 21
[info] i  emulators: Starting emulators: auth, firestore {"metadata":{"emulator":{"name":"hub"},"message":"Starting emulators: auth, firestore"}}
[info] i  emulators: Detected demo project ID "demo-mitutora", emulated services will use a demo configuration and attempts to access non-emulated services for this project will fail. {"metadata":{"emulator":{"name":"hub"},"message":"Detected demo project ID \"demo-mitutora\", emulated services will use a demo configuration and attempts to access non-emulated services for this project will fail."}}
[debug] [2026-10-03T17:09:52.634Z] [logging] Logging Emulator only supports listening on one address (127.0.0.1). Not listening on ::1
[debug] [2026-10-03T17:09:52.635Z] [auth] Authentication Emulator only supports listening on one address (127.0.0.1). Not listening on ::1
[debug] [2026-10-03T17:09:52.635Z] [firestore] Firestore Emulator only supports listening on one address (127.0.0.1). Not listening on ::1
[debug] [2026-10-03T17:09:52.635Z] [firestore.websocket] websocket server for firestore only supports listening on one address (127.0.0.1). Not listening on ::1
[debug] [2026-10-03T17:09:52.636Z] assigned listening specs for emulators {"user":{"hub":[{"address":"127.0.0.1","family":"IPv4","port":4400},{"address":"::1","family":"IPv6","port":4400}],"logging":[{"address":"127.0.0.1","family":"IPv4","port":4500}],"auth":[{"address":"127.0.0.1","family":"IPv4","port":9099}],"firestore":[{"address":"127.0.0.1","family":"IPv4","port":8080}],"firestore.websocket":[{"address":"127.0.0.1","family":"IPv4","port":9150}]},"metadata":{"message":"assigned listening specs for emulators"}}
[debug] [2026-10-03T17:09:52.650Z] Found emulator hub locator: {"version":"15.26.0","origins":["http://127.0.0.1:4400","http://[::1]:4400"],"pid":24756}
[debug] [2026-10-03T17:09:52.650Z] Write emulator hub locator at C:\Users\Avinash\AppData\Local\Temp\hub-demo-mitutora.json
[debug] [2026-10-03T17:09:52.668Z] Ignoring unsupported arg: auto_download {"metadata":{"emulator":{"name":"firestore"},"message":"Ignoring unsupported arg: auto_download"}}
[debug] [2026-10-03T17:09:52.668Z] Ignoring unsupported arg: single_project_mode_error {"metadata":{"emulator":{"name":"firestore"},"message":"Ignoring unsupported arg: single_project_mode_error"}}
[debug] [2026-10-03T17:09:52.669Z] Starting Firestore Emulator with command {"binary":"java","args":["-Dgoogle.cloud_firestore.debug_log_level=FINE","-Duser.language=en","-jar","C:\\Users\\Avinash\\.cache\\firebase\\emulators\\cloud-firestore-emulator-v1.22.0.jar","--host","127.0.0.1","--port",8080,"--websocket_port",9150,"--database-edition","standard","--project_id","demo-mitutora","--rules","C:\\Work\\MiTutoraPro\\firestore.rules","--single_project_mode",true],"optionalArgs":["port","webchannel_port","host","rules","websocket_port","database-edition","functions_emulator","seed_from_export","project_id","single_project_mode"],"joinArgs":false,"shell":false,"port":8080} {"metadata":{"emulator":{"name":"firestore"},"message":"Starting Firestore Emulator with command {\"binary\":\"java\",\"args\":[\"-Dgoogle.cloud_firestore.debug_log_level=FINE\",\"-Duser.language=en\",\"-jar\",\"C:\\\\Users\\\\Avinash\\\\.cache\\\\firebase\\\\emulators\\\\cloud-firestore-emulator-v1.22.0.jar\",\"--host\",\"127.0.0.1\",\"--port\",8080,\"--websocket_port\",9150,\"--database-edition\",\"standard\",\"--project_id\",\"demo-mitutora\",\"--rules\",\"C:\\\\Work\\\\MiTutoraPro\\\\firestore.rules\",\"--single_project_mode\",true],\"optionalArgs\":[\"port\",\"webchannel_port\",\"host\",\"rules\",\"websocket_port\",\"database-edition\",\"functions_emulator\",\"seed_from_export\",\"project_id\",\"single_project_mode\"],\"joinArgs\":false,\"shell\":false,\"port\":8080}"}}
[info] i  firestore: Firestore Emulator logging to firestore-debug.log {"metadata":{"emulator":{"name":"firestore"},"message":"Firestore Emulator logging to firestore-debug.log"}}
[debug] [2026-10-03T17:10:03.898Z] Oct 03, 2026 10:40:03 PM com.google.cloud.datastore.emulator.firestore.websocket.WebSocketServer start
INFO: Started WebSocket server on ws://127.0.0.1:9150
 {"metadata":{"emulator":{"name":"firestore"},"message":"Oct 03, 2026 10:40:03 PM com.google.cloud.datastore.emulator.firestore.websocket.WebSocketServer start\r\nINFO: Started WebSocket server on ws://127.0.0.1:9150\r\n"}}
[debug] [2026-10-03T17:10:04.010Z] 
API endpoint: http:// {"metadata":{"emulator":{"name":"firestore"},"message":"\nAPI endpoint: http://"}}
[debug] [2026-10-03T17:10:04.011Z] 127.0.0.1:8080
Database Edition: STANDARD
Database Mode: CLOUD_FIRESTORE

If you are using a library that supports the FIRESTORE_EMULATOR_HOST environment variable, run:

   export FIRESTORE_EMULATOR_HOST=127.0.0.1:8080

If you are running a Firestore in Datastore Mode project, run:

   export DATASTORE_EMULATOR_HOST=127.0.0.1:8080

Note: Support for Datastore Mode is in preview. If you encounter any bugs please file at https://github.com/firebase/firebase-tools/issues.
Dev App Server is now running.

 {"metadata":{"emulator":{"name":"firestore"},"message":"127.0.0.1:8080\nDatabase Edition: STANDARD\nDatabase Mode: CLOUD_FIRESTORE\n\nIf you are using a library that supports the FIRESTORE_EMULATOR_HOST environment variable, run:\r\n\n   export FIRESTORE_EMULATOR_HOST=127.0.0.1:8080\n\nIf you are running a Firestore in Datastore Mode project, run:\r\n\n   export DATASTORE_EMULATOR_HOST=127.0.0.1:8080\n\nNote: Support for Datastore Mode is in preview. If you encounter any bugs please file at https://github.com/firebase/firebase-tools/issues.\r\nDev App Server is now running.\n\r\n"}}
[info] +  firestore: Firestore Emulator was started in standard edition. {"metadata":{"emulator":{"name":"firestore"},"message":"Firestore Emulator was started in standard edition."}}
[info] +  firestore: Firestore Emulator UI websocket is running on 9150. {"metadata":{"emulator":{"name":"firestore"},"message":"Firestore Emulator UI websocket is running on 9150."}}
[debug] [2026-10-03T17:10:15.619Z] Oct 03, 2026 10:40:04 PM io.gapi.emulators.netty.HttpVersionRoutingHandler channelRead
INFO: Detected non-HTTP/2 connection.
Oct 03, 2026 10:40:04 PM io.gapi.emulators.netty.NotFoundHandler handleRequest
INFO: Unknown request URI: /v1/projects/demo-mitutora/databases/(default)/documents?pageSize=1
Oct 03, 2026 10:40:04 PM io.gapi.emulators.netty.NotFoundHandler handleRequest
INFO: Unknown request URI: /v1/projects/demo-mitutora/databases/(default)/documents?pageSize=1
Oct 03, 2026 10:40:04 PM io.gapi.emulators.netty.NotFoundHandler handleRequest
INFO: Unknown request URI: /v1/projects/demo-mitutora/databases/(default)/documents?pageSize=1
Oct 03, 2026 10:40:05 PM io.gapi.emulators.netty.NotFoundHandler handleRequest
INFO: Unknown request URI: /v1/projects/demo-mitutora/databases/(default)/documents?pageSize=1
Oct 03, 2026 10:40:05 PM io.gapi.emulators.netty.NotFoundHandler handleRequest
INFO: Unknown request URI: /v1/projects/demo-mitutora/databases/(default)/documents?pageSize=1
Oct 03, 2026 10:40:05 PM io.gapi.emulators.netty.NotFoundHandler handleRequest
INFO: Unknown request URI: /v1/projects/demo-mitutora/databases/(default)/documents?pageSize=1
Oct 03, 2026 10:40:05 PM io.gapi.emulators.netty.NotFoundHandler handleRequest
INFO: Unknown request URI: /v1/projects/demo-mitutora/databases/(default)/documents?pageSize=1
Oct 03, 2026 10:40:06 PM io.gapi.emulators.netty.NotFoundHandler handleRequest
INFO: Unknown request URI: /v1/projects/demo-mitutora/databases/(default)/documents?pageSize=1
Oct 03, 2026 10:40:06 PM io.gapi.emulators.netty.NotFoundHandler handleRequest
INFO: Unknown request URI: /v1/projects/demo-mitutora/databases/(default)/documents?pageSize=1
Oct 03, 2026 10:40:06 PM io.gapi.emulators.netty.NotFoundHandler handleRequest
INFO: Unknown request URI: /v1/projects/demo-mitutora/databases/(default)/documents?pageSize=1
Oct 03, 2026 10:40:06 PM io.gapi.emulators.netty.NotFoundHandler handleRequest
INFO: Unknown request URI: /v1/projects/demo-mitutora/databases/(default)/documents?pageSize=1
Oct 03, 2026 10:40:07 PM io.gapi.emulators.netty.NotFoundHandler handleRequest
INFO: Unknown request URI: /v1/projects/demo-mitutora/databases/(default)/documents?pageSize=1
Oct 03, 2026 10:40:07 PM io.gapi.emulators.netty.NotFoundHandler handleRequest
INFO: Unknown request URI: /v1/projects/demo-mitutora/databases/(default)/documents?pageSize=1
Oct 03, 2026 10:40:07 PM io.gapi.emulators.netty.NotFoundHandler handleRequest
INFO: Unknown request URI: /v1/projects/demo-mitutora/databases/(default)/documents?pageSize=1
Oct 03, 2026 10:40:07 PM io.gapi.emulators.netty.NotFoundHandler handleRequest
INFO: Unknown request URI: /v1/projects/demo-mitutora/databases/(default)/documents?pageSize=1
Oct 03, 2026 10:40:08 PM io.gapi.emulators.netty.NotFoundHandler handleRequest
INFO: Unknown request URI: /v1/projects/demo-mitutora/databases/(default)/documents?pageSize=1
Oct 03, 2026 10:40:08 PM io.gapi.emulators.netty.NotFoundHandler handleRequest
INFO: Unknown request URI: /v1/projects/demo-mitutora/databases/(default)/documents?pageSize=1
Oct 03, 2026 10:40:08 PM io.gapi.emulators.netty.NotFoundHandler handleRequest
INFO: Unknown request URI: /v1/projects/demo-mitutora/databases/(default)/documents?pageSize=1
Oct 03, 2026 10:40:08 PM io.gapi.emulators.netty.NotFoundHandler handleRequest
INFO: Unknown request URI: /v1/projects/demo-mitutora/databases/(default)/documents?pageSize=1
Oct 03, 2026 10:40:09 PM io.gapi.emulators.netty.NotFoundHandler handleRequest
INFO: Unknown request URI: /v1/projects/demo-mitutora/databases/(default)/documents?pageSize=1
Oct 03, 2026 10:40:09 PM io.gapi.emulators.netty.NotFoundHandler handleRequest
INFO: Unknown request URI: /v1/projects/demo-mitutora/databases/(default)/documents?pageSize=1
Oct 03, 2026 10:40:09 PM io.gapi.emulators.netty.NotFoundHandler handleRequest
INFO: Unknown request URI: /v1/projects/demo-mitutora/databases/(default)/documents?pageSize=1
Oct 03, 2026 10:40:10 PM io.gapi.emulators.netty.NotFoundHandler handleRequest
INFO: Unknown request URI: /v1/projects/demo-mitutora/databases/(default)/documents?pageSize=1
Oct 03, 2026 10:40:10 PM io.gapi.emulators.netty.NotFoundHandler handleRequest
INFO: Unknown request URI: /v1/projects/demo-mitutora/databases/(default)/documents?pageSize=1
Oct 03, 2026 10:40:10 PM io.gapi.emulators.netty.NotFoundHandler handleRequest
INFO: Unknown request URI: /v1/projects/demo-mitutora/databases/(default)/documents?pageSize=1
Oct 03, 2026 10:40:10 PM io.gapi.emulators.netty.NotFoundHandler handleRequest
INFO: Unknown request URI: /v1/projects/demo-mitutora/databases/(default)/documents?pageSize=1
Oct 03, 2026 10:40:11 PM io.gapi.emulators.netty.NotFoundHandler handleRequest
INFO: Unknown request URI: /v1/projects/demo-mitutora/databases/(default)/documents?pageSize=1
Oct 03, 2026 10:40:11 PM io.gapi.emulators.netty.NotFoundHandler handleRequest
INFO: Unknown request URI: /v1/projects/demo-mitutora/databases/(default)/documents?pageSize=1
Oct 03, 2026 10:40:11 PM io.gapi.emulators.netty.NotFoundHandler handleRequest
INFO: Unknown request URI: /v1/projects/demo-mitutora/databases/(default)/documents?pageSize=1
Oct 03, 2026 10:40:11 PM io.gapi.emulators.netty.NotFoundHandler handleRequest
INFO: Unknown request URI: /v1/projects/demo-mitutora/databases/(default)/documents?pageSize=1
Oct 03, 2026 10:40:12 PM io.gapi.emulators.netty.NotFoundHandler handleRequest
INFO: Unknown request URI: /v1/projects/demo-mitutora/databases/(default)/documents?pageSize=1
Oct 03, 2026 10:40:12 PM io.gapi.emulators.netty.NotFoundHandler handleRequest
INFO: Unknown request URI: /v1/projects/demo-mitutora/databases/(default)/documents?pageSize=1
Oct 03, 2026 10:40:12 PM io.gapi.emulators.netty.NotFoundHandler handleRequest
INFO: Unknown request URI: /v1/projects/demo-mitutora/databases/(default)/documents?pageSize=1
Oct 03, 2026 10:40:12 PM io.gapi.emulators.netty.NotFoundHandler handleRequest
INFO: Unknown request URI: /v1/projects/demo-mitutora/databases/(default)/documents?pageSize=1
Oct 03, 2026 10:40:13 PM io.gapi.emulators.netty.NotFoundHandler handleRequest
INFO: Unknown request URI: /v1/projects/demo-mitutora/databases/(default)/documents?pageSize=1
Oct 03, 2026 10:40:13 PM io.gapi.emulators.netty.NotFoundHandler handleRequest
INFO: Unknown request URI: /v1/projects/demo-mitutora/databases/(default)/documents?pageSize=1
Oct 03, 2026 10:40:13 PM io.gapi.emulators.netty.NotFoundHandler handleRequest
INFO: Unknown request URI: /v1/projects/demo-mitutora/databases/(default)/documents?pageSize=1
Oct 03, 2026 10:40:13 PM io.gapi.emulators.netty.NotFoundHandler handleRequest
INFO: Unknown request URI: /v1/projects/demo-mitutora/databases/(default)/documents?pageSize=1
Oct 03, 2026 10:40:14 PM io.gapi.emulators.netty.NotFoundHandler handleRequest
INFO: Unknown request URI: /v1/projects/demo-mitutora/databases/(default)/documents?pageSize=1
Oct 03, 2026 10:40:14 PM io.gapi.emulators.netty.NotFoundHandler handleRequest
INFO: Unknown request URI: /v1/projects/demo-mitutora/databases/(default)/documents?pageSize=1
Oct 03, 2026 10:40:14 PM io.gapi.emulators.netty.NotFoundHandler handleRequest
INFO: Unknown request URI: /v1/projects/demo-mitutora/databases/(default)/documents?pageSize=1
Oct 03, 2026 10:40:15 PM io.gapi.emulators.netty.NotFoundHandler handleRequest
INFO: Unknown request URI: /v1/projects/demo-mitutora/databases/(default)/documents?pageSize=1
Oct 03, 2026 10:40:15 PM io.gapi.emulators.netty.NotFoundHandler handleRequest
INFO: Unknown request URI: /v1/projects/demo-mitutora/databases/(default)/documents?pageSize=1
Oct 03, 2026 10:40:15 PM io.gapi.emulators.netty.NotFoundHandler handleRequest
INFO: Unknown request URI: /v1/projects/demo-mitutora/databases/(default)/documents?pageSize=1
 {"metadata":{"emulator":{"name":"firestore"},"message":"Oct 03, 2026 10:40:04 PM io.gapi.emulators.netty.HttpVersionRoutingHandler channelRead\r\nINFO: Detected non-HTTP/2 connection.\r\nOct 03, 2026 10:40:04 PM io.gapi.emulators.netty.NotFoundHandler handleRequest\r\nINFO: Unknown request URI: /v1/projects/demo-mitutora/databases/(default)/documents?pageSize=1\r\nOct 03, 2026 10:40:04 PM io.gapi.emulators.netty.NotFoundHandler handleRequest\r\nINFO: Unknown request URI: /v1/projects/demo-mitutora/databases/(default)/documents?pageSize=1\r\nOct 03, 2026 10:40:04 PM io.gapi.emulators.netty.NotFoundHandler handleRequest\r\nINFO: Unknown request URI: /v1/projects/demo-mitutora/databases/(default)/documents?pageSize=1\r\nOct 03, 2026 10:40:05 PM io.gapi.emulators.netty.NotFoundHandler handleRequest\r\nINFO: Unknown request URI: /v1/projects/demo-mitutora/databases/(default)/documents?pageSize=1\r\nOct 03, 2026 10:40:05 PM io.gapi.emulators.netty.NotFoundHandler handleRequest\r\nINFO: Unknown request URI: /v1/projects/demo-mitutora/databases/(default)/documents?pageSize=1\r\nOct 03, 2026 10:40:05 PM io.gapi.emulators.netty.NotFoundHandler handleRequest\r\nINFO: Unknown request URI: /v1/projects/demo-mitutora/databases/(default)/documents?pageSize=1\r\nOct 03, 2026 10:40:05 PM io.gapi.emulators.netty.NotFoundHandler handleRequest\r\nINFO: Unknown request URI: /v1/projects/demo-mitutora/databases/(default)/documents?pageSize=1\r\nOct 03, 2026 10:40:06 PM io.gapi.emulators.netty.NotFoundHandler handleRequest\r\nINFO: Unknown request URI: /v1/projects/demo-mitutora/databases/(default)/documents?pageSize=1\r\nOct 03, 2026 10:40:06 PM io.gapi.emulators.netty.NotFoundHandler handleRequest\r\nINFO: Unknown request URI: /v1/projects/demo-mitutora/databases/(default)/documents?pageSize=1\r\nOct 03, 2026 10:40:06 PM io.gapi.emulators.netty.NotFoundHandler handleRequest\r\nINFO: Unknown request URI: /v1/projects/demo-mitutora/databases/(default)/documents?pageSize=1\r\nOct 03, 2026 10:40:06 PM io.gapi.emulators.netty.NotFoundHandler handleRequest\r\nINFO: Unknown request URI: /v1/projects/demo-mitutora/databases/(default)/documents?pageSize=1\r\nOct 03, 2026 10:40:07 PM io.gapi.emulators.netty.NotFoundHandler handleRequest\r\nINFO: Unknown request URI: /v1/projects/demo-mitutora/databases/(default)/documents?pageSize=1\r\nOct 03, 2026 10:40:07 PM io.gapi.emulators.netty.NotFoundHandler handleRequest\r\nINFO: Unknown request URI: /v1/projects/demo-mitutora/databases/(default)/documents?pageSize=1\r\nOct 03, 2026 10:40:07 PM io.gapi.emulators.netty.NotFoundHandler handleRequest\r\nINFO: Unknown request URI: /v1/projects/demo-mitutora/databases/(default)/documents?pageSize=1\r\nOct 03, 2026 10:40:07 PM io.gapi.emulators.netty.NotFoundHandler handleRequest\r\nINFO: Unknown request URI: /v1/projects/demo-mitutora/databases/(default)/documents?pageSize=1\r\nOct 03, 2026 10:40:08 PM io.gapi.emulators.netty.NotFoundHandler handleRequest\r\nINFO: Unknown request URI: /v1/projects/demo-mitutora/databases/(default)/documents?pageSize=1\r\nOct 03, 2026 10:40:08 PM io.gapi.emulators.netty.NotFoundHandler handleRequest\r\nINFO: Unknown request URI: /v1/projects/demo-mitutora/databases/(default)/documents?pageSize=1\r\nOct 03, 2026 10:40:08 PM io.gapi.emulators.netty.NotFoundHandler handleRequest\r\nINFO: Unknown request URI: /v1/projects/demo-mitutora/databases/(default)/documents?pageSize=1\r\nOct 03, 2026 10:40:08 PM io.gapi.emulators.netty.NotFoundHandler handleRequest\r\nINFO: Unknown request URI: /v1/projects/demo-mitutora/databases/(default)/documents?pageSize=1\r\nOct 03, 2026 10:40:09 PM io.gapi.emulators.netty.NotFoundHandler handleRequest\r\nINFO: Unknown request URI: /v1/projects/demo-mitutora/databases/(default)/documents?pageSize=1\r\nOct 03, 2026 10:40:09 PM io.gapi.emulators.netty.NotFoundHandler handleRequest\r\nINFO: Unknown request URI: /v1/projects/demo-mitutora/databases/(default)/documents?pageSize=1\r\nOct 03, 2026 10:40:09 PM io.gapi.emulators.netty.NotFoundHandler handleRequest\r\nINFO: Unknown request URI: /v1/projects/demo-mitutora/databases/(default)/documents?pageSize=1\r\nOct 03, 2026 10:40:10 PM io.gapi.emulators.netty.NotFoundHandler handleRequest\r\nINFO: Unknown request URI: /v1/projects/demo-mitutora/databases/(default)/documents?pageSize=1\r\nOct 03, 2026 10:40:10 PM io.gapi.emulators.netty.NotFoundHandler handleRequest\r\nINFO: Unknown request URI: /v1/projects/demo-mitutora/databases/(default)/documents?pageSize=1\r\nOct 03, 2026 10:40:10 PM io.gapi.emulators.netty.NotFoundHandler handleRequest\r\nINFO: Unknown request URI: /v1/projects/demo-mitutora/databases/(default)/documents?pageSize=1\r\nOct 03, 2026 10:40:10 PM io.gapi.emulators.netty.NotFoundHandler handleRequest\r\nINFO: Unknown request URI: /v1/projects/demo-mitutora/databases/(default)/documents?pageSize=1\r\nOct 03, 2026 10:40:11 PM io.gapi.emulators.netty.NotFoundHandler handleRequest\r\nINFO: Unknown request URI: /v1/projects/demo-mitutora/databases/(default)/documents?pageSize=1\r\nOct 03, 2026 10:40:11 PM io.gapi.emulators.netty.NotFoundHandler handleRequest\r\nINFO: Unknown request URI: /v1/projects/demo-mitutora/databases/(default)/documents?pageSize=1\r\nOct 03, 2026 10:40:11 PM io.gapi.emulators.netty.NotFoundHandler handleRequest\r\nINFO: Unknown request URI: /v1/projects/demo-mitutora/databases/(default)/documents?pageSize=1\r\nOct 03, 2026 10:40:11 PM io.gapi.emulators.netty.NotFoundHandler handleRequest\r\nINFO: Unknown request URI: /v1/projects/demo-mitutora/databases/(default)/documents?pageSize=1\r\nOct 03, 2026 10:40:12 PM io.gapi.emulators.netty.NotFoundHandler handleRequest\r\nINFO: Unknown request URI: /v1/projects/demo-mitutora/databases/(default)/documents?pageSize=1\r\nOct 03, 2026 10:40:12 PM io.gapi.emulators.netty.NotFoundHandler handleRequest\r\nINFO: Unknown request URI: /v1/projects/demo-mitutora/databases/(default)/documents?pageSize=1\r\nOct 03, 2026 10:40:12 PM io.gapi.emulators.netty.NotFoundHandler handleRequest\r\nINFO: Unknown request URI: /v1/projects/demo-mitutora/databases/(default)/documents?pageSize=1\r\nOct 03, 2026 10:40:12 PM io.gapi.emulators.netty.NotFoundHandler handleRequest\r\nINFO: Unknown request URI: /v1/projects/demo-mitutora/databases/(default)/documents?pageSize=1\r\nOct 03, 2026 10:40:13 PM io.gapi.emulators.netty.NotFoundHandler handleRequest\r\nINFO: Unknown request URI: /v1/projects/demo-mitutora/databases/(default)/documents?pageSize=1\r\nOct 03, 2026 10:40:13 PM io.gapi.emulators.netty.NotFoundHandler handleRequest\r\nINFO: Unknown request URI: /v1/projects/demo-mitutora/databases/(default)/documents?pageSize=1\r\nOct 03, 2026 10:40:13 PM io.gapi.emulators.netty.NotFoundHandler handleRequest\r\nINFO: Unknown request URI: /v1/projects/demo-mitutora/databases/(default)/documents?pageSize=1\r\nOct 03, 2026 10:40:13 PM io.gapi.emulators.netty.NotFoundHandler handleRequest\r\nINFO: Unknown request URI: /v1/projects/demo-mitutora/databases/(default)/documents?pageSize=1\r\nOct 03, 2026 10:40:14 PM io.gapi.emulators.netty.NotFoundHandler handleRequest\r\nINFO: Unknown request URI: /v1/projects/demo-mitutora/databases/(default)/documents?pageSize=1\r\nOct 03, 2026 10:40:14 PM io.gapi.emulators.netty.NotFoundHandler handleRequest\r\nINFO: Unknown request URI: /v1/projects/demo-mitutora/databases/(default)/documents?pageSize=1\r\nOct 03, 2026 10:40:14 PM io.gapi.emulators.netty.NotFoundHandler handleRequest\r\nINFO: Unknown request URI: /v1/projects/demo-mitutora/databases/(default)/documents?pageSize=1\r\nOct 03, 2026 10:40:15 PM io.gapi.emulators.netty.NotFoundHandler handleRequest\r\nINFO: Unknown request URI: /v1/projects/demo-mitutora/databases/(default)/documents?pageSize=1\r\nOct 03, 2026 10:40:15 PM io.gapi.emulators.netty.NotFoundHandler handleRequest\r\nINFO: Unknown request URI: /v1/projects/demo-mitutora/databases/(default)/documents?pageSize=1\r\nOct 03, 2026 10:40:15 PM io.gapi.emulators.netty.NotFoundHandler handleRequest\r\nINFO: Unknown request URI: /v1/projects/demo-mitutora/databases/(default)/documents?pageSize=1\r\n"}}
[warn] !  emulators: The Emulator UI is not starting because none of the running emulators have a UI component. {"metadata":{"emulator":{"name":"hub"},"message":"The Emulator UI is not starting because none of the running emulators have a UI component."}}
[debug] [2026-10-03T17:10:15.643Z] Could not find VSCode notification endpoint: TypeError: fetch failed. If you are not running the Firebase SQL Connect VSCode extension, this is expected and not an issue.
[info] 
┌─────────────────────────────────────────────────────────────┐
│ ✔  All emulators ready! It is now safe to connect your app. │
└─────────────────────────────────────────────────────────────┘

┌────────────────┬────────────────┐
│ Emulator       │ Host:Port      │
├────────────────┼────────────────┤
│ Authentication │ 127.0.0.1:9099 │
├────────────────┼────────────────┤
│ Firestore      │ 127.0.0.1:8080 │
└────────────────┴────────────────┘
  Emulator Hub host: 127.0.0.1 port: 4400
  Other reserved ports: 4500, 9150

Issues? Report them at https://github.com/firebase/firebase-tools/issues and attach the *-debug.log files.
 
[debug] [2026-10-03T17:10:15.816Z] Oct 03, 2026 10:40:15 PM io.gapi.emulators.netty.NotFoundHandler handleRequest
INFO: Unknown request URI: /v1/projects/demo-mitutora/databases/(default)/documents?pageSize=1
 {"metadata":{"emulator":{"name":"firestore"},"message":"Oct 03, 2026 10:40:15 PM io.gapi.emulators.netty.NotFoundHandler handleRequest\r\nINFO: Unknown request URI: /v1/projects/demo-mitutora/databases/(default)/documents?pageSize=1\r\n"}}
[debug] [2026-10-03T17:12:04.251Z] Oct 03, 2026 10:42:04 PM io.gapi.emulators.netty.HttpVersionRoutingHandler channelRead
INFO: Detected HTTP/2 connection.
 {"metadata":{"emulator":{"name":"firestore"},"message":"Oct 03, 2026 10:42:04 PM io.gapi.emulators.netty.HttpVersionRoutingHandler channelRead\r\nINFO: Detected HTTP/2 connection.\r\n"}}
[debug] [2026-10-03T17:12:10.979Z] Oct 03, 2026 10:42:10 PM io.gapi.emulators.netty.HttpVersionRoutingHandler channelRead
INFO: Detected non-HTTP/2 connection.
 {"metadata":{"emulator":{"name":"firestore"},"message":"Oct 03, 2026 10:42:10 PM io.gapi.emulators.netty.HttpVersionRoutingHandler channelRead\r\nINFO: Detected non-HTTP/2 connection.\r\n"}}
[debug] [2026-10-03T17:12:12.358Z] Oct 03, 2026 10:42:12 PM io.gapi.emulators.netty.HttpVersionRoutingHandler channelRead
INFO: Detected non-HTTP/2 connection.
 {"metadata":{"emulator":{"name":"firestore"},"message":"Oct 03, 2026 10:42:12 PM io.gapi.emulators.netty.HttpVersionRoutingHandler channelRead\r\nINFO: Detected non-HTTP/2 connection.\r\n"}}
[debug] [2026-10-03T17:12:12.407Z] Oct 03, 2026 10:42:12 PM io.gapi.emulators.netty.HttpVersionRoutingHandler channelRead
INFO: Detected non-HTTP/2 connection.
 {"metadata":{"emulator":{"name":"firestore"},"message":"Oct 03, 2026 10:42:12 PM io.gapi.emulators.netty.HttpVersionRoutingHandler channelRead\r\nINFO: Detected non-HTTP/2 connection.\r\n"}}
[debug] [2026-10-03T17:12:12.413Z] Oct 03, 2026 10:42:12 PM io.gapi.emulators.netty.HttpVersionRoutingHandler channelRead
INFO: Detected non-HTTP/2 connection.
 {"metadata":{"emulator":{"name":"firestore"},"message":"Oct 03, 2026 10:42:12 PM io.gapi.emulators.netty.HttpVersionRoutingHandler channelRead\r\nINFO: Detected non-HTTP/2 connection.\r\n"}}
[debug] [2026-10-03T17:12:12.477Z] Oct 03, 2026 10:42:12 PM io.gapi.emulators.netty.HttpVersionRoutingHandler channelRead
INFO: Detected non-HTTP/2 connection.
 {"metadata":{"emulator":{"name":"firestore"},"message":"Oct 03, 2026 10:42:12 PM io.gapi.emulators.netty.HttpVersionRoutingHandler channelRead\r\nINFO: Detected non-HTTP/2 connection.\r\n"}}
[debug] [2026-10-03T17:12:12.496Z] Oct 03, 2026 10:42:12 PM io.gapi.emulators.netty.HttpVersionRoutingHandler channelRead
INFO: Detected non-HTTP/2 connection.
 {"metadata":{"emulator":{"name":"firestore"},"message":"Oct 03, 2026 10:42:12 PM io.gapi.emulators.netty.HttpVersionRoutingHandler channelRead\r\nINFO: Detected non-HTTP/2 connection.\r\n"}}
[debug] [2026-10-03T17:12:12.761Z] Oct 03, 2026 10:42:12 PM io.gapi.emulators.netty.HttpVersionRoutingHandler channelRead
INFO: Detected non-HTTP/2 connection.
 {"metadata":{"emulator":{"name":"firestore"},"message":"Oct 03, 2026 10:42:12 PM io.gapi.emulators.netty.HttpVersionRoutingHandler channelRead\r\nINFO: Detected non-HTTP/2 connection.\r\n"}}
[debug] [2026-10-03T17:12:12.814Z] Oct 03, 2026 10:42:12 PM io.gapi.emulators.netty.HttpVersionRoutingHandler channelRead
INFO: Detected non-HTTP/2 connection.
 {"metadata":{"emulator":{"name":"firestore"},"message":"Oct 03, 2026 10:42:12 PM io.gapi.emulators.netty.HttpVersionRoutingHandler channelRead\r\nINFO: Detected non-HTTP/2 connection.\r\n"}}
[debug] [2026-10-03T17:12:12.856Z] Oct 03, 2026 10:42:12 PM io.gapi.emulators.netty.HttpVersionRoutingHandler channelRead
INFO: Detected non-HTTP/2 connection.
 {"metadata":{"emulator":{"name":"firestore"},"message":"Oct 03, 2026 10:42:12 PM io.gapi.emulators.netty.HttpVersionRoutingHandler channelRead\r\nINFO: Detected non-HTTP/2 connection.\r\n"}}
[debug] [2026-10-03T17:12:12.910Z] Oct 03, 2026 10:42:12 PM io.gapi.emulators.netty.HttpVersionRoutingHandler channelRead
INFO: Detected non-HTTP/2 connection.
 {"metadata":{"emulator":{"name":"firestore"},"message":"Oct 03, 2026 10:42:12 PM io.gapi.emulators.netty.HttpVersionRoutingHandler channelRead\r\nINFO: Detected non-HTTP/2 connection.\r\n"}}
[debug] [2026-10-03T17:12:12.911Z] Oct 03, 2026 10:42:12 PM io.gapi.emulators.netty.HttpVersionRoutingHandler channelRead
INFO: Detected non-HTTP/2 connection.
 {"metadata":{"emulator":{"name":"firestore"},"message":"Oct 03, 2026 10:42:12 PM io.gapi.emulators.netty.HttpVersionRoutingHandler channelRead\r\nINFO: Detected non-HTTP/2 connection.\r\n"}}
[debug] [2026-10-03T17:12:13.000Z] Oct 03, 2026 10:42:12 PM io.gapi.emulators.netty.HttpVersionRoutingHandler channelRead
INFO: Detected non-HTTP/2 connection.
 {"metadata":{"emulator":{"name":"firestore"},"message":"Oct 03, 2026 10:42:12 PM io.gapi.emulators.netty.HttpVersionRoutingHandler channelRead\r\nINFO: Detected non-HTTP/2 connection.\r\n"}}
[debug] [2026-10-03T17:12:13.058Z] Oct 03, 2026 10:42:13 PM io.gapi.emulators.netty.HttpVersionRoutingHandler channelRead
INFO: Detected non-HTTP/2 connection.
 {"metadata":{"emulator":{"name":"firestore"},"message":"Oct 03, 2026 10:42:13 PM io.gapi.emulators.netty.HttpVersionRoutingHandler channelRead\r\nINFO: Detected non-HTTP/2 connection.\r\n"}}
[debug] [2026-10-03T17:12:13.146Z] Oct 03, 2026 10:42:13 PM io.gapi.emulators.netty.HttpVersionRoutingHandler channelRead
INFO: Detected non-HTTP/2 connection.
 {"metadata":{"emulator":{"name":"firestore"},"message":"Oct 03, 2026 10:42:13 PM io.gapi.emulators.netty.HttpVersionRoutingHandler channelRead\r\nINFO: Detected non-HTTP/2 connection.\r\n"}}
[debug] [2026-10-03T17:12:13.267Z] Oct 03, 2026 10:42:13 PM io.gapi.emulators.netty.HttpVersionRoutingHandler channelRead
INFO: Detected non-HTTP/2 connection.
 {"metadata":{"emulator":{"name":"firestore"},"message":"Oct 03, 2026 10:42:13 PM io.gapi.emulators.netty.HttpVersionRoutingHandler channelRead\r\nINFO: Detected non-HTTP/2 connection.\r\n"}}
[debug] [2026-10-03T17:12:13.759Z] Oct 03, 2026 10:42:13 PM io.gapi.emulators.netty.HttpVersionRoutingHandler channelRead
INFO: Detected non-HTTP/2 connection.
 {"metadata":{"emulator":{"name":"firestore"},"message":"Oct 03, 2026 10:42:13 PM io.gapi.emulators.netty.HttpVersionRoutingHandler channelRead\r\nINFO: Detected non-HTTP/2 connection.\r\n"}}
[debug] [2026-10-03T17:12:13.761Z] Oct 03, 2026 10:42:13 PM io.gapi.emulators.netty.HttpVersionRoutingHandler channelRead
INFO: Detected non-HTTP/2 connection.
 {"metadata":{"emulator":{"name":"firestore"},"message":"Oct 03, 2026 10:42:13 PM io.gapi.emulators.netty.HttpVersionRoutingHandler channelRead\r\nINFO: Detected non-HTTP/2 connection.\r\n"}}
[debug] [2026-10-03T17:12:13.765Z] Oct 03, 2026 10:42:13 PM io.gapi.emulators.netty.HttpVersionRoutingHandler channelRead
INFO: Detected non-HTTP/2 connection.
Oct 03, 2026 10:42:13 PM io.gapi.emulators.netty.HttpVersionRoutingHandler channelRead
INFO: Detected non-HTTP/2 connection.
 {"metadata":{"emulator":{"name":"firestore"},"message":"Oct 03, 2026 10:42:13 PM io.gapi.emulators.netty.HttpVersionRoutingHandler channelRead\r\nINFO: Detected non-HTTP/2 connection.\r\nOct 03, 2026 10:42:13 PM io.gapi.emulators.netty.HttpVersionRoutingHandler channelRead\r\nINFO: Detected non-HTTP/2 connection.\r\n"}}
[debug] [2026-10-03T17:12:13.784Z] Oct 03, 2026 10:42:13 PM io.gapi.emulators.netty.HttpVersionRoutingHandler channelRead
INFO: Detected non-HTTP/2 connection.
 {"metadata":{"emulator":{"name":"firestore"},"message":"Oct 03, 2026 10:42:13 PM io.gapi.emulators.netty.HttpVersionRoutingHandler channelRead\r\nINFO: Detected non-HTTP/2 connection.\r\n"}}
[debug] [2026-10-03T17:12:13.785Z] Oct 03, 2026 10:42:13 PM io.gapi.emulators.netty.HttpVersionRoutingHandler channelRead
INFO: Detected non-HTTP/2 connection.
Oct 03, 2026 10:42:13 PM io.gapi.emulators.netty.HttpVersionRoutingHandler channelRead
INFO: Detected non-HTTP/2 connection.
 {"metadata":{"emulator":{"name":"firestore"},"message":"Oct 03, 2026 10:42:13 PM io.gapi.emulators.netty.HttpVersionRoutingHandler channelRead\r\nINFO: Detected non-HTTP/2 connection.\r\nOct 03, 2026 10:42:13 PM io.gapi.emulators.netty.HttpVersionRoutingHandler channelRead\r\nINFO: Detected non-HTTP/2 connection.\r\n"}}
[debug] [2026-10-03T17:12:13.987Z] Oct 03, 2026 10:42:13 PM io.gapi.emulators.netty.HttpVersionRoutingHandler channelRead
INFO: Detected non-HTTP/2 connection.
 {"metadata":{"emulator":{"name":"firestore"},"message":"Oct 03, 2026 10:42:13 PM io.gapi.emulators.netty.HttpVersionRoutingHandler channelRead\r\nINFO: Detected non-HTTP/2 connection.\r\n"}}
[debug] [2026-10-03T17:12:14.053Z] Oct 03, 2026 10:42:14 PM io.gapi.emulators.netty.HttpVersionRoutingHandler channelRead
INFO: Detected HTTP/2 connection.
 {"metadata":{"emulator":{"name":"firestore"},"message":"Oct 03, 2026 10:42:14 PM io.gapi.emulators.netty.HttpVersionRoutingHandler channelRead\r\nINFO: Detected HTTP/2 connection.\r\n"}}
[debug] [2026-10-03T17:12:14.630Z] Oct 03, 2026 10:42:14 PM io.gapi.emulators.netty.HttpVersionRoutingHandler channelRead
INFO: Detected non-HTTP/2 connection.
 {"metadata":{"emulator":{"name":"firestore"},"message":"Oct 03, 2026 10:42:14 PM io.gapi.emulators.netty.HttpVersionRoutingHandler channelRead\r\nINFO: Detected non-HTTP/2 connection.\r\n"}}
[debug] [2026-10-03T17:12:16.500Z] Oct 03, 2026 10:42:16 PM io.netty.channel.DefaultChannelPipeline onUnhandledInboundException
WARNING: An exceptionCaught() event was fired, and it reached at the tail of the pipeline. It usually means the last handler in the pipeline did not handle the exception.
java.net.SocketException: Connection reset
	at java.base/sun.nio.ch.SocketChannelImpl.throwConnectionReset(Unknown Source)
	at java.base/sun.nio.ch.SocketChannelImpl.read(Unknown Source)
	at io.netty.buffer.PooledByteBuf.setBytes(PooledByteBuf.java:255)
	at io.netty.buffer.AbstractByteBuf.writeBytes(AbstractByteBuf.java:1132)
	at io.netty.channel.socket.nio.NioSocketChannel.doReadBytes(NioSocketChannel.java:356)
	at io.netty.channel.nio.AbstractNioByteChannel$NioByteUnsafe.read(AbstractNioByteChannel.java:156)
	at io.netty.channel.nio.NioEventLoop.processSelectedKey(NioEventLoop.java:796)
	at io.netty.channel.nio.NioEventLoop.processSelectedKeysOptimized(NioEventLoop.java:732)
	at io.netty.channel.nio.NioEventLoop.processSelectedKeys(NioEventLoop.java:658)
	at io.netty.channel.nio.NioEventLoop.run(NioEventLoop.java:562)
	at io.netty.util.concurrent.SingleThreadEventExecutor$4.run(SingleThreadEventExecutor.java:998)
	at io.netty.util.internal.ThreadExecutorMap$2.run(ThreadExecutorMap.java:74)
	at io.netty.util.concurrent.FastThreadLocalRunnable.run(FastThreadLocalRunnable.java:30)
	at java.base/java.lang.Thread.run(Unknown Source)

 {"metadata":{"emulator":{"name":"firestore"},"message":"Oct 03, 2026 10:42:16 PM io.netty.channel.DefaultChannelPipeline onUnhandledInboundException\r\nWARNING: An exceptionCaught() event was fired, and it reached at the tail of the pipeline. It usually means the last handler in the pipeline did not handle the exception.\r\njava.net.SocketException: Connection reset\r\n\tat java.base/sun.nio.ch.SocketChannelImpl.throwConnectionReset(Unknown Source)\r\n\tat java.base/sun.nio.ch.SocketChannelImpl.read(Unknown Source)\r\n\tat io.netty.buffer.PooledByteBuf.setBytes(PooledByteBuf.java:255)\r\n\tat io.netty.buffer.AbstractByteBuf.writeBytes(AbstractByteBuf.java:1132)\r\n\tat io.netty.channel.socket.nio.NioSocketChannel.doReadBytes(NioSocketChannel.java:356)\r\n\tat io.netty.channel.nio.AbstractNioByteChannel$NioByteUnsafe.read(AbstractNioByteChannel.java:156)\r\n\tat io.netty.channel.nio.NioEventLoop.processSelectedKey(NioEventLoop.java:796)\r\n\tat io.netty.channel.nio.NioEventLoop.processSelectedKeysOptimized(NioEventLoop.java:732)\r\n\tat io.netty.channel.nio.NioEventLoop.processSelectedKeys(NioEventLoop.java:658)\r\n\tat io.netty.channel.nio.NioEventLoop.run(NioEventLoop.java:562)\r\n\tat io.netty.util.concurrent.SingleThreadEventExecutor$4.run(SingleThreadEventExecutor.java:998)\r\n\tat io.netty.util.internal.ThreadExecutorMap$2.run(ThreadExecutorMap.java:74)\r\n\tat io.netty.util.concurrent.FastThreadLocalRunnable.run(FastThreadLocalRunnable.java:30)\r\n\tat java.base/java.lang.Thread.run(Unknown Source)\r\n\r\n"}}
[debug] [2026-10-03T17:12:18.909Z] Oct 03, 2026 10:42:18 PM io.gapi.emulators.netty.HttpVersionRoutingHandler channelRead
INFO: Detected HTTP/2 connection.
 {"metadata":{"emulator":{"name":"firestore"},"message":"Oct 03, 2026 10:42:18 PM io.gapi.emulators.netty.HttpVersionRoutingHandler channelRead\r\nINFO: Detected HTTP/2 connection.\r\n"}}
[debug] [2026-10-03T17:12:19.630Z] Oct 03, 2026 10:42:19 PM io.gapi.emulators.netty.HttpVersionRoutingHandler channelRead
INFO: Detected non-HTTP/2 connection.
 {"metadata":{"emulator":{"name":"firestore"},"message":"Oct 03, 2026 10:42:19 PM io.gapi.emulators.netty.HttpVersionRoutingHandler channelRead\r\nINFO: Detected non-HTTP/2 connection.\r\n"}}
[debug] [2026-10-03T17:12:19.689Z] Oct 03, 2026 10:42:19 PM io.gapi.emulators.netty.HttpVersionRoutingHandler channelRead
INFO: Detected non-HTTP/2 connection.
 {"metadata":{"emulator":{"name":"firestore"},"message":"Oct 03, 2026 10:42:19 PM io.gapi.emulators.netty.HttpVersionRoutingHandler channelRead\r\nINFO: Detected non-HTTP/2 connection.\r\n"}}
[debug] [2026-10-03T17:12:19.731Z] Oct 03, 2026 10:42:19 PM io.gapi.emulators.netty.HttpVersionRoutingHandler channelRead
INFO: Detected non-HTTP/2 connection.
 {"metadata":{"emulator":{"name":"firestore"},"message":"Oct 03, 2026 10:42:19 PM io.gapi.emulators.netty.HttpVersionRoutingHandler channelRead\r\nINFO: Detected non-HTTP/2 connection.\r\n"}}
[debug] [2026-10-03T17:12:19.742Z] Oct 03, 2026 10:42:19 PM io.gapi.emulators.netty.HttpVersionRoutingHandler channelRead
INFO: Detected non-HTTP/2 connection.
 {"metadata":{"emulator":{"name":"firestore"},"message":"Oct 03, 2026 10:42:19 PM io.gapi.emulators.netty.HttpVersionRoutingHandler channelRead\r\nINFO: Detected non-HTTP/2 connection.\r\n"}}
[debug] [2026-10-03T17:12:19.778Z] Oct 03, 2026 10:42:19 PM io.gapi.emulators.netty.HttpVersionRoutingHandler channelRead
INFO: Detected non-HTTP/2 connection.
 {"metadata":{"emulator":{"name":"firestore"},"message":"Oct 03, 2026 10:42:19 PM io.gapi.emulators.netty.HttpVersionRoutingHandler channelRead\r\nINFO: Detected non-HTTP/2 connection.\r\n"}}
[debug] [2026-10-03T17:12:19.801Z] Oct 03, 2026 10:42:19 PM io.gapi.emulators.netty.HttpVersionRoutingHandler channelRead
INFO: Detected non-HTTP/2 connection.
 {"metadata":{"emulator":{"name":"firestore"},"message":"Oct 03, 2026 10:42:19 PM io.gapi.emulators.netty.HttpVersionRoutingHandler channelRead\r\nINFO: Detected non-HTTP/2 connection.\r\n"}}
[debug] [2026-10-03T17:12:19.864Z] Oct 03, 2026 10:42:19 PM io.gapi.emulators.netty.HttpVersionRoutingHandler channelRead
INFO: Detected non-HTTP/2 connection.
 {"metadata":{"emulator":{"name":"firestore"},"message":"Oct 03, 2026 10:42:19 PM io.gapi.emulators.netty.HttpVersionRoutingHandler channelRead\r\nINFO: Detected non-HTTP/2 connection.\r\n"}}
[debug] [2026-10-03T17:12:19.893Z] Oct 03, 2026 10:42:19 PM io.gapi.emulators.netty.HttpVersionRoutingHandler channelRead
INFO: Detected non-HTTP/2 connection.
 {"metadata":{"emulator":{"name":"firestore"},"message":"Oct 03, 2026 10:42:19 PM io.gapi.emulators.netty.HttpVersionRoutingHandler channelRead\r\nINFO: Detected non-HTTP/2 connection.\r\n"}}
[debug] [2026-10-03T17:12:19.918Z] Oct 03, 2026 10:42:19 PM io.gapi.emulators.netty.HttpVersionRoutingHandler channelRead
INFO: Detected non-HTTP/2 connection.
 {"metadata":{"emulator":{"name":"firestore"},"message":"Oct 03, 2026 10:42:19 PM io.gapi.emulators.netty.HttpVersionRoutingHandler channelRead\r\nINFO: Detected non-HTTP/2 connection.\r\n"}}
[debug] [2026-10-03T17:12:19.965Z] Oct 03, 2026 10:42:19 PM io.gapi.emulators.netty.HttpVersionRoutingHandler channelRead
INFO: Detected non-HTTP/2 connection.
 {"metadata":{"emulator":{"name":"firestore"},"message":"Oct 03, 2026 10:42:19 PM io.gapi.emulators.netty.HttpVersionRoutingHandler channelRead\r\nINFO: Detected non-HTTP/2 connection.\r\n"}}
[debug] [2026-10-03T17:12:19.979Z] Oct 03, 2026 10:42:19 PM io.gapi.emulators.netty.HttpVersionRoutingHandler channelRead
INFO: Detected non-HTTP/2 connection.
 {"metadata":{"emulator":{"name":"firestore"},"message":"Oct 03, 2026 10:42:19 PM io.gapi.emulators.netty.HttpVersionRoutingHandler channelRead\r\nINFO: Detected non-HTTP/2 connection.\r\n"}}
[debug] [2026-10-03T17:12:20.043Z] Oct 03, 2026 10:42:20 PM io.gapi.emulators.netty.HttpVersionRoutingHandler channelRead
INFO: Detected non-HTTP/2 connection.
 {"metadata":{"emulator":{"name":"firestore"},"message":"Oct 03, 2026 10:42:20 PM io.gapi.emulators.netty.HttpVersionRoutingHandler channelRead\r\nINFO: Detected non-HTTP/2 connection.\r\n"}}
[debug] [2026-10-03T17:12:20.088Z] Oct 03, 2026 10:42:20 PM io.gapi.emulators.netty.HttpVersionRoutingHandler channelRead
INFO: Detected non-HTTP/2 connection.
 {"metadata":{"emulator":{"name":"firestore"},"message":"Oct 03, 2026 10:42:20 PM io.gapi.emulators.netty.HttpVersionRoutingHandler channelRead\r\nINFO: Detected non-HTTP/2 connection.\r\n"}}
[debug] [2026-10-03T17:12:20.148Z] Oct 03, 2026 10:42:20 PM io.gapi.emulators.netty.HttpVersionRoutingHandler channelRead
INFO: Detected non-HTTP/2 connection.
 {"metadata":{"emulator":{"name":"firestore"},"message":"Oct 03, 2026 10:42:20 PM io.gapi.emulators.netty.HttpVersionRoutingHandler channelRead\r\nINFO: Detected non-HTTP/2 connection.\r\n"}}
[debug] [2026-10-03T17:12:20.198Z] Oct 03, 2026 10:42:20 PM io.gapi.emulators.netty.HttpVersionRoutingHandler channelRead
INFO: Detected non-HTTP/2 connection.
 {"metadata":{"emulator":{"name":"firestore"},"message":"Oct 03, 2026 10:42:20 PM io.gapi.emulators.netty.HttpVersionRoutingHandler channelRead\r\nINFO: Detected non-HTTP/2 connection.\r\n"}}
[debug] [2026-10-03T17:12:20.280Z] Oct 03, 2026 10:42:20 PM io.gapi.emulators.netty.HttpVersionRoutingHandler channelRead
INFO: Detected non-HTTP/2 connection.
 {"metadata":{"emulator":{"name":"firestore"},"message":"Oct 03, 2026 10:42:20 PM io.gapi.emulators.netty.HttpVersionRoutingHandler channelRead\r\nINFO: Detected non-HTTP/2 connection.\r\n"}}
[debug] [2026-10-03T17:12:20.303Z] Oct 03, 2026 10:42:20 PM io.gapi.emulators.netty.HttpVersionRoutingHandler channelRead
INFO: Detected non-HTTP/2 connection.
 {"metadata":{"emulator":{"name":"firestore"},"message":"Oct 03, 2026 10:42:20 PM io.gapi.emulators.netty.HttpVersionRoutingHandler channelRead\r\nINFO: Detected non-HTTP/2 connection.\r\n"}}
[debug] [2026-10-03T17:12:20.334Z] Oct 03, 2026 10:42:20 PM io.gapi.emulators.netty.HttpVersionRoutingHandler channelRead
INFO: Detected non-HTTP/2 connection.
 {"metadata":{"emulator":{"name":"firestore"},"message":"Oct 03, 2026 10:42:20 PM io.gapi.emulators.netty.HttpVersionRoutingHandler channelRead\r\nINFO: Detected non-HTTP/2 connection.\r\n"}}
[debug] [2026-10-03T17:12:20.749Z] Oct 03, 2026 10:42:20 PM io.gapi.emulators.netty.HttpVersionRoutingHandler channelRead
INFO: Detected non-HTTP/2 connection.
 {"metadata":{"emulator":{"name":"firestore"},"message":"Oct 03, 2026 10:42:20 PM io.gapi.emulators.netty.HttpVersionRoutingHandler channelRead\r\nINFO: Detected non-HTTP/2 connection.\r\n"}}
[debug] [2026-10-03T17:12:20.764Z] Oct 03, 2026 10:42:20 PM io.gapi.emulators.netty.HttpVersionRoutingHandler channelRead
INFO: Detected non-HTTP/2 connection.
Oct 03, 2026 10:42:20 PM io.gapi.emulators.netty.HttpVersionRoutingHandler channelRead
INFO: Detected non-HTTP/2 connection.
 {"metadata":{"emulator":{"name":"firestore"},"message":"Oct 03, 2026 10:42:20 PM io.gapi.emulators.netty.HttpVersionRoutingHandler channelRead\r\nINFO: Detected non-HTTP/2 connection.\r\nOct 03, 2026 10:42:20 PM io.gapi.emulators.netty.HttpVersionRoutingHandler channelRead\r\nINFO: Detected non-HTTP/2 connection.\r\n"}}
[debug] [2026-10-03T17:12:20.780Z] Oct 03, 2026 10:42:20 PM io.gapi.emulators.netty.HttpVersionRoutingHandler channelRead
INFO: Detected non-HTTP/2 connection.
Oct 03, 2026 10:42:20 PM io.gapi.emulators.netty.HttpVersionRoutingHandler channelRead
INFO: Detected non-HTTP/2 connection.
Oct 03, 2026 10:42:20 PM io.gapi.emulators.netty.HttpVersionRoutingHandler channelRead
INFO: Detected non-HTTP/2 connection.
Oct 03, 2026 10:42:20 PM io.gapi.emulators.netty.HttpVersionRoutingHandler channelRead
INFO: Detected non-HTTP/2 connection.
Oct 03, 2026 10:42:20 PM io.gapi.emulators.netty.HttpVersionRoutingHandler channelRead
INFO: Detected non-HTTP/2 connection.
 {"metadata":{"emulator":{"name":"firestore"},"message":"Oct 03, 2026 10:42:20 PM io.gapi.emulators.netty.HttpVersionRoutingHandler channelRead\r\nINFO: Detected non-HTTP/2 connection.\r\nOct 03, 2026 10:42:20 PM io.gapi.emulators.netty.HttpVersionRoutingHandler channelRead\r\nINFO: Detected non-HTTP/2 connection.\r\nOct 03, 2026 10:42:20 PM io.gapi.emulators.netty.HttpVersionRoutingHandler channelRead\r\nINFO: Detected non-HTTP/2 connection.\r\nOct 03, 2026 10:42:20 PM io.gapi.emulators.netty.HttpVersionRoutingHandler channelRead\r\nINFO: Detected non-HTTP/2 connection.\r\nOct 03, 2026 10:42:20 PM io.gapi.emulators.netty.HttpVersionRoutingHandler channelRead\r\nINFO: Detected non-HTTP/2 connection.\r\n"}}
[debug] [2026-10-03T17:12:22.664Z] Oct 03, 2026 10:42:22 PM io.netty.channel.DefaultChannelPipeline onUnhandledInboundException
WARNING: An exceptionCaught() event was fired, and it reached at the tail of the pipeline. It usually means the last handler in the pipeline did not handle the exception.
java.net.SocketException: Connection reset
	at java.base/sun.nio.ch.SocketChannelImpl.throwConnectionReset(Unknown Source)
	at java.base/sun.nio.ch.SocketChannelImpl.read(Unknown Source)
	at io.netty.buffer.PooledByteBuf.setBytes(PooledByteBuf.java:255)
	at io.netty.buffer.AbstractByteBuf.writeBytes(AbstractByteBuf.java:1132)
	at io.netty.channel.socket.nio.NioSocketChannel.doReadBytes(NioSocketChannel.java:356)
	at io.netty.channel.nio.AbstractNioByteChannel$NioByteUnsafe.read(AbstractNioByteChannel.java:156)
	at io.netty.channel.nio.NioEventLoop.processSelectedKey(NioEventLoop.java:796)
	at io.netty.channel.nio.NioEventLoop.processSelectedKeysOptimized(NioEventLoop.java:732)
	at io.netty.channel.nio.NioEventLoop.processSelectedKeys(NioEventLoop.java:658)
	at io.netty.channel.nio.NioEventLoop.run(NioEventLoop.java:562)
	at io.netty.util.concurrent.SingleThreadEventExecutor$4.run(SingleThreadEventExecutor.java:998)
	at io.netty.util.internal.ThreadExecutorMap$2.run(ThreadExecutorMap.java:74)
	at io.netty.util.concurrent.FastThreadLocalRunnable.run(FastThreadLocalRunnable.java:30)
	at java.base/java.lang.Thread.run(Unknown Source)

 {"metadata":{"emulator":{"name":"firestore"},"message":"Oct 03, 2026 10:42:22 PM io.netty.channel.DefaultChannelPipeline onUnhandledInboundException\r\nWARNING: An exceptionCaught() event was fired, and it reached at the tail of the pipeline. It usually means the last handler in the pipeline did not handle the exception.\r\njava.net.SocketException: Connection reset\r\n\tat java.base/sun.nio.ch.SocketChannelImpl.throwConnectionReset(Unknown Source)\r\n\tat java.base/sun.nio.ch.SocketChannelImpl.read(Unknown Source)\r\n\tat io.netty.buffer.PooledByteBuf.setBytes(PooledByteBuf.java:255)\r\n\tat io.netty.buffer.AbstractByteBuf.writeBytes(AbstractByteBuf.java:1132)\r\n\tat io.netty.channel.socket.nio.NioSocketChannel.doReadBytes(NioSocketChannel.java:356)\r\n\tat io.netty.channel.nio.AbstractNioByteChannel$NioByteUnsafe.read(AbstractNioByteChannel.java:156)\r\n\tat io.netty.channel.nio.NioEventLoop.processSelectedKey(NioEventLoop.java:796)\r\n\tat io.netty.channel.nio.NioEventLoop.processSelectedKeysOptimized(NioEventLoop.java:732)\r\n\tat io.netty.channel.nio.NioEventLoop.processSelectedKeys(NioEventLoop.java:658)\r\n\tat io.netty.channel.nio.NioEventLoop.run(NioEventLoop.java:562)\r\n\tat io.netty.util.concurrent.SingleThreadEventExecutor$4.run(SingleThreadEventExecutor.java:998)\r\n\tat io.netty.util.internal.ThreadExecutorMap$2.run(ThreadExecutorMap.java:74)\r\n\tat io.netty.util.concurrent.FastThreadLocalRunnable.run(FastThreadLocalRunnable.java:30)\r\n\tat java.base/java.lang.Thread.run(Unknown Source)\r\n\r\n"}}
[debug] [2026-10-03T17:12:24.716Z] Oct 03, 2026 10:42:24 PM io.gapi.emulators.netty.HttpVersionRoutingHandler channelRead
INFO: Detected HTTP/2 connection.
 {"metadata":{"emulator":{"name":"firestore"},"message":"Oct 03, 2026 10:42:24 PM io.gapi.emulators.netty.HttpVersionRoutingHandler channelRead\r\nINFO: Detected HTTP/2 connection.\r\n"}}
[debug] [2026-10-03T17:12:25.578Z] Oct 03, 2026 10:42:25 PM io.gapi.emulators.netty.HttpVersionRoutingHandler channelRead
INFO: Detected non-HTTP/2 connection.
 {"metadata":{"emulator":{"name":"firestore"},"message":"Oct 03, 2026 10:42:25 PM io.gapi.emulators.netty.HttpVersionRoutingHandler channelRead\r\nINFO: Detected non-HTTP/2 connection.\r\n"}}
[debug] [2026-10-03T17:12:25.635Z] Oct 03, 2026 10:42:25 PM io.gapi.emulators.netty.HttpVersionRoutingHandler channelRead
INFO: Detected non-HTTP/2 connection.
 {"metadata":{"emulator":{"name":"firestore"},"message":"Oct 03, 2026 10:42:25 PM io.gapi.emulators.netty.HttpVersionRoutingHandler channelRead\r\nINFO: Detected non-HTTP/2 connection.\r\n"}}
[debug] [2026-10-03T17:12:25.688Z] Oct 03, 2026 10:42:25 PM io.gapi.emulators.netty.HttpVersionRoutingHandler channelRead
INFO: Detected non-HTTP/2 connection.
 {"metadata":{"emulator":{"name":"firestore"},"message":"Oct 03, 2026 10:42:25 PM io.gapi.emulators.netty.HttpVersionRoutingHandler channelRead\r\nINFO: Detected non-HTTP/2 connection.\r\n"}}
[debug] [2026-10-03T17:12:25.700Z] Oct 03, 2026 10:42:25 PM io.gapi.emulators.netty.HttpVersionRoutingHandler channelRead
INFO: Detected non-HTTP/2 connection.
 {"metadata":{"emulator":{"name":"firestore"},"message":"Oct 03, 2026 10:42:25 PM io.gapi.emulators.netty.HttpVersionRoutingHandler channelRead\r\nINFO: Detected non-HTTP/2 connection.\r\n"}}
[debug] [2026-10-03T17:12:25.745Z] Oct 03, 2026 10:42:25 PM io.gapi.emulators.netty.HttpVersionRoutingHandler channelRead
INFO: Detected non-HTTP/2 connection.
 {"metadata":{"emulator":{"name":"firestore"},"message":"Oct 03, 2026 10:42:25 PM io.gapi.emulators.netty.HttpVersionRoutingHandler channelRead\r\nINFO: Detected non-HTTP/2 connection.\r\n"}}
[debug] [2026-10-03T17:12:25.762Z] Oct 03, 2026 10:42:25 PM io.gapi.emulators.netty.HttpVersionRoutingHandler channelRead
INFO: Detected non-HTTP/2 connection.
 {"metadata":{"emulator":{"name":"firestore"},"message":"Oct 03, 2026 10:42:25 PM io.gapi.emulators.netty.HttpVersionRoutingHandler channelRead\r\nINFO: Detected non-HTTP/2 connection.\r\n"}}
[debug] [2026-10-03T17:12:25.809Z] Oct 03, 2026 10:42:25 PM io.gapi.emulators.netty.HttpVersionRoutingHandler channelRead
INFO: Detected non-HTTP/2 connection.
 {"metadata":{"emulator":{"name":"firestore"},"message":"Oct 03, 2026 10:42:25 PM io.gapi.emulators.netty.HttpVersionRoutingHandler channelRead\r\nINFO: Detected non-HTTP/2 connection.\r\n"}}
[debug] [2026-10-03T17:12:25.833Z] Oct 03, 2026 10:42:25 PM io.gapi.emulators.netty.HttpVersionRoutingHandler channelRead
INFO: Detected non-HTTP/2 connection.
 {"metadata":{"emulator":{"name":"firestore"},"message":"Oct 03, 2026 10:42:25 PM io.gapi.emulators.netty.HttpVersionRoutingHandler channelRead\r\nINFO: Detected non-HTTP/2 connection.\r\n"}}
[debug] [2026-10-03T17:12:25.896Z] Oct 03, 2026 10:42:25 PM io.gapi.emulators.netty.HttpVersionRoutingHandler channelRead
INFO: Detected non-HTTP/2 connection.
 {"metadata":{"emulator":{"name":"firestore"},"message":"Oct 03, 2026 10:42:25 PM io.gapi.emulators.netty.HttpVersionRoutingHandler channelRead\r\nINFO: Detected non-HTTP/2 connection.\r\n"}}
[debug] [2026-10-03T17:12:25.942Z] Oct 03, 2026 10:42:25 PM io.gapi.emulators.netty.HttpVersionRoutingHandler channelRead
INFO: Detected non-HTTP/2 connection.
 {"metadata":{"emulator":{"name":"firestore"},"message":"Oct 03, 2026 10:42:25 PM io.gapi.emulators.netty.HttpVersionRoutingHandler channelRead\r\nINFO: Detected non-HTTP/2 connection.\r\n"}}
[debug] [2026-10-03T17:12:25.947Z] Oct 03, 2026 10:42:25 PM io.gapi.emulators.netty.HttpVersionRoutingHandler channelRead
INFO: Detected non-HTTP/2 connection.
 {"metadata":{"emulator":{"name":"firestore"},"message":"Oct 03, 2026 10:42:25 PM io.gapi.emulators.netty.HttpVersionRoutingHandler channelRead\r\nINFO: Detected non-HTTP/2 connection.\r\n"}}
[debug] [2026-10-03T17:12:26.032Z] Oct 03, 2026 10:42:26 PM io.gapi.emulators.netty.HttpVersionRoutingHandler channelRead
INFO: Detected non-HTTP/2 connection.
 {"metadata":{"emulator":{"name":"firestore"},"message":"Oct 03, 2026 10:42:26 PM io.gapi.emulators.netty.HttpVersionRoutingHandler channelRead\r\nINFO: Detected non-HTTP/2 connection.\r\n"}}
[debug] [2026-10-03T17:12:26.098Z] Oct 03, 2026 10:42:26 PM io.gapi.emulators.netty.HttpVersionRoutingHandler channelRead
INFO: Detected non-HTTP/2 connection.
 {"metadata":{"emulator":{"name":"firestore"},"message":"Oct 03, 2026 10:42:26 PM io.gapi.emulators.netty.HttpVersionRoutingHandler channelRead\r\nINFO: Detected non-HTTP/2 connection.\r\n"}}
[debug] [2026-10-03T17:12:26.250Z] Oct 03, 2026 10:42:26 PM io.gapi.emulators.netty.HttpVersionRoutingHandler channelRead
INFO: Detected non-HTTP/2 connection.
 {"metadata":{"emulator":{"name":"firestore"},"message":"Oct 03, 2026 10:42:26 PM io.gapi.emulators.netty.HttpVersionRoutingHandler channelRead\r\nINFO: Detected non-HTTP/2 connection.\r\n"}}
[debug] [2026-10-03T17:12:26.357Z] Oct 03, 2026 10:42:26 PM io.gapi.emulators.netty.HttpVersionRoutingHandler channelRead
INFO: Detected non-HTTP/2 connection.
 {"metadata":{"emulator":{"name":"firestore"},"message":"Oct 03, 2026 10:42:26 PM io.gapi.emulators.netty.HttpVersionRoutingHandler channelRead\r\nINFO: Detected non-HTTP/2 connection.\r\n"}}
[debug] [2026-10-03T17:12:26.549Z] Oct 03, 2026 10:42:26 PM io.gapi.emulators.netty.HttpVersionRoutingHandler channelRead
INFO: Detected non-HTTP/2 connection.
 {"metadata":{"emulator":{"name":"firestore"},"message":"Oct 03, 2026 10:42:26 PM io.gapi.emulators.netty.HttpVersionRoutingHandler channelRead\r\nINFO: Detected non-HTTP/2 connection.\r\n"}}
[debug] [2026-10-03T17:12:26.603Z] Oct 03, 2026 10:42:26 PM io.gapi.emulators.netty.HttpVersionRoutingHandler channelRead
INFO: Detected non-HTTP/2 connection.
 {"metadata":{"emulator":{"name":"firestore"},"message":"Oct 03, 2026 10:42:26 PM io.gapi.emulators.netty.HttpVersionRoutingHandler channelRead\r\nINFO: Detected non-HTTP/2 connection.\r\n"}}
[debug] [2026-10-03T17:12:26.658Z] Oct 03, 2026 10:42:26 PM io.gapi.emulators.netty.HttpVersionRoutingHandler channelRead
INFO: Detected non-HTTP/2 connection.
 {"metadata":{"emulator":{"name":"firestore"},"message":"Oct 03, 2026 10:42:26 PM io.gapi.emulators.netty.HttpVersionRoutingHandler channelRead\r\nINFO: Detected non-HTTP/2 connection.\r\n"}}
[debug] [2026-10-03T17:12:26.678Z] Oct 03, 2026 10:42:26 PM io.gapi.emulators.netty.HttpVersionRoutingHandler channelRead
INFO: Detected non-HTTP/2 connection.
 {"metadata":{"emulator":{"name":"firestore"},"message":"Oct 03, 2026 10:42:26 PM io.gapi.emulators.netty.HttpVersionRoutingHandler channelRead\r\nINFO: Detected non-HTTP/2 connection.\r\n"}}
[debug] [2026-10-03T17:12:26.891Z] Oct 03, 2026 10:42:26 PM io.gapi.emulators.netty.HttpVersionRoutingHandler channelRead
INFO: Detected non-HTTP/2 connection.
 {"metadata":{"emulator":{"name":"firestore"},"message":"Oct 03, 2026 10:42:26 PM io.gapi.emulators.netty.HttpVersionRoutingHandler channelRead\r\nINFO: Detected non-HTTP/2 connection.\r\n"}}
[debug] [2026-10-03T17:12:26.892Z] Oct 03, 2026 10:42:26 PM io.gapi.emulators.netty.HttpVersionRoutingHandler channelRead
INFO: Detected non-HTTP/2 connection.
 {"metadata":{"emulator":{"name":"firestore"},"message":"Oct 03, 2026 10:42:26 PM io.gapi.emulators.netty.HttpVersionRoutingHandler channelRead\r\nINFO: Detected non-HTTP/2 connection.\r\n"}}
[debug] [2026-10-03T17:12:26.899Z] Oct 03, 2026 10:42:26 PM io.gapi.emulators.netty.HttpVersionRoutingHandler channelRead
INFO: Detected non-HTTP/2 connection.
 {"metadata":{"emulator":{"name":"firestore"},"message":"Oct 03, 2026 10:42:26 PM io.gapi.emulators.netty.HttpVersionRoutingHandler channelRead\r\nINFO: Detected non-HTTP/2 connection.\r\n"}}
[debug] [2026-10-03T17:12:26.899Z] Oct 03, 2026 10:42:26 PM io.gapi.emulators.netty.HttpVersionRoutingHandler channelRead
INFO: Detected non-HTTP/2 connection.
 {"metadata":{"emulator":{"name":"firestore"},"message":"Oct 03, 2026 10:42:26 PM io.gapi.emulators.netty.HttpVersionRoutingHandler channelRead\r\nINFO: Detected non-HTTP/2 connection.\r\n"}}
[debug] [2026-10-03T17:12:26.911Z] Oct 03, 2026 10:42:26 PM io.gapi.emulators.netty.HttpVersionRoutingHandler channelRead
INFO: Detected non-HTTP/2 connection.
 {"metadata":{"emulator":{"name":"firestore"},"message":"Oct 03, 2026 10:42:26 PM io.gapi.emulators.netty.HttpVersionRoutingHandler channelRead\r\nINFO: Detected non-HTTP/2 connection.\r\n"}}
[debug] [2026-10-03T17:12:26.913Z] Oct 03, 2026 10:42:26 PM io.gapi.emulators.netty.HttpVersionRoutingHandler channelRead
INFO: Detected non-HTTP/2 connection.
Oct 03, 2026 10:42:26 PM io.gapi.emulators.netty.HttpVersionRoutingHandler channelRead
INFO: Detected non-HTTP/2 connection.
 {"metadata":{"emulator":{"name":"firestore"},"message":"Oct 03, 2026 10:42:26 PM io.gapi.emulators.netty.HttpVersionRoutingHandler channelRead\r\nINFO: Detected non-HTTP/2 connection.\r\nOct 03, 2026 10:42:26 PM io.gapi.emulators.netty.HttpVersionRoutingHandler channelRead\r\nINFO: Detected non-HTTP/2 connection.\r\n"}}
[debug] [2026-10-03T17:12:26.914Z] Oct 03, 2026 10:42:26 PM io.gapi.emulators.netty.HttpVersionRoutingHandler channelRead
INFO: Detected non-HTTP/2 connection.
 {"metadata":{"emulator":{"name":"firestore"},"message":"Oct 03, 2026 10:42:26 PM io.gapi.emulators.netty.HttpVersionRoutingHandler channelRead\r\nINFO: Detected non-HTTP/2 connection.\r\n"}}
[debug] [2026-10-03T17:12:28.513Z] Oct 03, 2026 10:42:28 PM io.netty.channel.DefaultChannelPipeline onUnhandledInboundException
WARNING: An exceptionCaught() event was fired, and it reached at the tail of the pipeline. It usually means the last handler in the pipeline did not handle the exception.
java.net.SocketException: Connection reset
	at java.base/sun.nio.ch.SocketChannelImpl.throwConnectionReset(Unknown Source)
	at java.base/sun.nio.ch.SocketChannelImpl.read(Unknown Source)
	at io.netty.buffer.PooledByteBuf.setBytes(PooledByteBuf.java:255)
	at io.netty.buffer.AbstractByteBuf.writeBytes(AbstractByteBuf.java:1132)
	at io.netty.channel.socket.nio.NioSocketChannel.doReadBytes(NioSocketChannel.java:356)
	at io.netty.channel.nio.AbstractNioByteChannel$NioByteUnsafe.read(AbstractNioByteChannel.java:156)
	at io.netty.channel.nio.NioEventLoop.processSelectedKey(NioEventLoop.java:796)
	at io.netty.channel.nio.NioEventLoop.processSelectedKeysOptimized(NioEventLoop.java:732)
	at io.netty.channel.nio.NioEventLoop.processSelectedKeys(NioEventLoop.java:658)
	at io.netty.channel.nio.NioEventLoop.run(NioEventLoop.java:562)
	at io.netty.util.concurrent.SingleThreadEventExecutor$4.run(SingleThreadEventExecutor.java:998)
	at io.netty.util.internal.ThreadExecutorMap$2.run(ThreadExecutorMap.java:74)
	at io.netty.util.concurrent.FastThreadLocalRunnable.run(FastThreadLocalRunnable.java:30)
	at java.base/java.lang.Thread.run(Unknown Source)

 {"metadata":{"emulator":{"name":"firestore"},"message":"Oct 03, 2026 10:42:28 PM io.netty.channel.DefaultChannelPipeline onUnhandledInboundException\r\nWARNING: An exceptionCaught() event was fired, and it reached at the tail of the pipeline. It usually means the last handler in the pipeline did not handle the exception.\r\njava.net.SocketException: Connection reset\r\n\tat java.base/sun.nio.ch.SocketChannelImpl.throwConnectionReset(Unknown Source)\r\n\tat java.base/sun.nio.ch.SocketChannelImpl.read(Unknown Source)\r\n\tat io.netty.buffer.PooledByteBuf.setBytes(PooledByteBuf.java:255)\r\n\tat io.netty.buffer.AbstractByteBuf.writeBytes(AbstractByteBuf.java:1132)\r\n\tat io.netty.channel.socket.nio.NioSocketChannel.doReadBytes(NioSocketChannel.java:356)\r\n\tat io.netty.channel.nio.AbstractNioByteChannel$NioByteUnsafe.read(AbstractNioByteChannel.java:156)\r\n\tat io.netty.channel.nio.NioEventLoop.processSelectedKey(NioEventLoop.java:796)\r\n\tat io.netty.channel.nio.NioEventLoop.processSelectedKeysOptimized(NioEventLoop.java:732)\r\n\tat io.netty.channel.nio.NioEventLoop.processSelectedKeys(NioEventLoop.java:658)\r\n\tat io.netty.channel.nio.NioEventLoop.run(NioEventLoop.java:562)\r\n\tat io.netty.util.concurrent.SingleThreadEventExecutor$4.run(SingleThreadEventExecutor.java:998)\r\n\tat io.netty.util.internal.ThreadExecutorMap$2.run(ThreadExecutorMap.java:74)\r\n\tat io.netty.util.concurrent.FastThreadLocalRunnable.run(FastThreadLocalRunnable.java:30)\r\n\tat java.base/java.lang.Thread.run(Unknown Source)\r\n\r\n"}}
[debug] [2026-10-03T17:12:30.323Z] Oct 03, 2026 10:42:30 PM io.gapi.emulators.netty.HttpVersionRoutingHandler channelRead
INFO: Detected HTTP/2 connection.
 {"metadata":{"emulator":{"name":"firestore"},"message":"Oct 03, 2026 10:42:30 PM io.gapi.emulators.netty.HttpVersionRoutingHandler channelRead\r\nINFO: Detected HTTP/2 connection.\r\n"}}
[debug] [2026-10-03T17:12:31.029Z] Oct 03, 2026 10:42:31 PM io.gapi.emulators.netty.HttpVersionRoutingHandler channelRead
INFO: Detected non-HTTP/2 connection.
 {"metadata":{"emulator":{"name":"firestore"},"message":"Oct 03, 2026 10:42:31 PM io.gapi.emulators.netty.HttpVersionRoutingHandler channelRead\r\nINFO: Detected non-HTTP/2 connection.\r\n"}}
[debug] [2026-10-03T17:12:31.067Z] Oct 03, 2026 10:42:31 PM io.gapi.emulators.netty.HttpVersionRoutingHandler channelRead
INFO: Detected non-HTTP/2 connection.
 {"metadata":{"emulator":{"name":"firestore"},"message":"Oct 03, 2026 10:42:31 PM io.gapi.emulators.netty.HttpVersionRoutingHandler channelRead\r\nINFO: Detected non-HTTP/2 connection.\r\n"}}
[debug] [2026-10-03T17:12:31.098Z] Oct 03, 2026 10:42:31 PM io.gapi.emulators.netty.HttpVersionRoutingHandler channelRead
INFO: Detected non-HTTP/2 connection.
 {"metadata":{"emulator":{"name":"firestore"},"message":"Oct 03, 2026 10:42:31 PM io.gapi.emulators.netty.HttpVersionRoutingHandler channelRead\r\nINFO: Detected non-HTTP/2 connection.\r\n"}}
[debug] [2026-10-03T17:12:31.104Z] Oct 03, 2026 10:42:31 PM io.gapi.emulators.netty.HttpVersionRoutingHandler channelRead
INFO: Detected non-HTTP/2 connection.
 {"metadata":{"emulator":{"name":"firestore"},"message":"Oct 03, 2026 10:42:31 PM io.gapi.emulators.netty.HttpVersionRoutingHandler channelRead\r\nINFO: Detected non-HTTP/2 connection.\r\n"}}
[debug] [2026-10-03T17:12:31.149Z] Oct 03, 2026 10:42:31 PM io.gapi.emulators.netty.HttpVersionRoutingHandler channelRead
INFO: Detected non-HTTP/2 connection.
 {"metadata":{"emulator":{"name":"firestore"},"message":"Oct 03, 2026 10:42:31 PM io.gapi.emulators.netty.HttpVersionRoutingHandler channelRead\r\nINFO: Detected non-HTTP/2 connection.\r\n"}}
[debug] [2026-10-03T17:12:31.172Z] Oct 03, 2026 10:42:31 PM io.gapi.emulators.netty.HttpVersionRoutingHandler channelRead
INFO: Detected non-HTTP/2 connection.
 {"metadata":{"emulator":{"name":"firestore"},"message":"Oct 03, 2026 10:42:31 PM io.gapi.emulators.netty.HttpVersionRoutingHandler channelRead\r\nINFO: Detected non-HTTP/2 connection.\r\n"}}
[debug] [2026-10-03T17:12:31.200Z] Oct 03, 2026 10:42:31 PM io.gapi.emulators.netty.HttpVersionRoutingHandler channelRead
INFO: Detected non-HTTP/2 connection.
 {"metadata":{"emulator":{"name":"firestore"},"message":"Oct 03, 2026 10:42:31 PM io.gapi.emulators.netty.HttpVersionRoutingHandler channelRead\r\nINFO: Detected non-HTTP/2 connection.\r\n"}}
[debug] [2026-10-03T17:12:31.225Z] Oct 03, 2026 10:42:31 PM io.gapi.emulators.netty.HttpVersionRoutingHandler channelRead
INFO: Detected non-HTTP/2 connection.
 {"metadata":{"emulator":{"name":"firestore"},"message":"Oct 03, 2026 10:42:31 PM io.gapi.emulators.netty.HttpVersionRoutingHandler channelRead\r\nINFO: Detected non-HTTP/2 connection.\r\n"}}
[debug] [2026-10-03T17:12:31.248Z] Oct 03, 2026 10:42:31 PM io.gapi.emulators.netty.HttpVersionRoutingHandler channelRead
INFO: Detected non-HTTP/2 connection.
 {"metadata":{"emulator":{"name":"firestore"},"message":"Oct 03, 2026 10:42:31 PM io.gapi.emulators.netty.HttpVersionRoutingHandler channelRead\r\nINFO: Detected non-HTTP/2 connection.\r\n"}}
[debug] [2026-10-03T17:12:31.291Z] Oct 03, 2026 10:42:31 PM io.gapi.emulators.netty.HttpVersionRoutingHandler channelRead
INFO: Detected non-HTTP/2 connection.
Oct 03, 2026 10:42:31 PM io.gapi.emulators.netty.HttpVersionRoutingHandler channelRead
INFO: Detected non-HTTP/2 connection.
 {"metadata":{"emulator":{"name":"firestore"},"message":"Oct 03, 2026 10:42:31 PM io.gapi.emulators.netty.HttpVersionRoutingHandler channelRead\r\nINFO: Detected non-HTTP/2 connection.\r\nOct 03, 2026 10:42:31 PM io.gapi.emulators.netty.HttpVersionRoutingHandler channelRead\r\nINFO: Detected non-HTTP/2 connection.\r\n"}}
[debug] [2026-10-03T17:12:31.350Z] Oct 03, 2026 10:42:31 PM io.gapi.emulators.netty.HttpVersionRoutingHandler channelRead
INFO: Detected non-HTTP/2 connection.
 {"metadata":{"emulator":{"name":"firestore"},"message":"Oct 03, 2026 10:42:31 PM io.gapi.emulators.netty.HttpVersionRoutingHandler channelRead\r\nINFO: Detected non-HTTP/2 connection.\r\n"}}
[debug] [2026-10-03T17:12:31.390Z] Oct 03, 2026 10:42:31 PM io.gapi.emulators.netty.HttpVersionRoutingHandler channelRead
INFO: Detected non-HTTP/2 connection.
 {"metadata":{"emulator":{"name":"firestore"},"message":"Oct 03, 2026 10:42:31 PM io.gapi.emulators.netty.HttpVersionRoutingHandler channelRead\r\nINFO: Detected non-HTTP/2 connection.\r\n"}}
[debug] [2026-10-03T17:12:31.461Z] Oct 03, 2026 10:42:31 PM io.gapi.emulators.netty.HttpVersionRoutingHandler channelRead
INFO: Detected non-HTTP/2 connection.
 {"metadata":{"emulator":{"name":"firestore"},"message":"Oct 03, 2026 10:42:31 PM io.gapi.emulators.netty.HttpVersionRoutingHandler channelRead\r\nINFO: Detected non-HTTP/2 connection.\r\n"}}
[debug] [2026-10-03T17:12:31.510Z] Oct 03, 2026 10:42:31 PM io.gapi.emulators.netty.HttpVersionRoutingHandler channelRead
INFO: Detected non-HTTP/2 connection.
 {"metadata":{"emulator":{"name":"firestore"},"message":"Oct 03, 2026 10:42:31 PM io.gapi.emulators.netty.HttpVersionRoutingHandler channelRead\r\nINFO: Detected non-HTTP/2 connection.\r\n"}}
[debug] [2026-10-03T17:12:31.564Z] Oct 03, 2026 10:42:31 PM io.gapi.emulators.netty.HttpVersionRoutingHandler channelRead
INFO: Detected non-HTTP/2 connection.
 {"metadata":{"emulator":{"name":"firestore"},"message":"Oct 03, 2026 10:42:31 PM io.gapi.emulators.netty.HttpVersionRoutingHandler channelRead\r\nINFO: Detected non-HTTP/2 connection.\r\n"}}
[debug] [2026-10-03T17:12:31.596Z] Oct 03, 2026 10:42:31 PM io.gapi.emulators.netty.HttpVersionRoutingHandler channelRead
INFO: Detected non-HTTP/2 connection.
 {"metadata":{"emulator":{"name":"firestore"},"message":"Oct 03, 2026 10:42:31 PM io.gapi.emulators.netty.HttpVersionRoutingHandler channelRead\r\nINFO: Detected non-HTTP/2 connection.\r\n"}}
[debug] [2026-10-03T17:12:31.619Z] Oct 03, 2026 10:42:31 PM io.gapi.emulators.netty.HttpVersionRoutingHandler channelRead
INFO: Detected non-HTTP/2 connection.
 {"metadata":{"emulator":{"name":"firestore"},"message":"Oct 03, 2026 10:42:31 PM io.gapi.emulators.netty.HttpVersionRoutingHandler channelRead\r\nINFO: Detected non-HTTP/2 connection.\r\n"}}
[debug] [2026-10-03T17:12:32.185Z] Oct 03, 2026 10:42:32 PM io.gapi.emulators.netty.HttpVersionRoutingHandler channelRead
INFO: Detected non-HTTP/2 connection.
 {"metadata":{"emulator":{"name":"firestore"},"message":"Oct 03, 2026 10:42:32 PM io.gapi.emulators.netty.HttpVersionRoutingHandler channelRead\r\nINFO: Detected non-HTTP/2 connection.\r\n"}}
[debug] [2026-10-03T17:12:32.199Z] Oct 03, 2026 10:42:32 PM io.gapi.emulators.netty.HttpVersionRoutingHandler channelRead
INFO: Detected non-HTTP/2 connection.
 {"metadata":{"emulator":{"name":"firestore"},"message":"Oct 03, 2026 10:42:32 PM io.gapi.emulators.netty.HttpVersionRoutingHandler channelRead\r\nINFO: Detected non-HTTP/2 connection.\r\n"}}
[debug] [2026-10-03T17:12:32.199Z] Oct 03, 2026 10:42:32 PM io.gapi.emulators.netty.HttpVersionRoutingHandler channelRead
INFO: Detected non-HTTP/2 connection.
Oct 03, 2026 10:42:32 PM io.gapi.emulators.netty.HttpVersionRoutingHandler channelRead
INFO: Detected non-HTTP/2 connection.
Oct 03, 2026 10:42:32 PM io.gapi.emulators.netty.HttpVersionRoutingHandler channelRead
INFO: Detected non-HTTP/2 connection.
 {"metadata":{"emulator":{"name":"firestore"},"message":"Oct 03, 2026 10:42:32 PM io.gapi.emulators.netty.HttpVersionRoutingHandler channelRead\r\nINFO: Detected non-HTTP/2 connection.\r\nOct 03, 2026 10:42:32 PM io.gapi.emulators.netty.HttpVersionRoutingHandler channelRead\r\nINFO: Detected non-HTTP/2 connection.\r\nOct 03, 2026 10:42:32 PM io.gapi.emulators.netty.HttpVersionRoutingHandler channelRead\r\nINFO: Detected non-HTTP/2 connection.\r\n"}}
[debug] [2026-10-03T17:12:32.210Z] Oct 03, 2026 10:42:32 PM io.gapi.emulators.netty.HttpVersionRoutingHandler channelRead
INFO: Detected non-HTTP/2 connection.
 {"metadata":{"emulator":{"name":"firestore"},"message":"Oct 03, 2026 10:42:32 PM io.gapi.emulators.netty.HttpVersionRoutingHandler channelRead\r\nINFO: Detected non-HTTP/2 connection.\r\n"}}
[debug] [2026-10-03T17:12:32.242Z] Oct 03, 2026 10:42:32 PM io.gapi.emulators.netty.HttpVersionRoutingHandler channelRead
INFO: Detected non-HTTP/2 connection.
Oct 03, 2026 10:42:32 PM io.gapi.emulators.netty.HttpVersionRoutingHandler channelRead
INFO: Detected non-HTTP/2 connection.
 {"metadata":{"emulator":{"name":"firestore"},"message":"Oct 03, 2026 10:42:32 PM io.gapi.emulators.netty.HttpVersionRoutingHandler channelRead\r\nINFO: Detected non-HTTP/2 connection.\r\nOct 03, 2026 10:42:32 PM io.gapi.emulators.netty.HttpVersionRoutingHandler channelRead\r\nINFO: Detected non-HTTP/2 connection.\r\n"}}
[debug] [2026-10-03T17:12:34.211Z] Oct 03, 2026 10:42:34 PM io.netty.channel.DefaultChannelPipeline onUnhandledInboundException
WARNING: An exceptionCaught() event was fired, and it reached at the tail of the pipeline. It usually means the last handler in the pipeline did not handle the exception.
java.net.SocketException: Connection reset
	at java.base/sun.nio.ch.SocketChannelImpl.throwConnectionReset(Unknown Source)
	at java.base/sun.nio.ch.SocketChannelImpl.read(Unknown Source)
	at io.netty.buffer.PooledByteBuf.setBytes(PooledByteBuf.java:255)
	at io.netty.buffer.AbstractByteBuf.writeBytes(AbstractByteBuf.java:1132)
	at io.netty.channel.socket.nio.NioSocketChannel.doReadBytes(NioSocketChannel.java:356)
	at io.netty.channel.nio.AbstractNioByteChannel$NioByteUnsafe.read(AbstractNioByteChannel.java:156)
	at io.netty.channel.nio.NioEventLoop.processSelectedKey(NioEventLoop.java:796)
	at io.netty.channel.nio.NioEventLoop.processSelectedKeysOptimized(NioEventLoop.java:732)
	at io.netty.channel.nio.NioEventLoop.processSelectedKeys(NioEventLoop.java:658)
	at io.netty.channel.nio.NioEventLoop.run(NioEventLoop.java:562)
	at io.netty.util.concurrent.SingleThreadEventExecutor$4.run(SingleThreadEventExecutor.java:998)
	at io.netty.util.internal.ThreadExecutorMap$2.run(ThreadExecutorMap.java:74)
	at io.netty.util.concurrent.FastThreadLocalRunnable.run(FastThreadLocalRunnable.java:30)
	at java.base/java.lang.Thread.run(Unknown Source)

 {"metadata":{"emulator":{"name":"firestore"},"message":"Oct 03, 2026 10:42:34 PM io.netty.channel.DefaultChannelPipeline onUnhandledInboundException\r\nWARNING: An exceptionCaught() event was fired, and it reached at the tail of the pipeline. It usually means the last handler in the pipeline did not handle the exception.\r\njava.net.SocketException: Connection reset\r\n\tat java.base/sun.nio.ch.SocketChannelImpl.throwConnectionReset(Unknown Source)\r\n\tat java.base/sun.nio.ch.SocketChannelImpl.read(Unknown Source)\r\n\tat io.netty.buffer.PooledByteBuf.setBytes(PooledByteBuf.java:255)\r\n\tat io.netty.buffer.AbstractByteBuf.writeBytes(AbstractByteBuf.java:1132)\r\n\tat io.netty.channel.socket.nio.NioSocketChannel.doReadBytes(NioSocketChannel.java:356)\r\n\tat io.netty.channel.nio.AbstractNioByteChannel$NioByteUnsafe.read(AbstractNioByteChannel.java:156)\r\n\tat io.netty.channel.nio.NioEventLoop.processSelectedKey(NioEventLoop.java:796)\r\n\tat io.netty.channel.nio.NioEventLoop.processSelectedKeysOptimized(NioEventLoop.java:732)\r\n\tat io.netty.channel.nio.NioEventLoop.processSelectedKeys(NioEventLoop.java:658)\r\n\tat io.netty.channel.nio.NioEventLoop.run(NioEventLoop.java:562)\r\n\tat io.netty.util.concurrent.SingleThreadEventExecutor$4.run(SingleThreadEventExecutor.java:998)\r\n\tat io.netty.util.internal.ThreadExecutorMap$2.run(ThreadExecutorMap.java:74)\r\n\tat io.netty.util.concurrent.FastThreadLocalRunnable.run(FastThreadLocalRunnable.java:30)\r\n\tat java.base/java.lang.Thread.run(Unknown Source)\r\n\r\n"}}
[debug] [2026-10-03T17:12:36.193Z] Oct 03, 2026 10:42:36 PM io.gapi.emulators.netty.HttpVersionRoutingHandler channelRead
INFO: Detected HTTP/2 connection.
 {"metadata":{"emulator":{"name":"firestore"},"message":"Oct 03, 2026 10:42:36 PM io.gapi.emulators.netty.HttpVersionRoutingHandler channelRead\r\nINFO: Detected HTTP/2 connection.\r\n"}}
[debug] [2026-10-03T17:12:39.628Z] Oct 03, 2026 10:42:39 PM io.gapi.emulators.netty.HttpVersionRoutingHandler channelRead
INFO: Detected non-HTTP/2 connection.
 {"metadata":{"emulator":{"name":"firestore"},"message":"Oct 03, 2026 10:42:39 PM io.gapi.emulators.netty.HttpVersionRoutingHandler channelRead\r\nINFO: Detected non-HTTP/2 connection.\r\n"}}
[debug] [2026-10-03T17:12:39.665Z] Oct 03, 2026 10:42:39 PM io.gapi.emulators.netty.HttpVersionRoutingHandler channelRead
INFO: Detected non-HTTP/2 connection.
 {"metadata":{"emulator":{"name":"firestore"},"message":"Oct 03, 2026 10:42:39 PM io.gapi.emulators.netty.HttpVersionRoutingHandler channelRead\r\nINFO: Detected non-HTTP/2 connection.\r\n"}}
[debug] [2026-10-03T17:12:39.700Z] Oct 03, 2026 10:42:39 PM io.gapi.emulators.netty.HttpVersionRoutingHandler channelRead
INFO: Detected non-HTTP/2 connection.
 {"metadata":{"emulator":{"name":"firestore"},"message":"Oct 03, 2026 10:42:39 PM io.gapi.emulators.netty.HttpVersionRoutingHandler channelRead\r\nINFO: Detected non-HTTP/2 connection.\r\n"}}
[debug] [2026-10-03T17:12:39.708Z] Oct 03, 2026 10:42:39 PM io.gapi.emulators.netty.HttpVersionRoutingHandler channelRead
INFO: Detected non-HTTP/2 connection.
 {"metadata":{"emulator":{"name":"firestore"},"message":"Oct 03, 2026 10:42:39 PM io.gapi.emulators.netty.HttpVersionRoutingHandler channelRead\r\nINFO: Detected non-HTTP/2 connection.\r\n"}}
[debug] [2026-10-03T17:12:39.742Z] Oct 03, 2026 10:42:39 PM io.gapi.emulators.netty.HttpVersionRoutingHandler channelRead
INFO: Detected non-HTTP/2 connection.
 {"metadata":{"emulator":{"name":"firestore"},"message":"Oct 03, 2026 10:42:39 PM io.gapi.emulators.netty.HttpVersionRoutingHandler channelRead\r\nINFO: Detected non-HTTP/2 connection.\r\n"}}
[debug] [2026-10-03T17:12:39.770Z] Oct 03, 2026 10:42:39 PM io.gapi.emulators.netty.HttpVersionRoutingHandler channelRead
INFO: Detected non-HTTP/2 connection.
 {"metadata":{"emulator":{"name":"firestore"},"message":"Oct 03, 2026 10:42:39 PM io.gapi.emulators.netty.HttpVersionRoutingHandler channelRead\r\nINFO: Detected non-HTTP/2 connection.\r\n"}}
[debug] [2026-10-03T17:12:39.824Z] Oct 03, 2026 10:42:39 PM io.gapi.emulators.netty.HttpVersionRoutingHandler channelRead
INFO: Detected non-HTTP/2 connection.
 {"metadata":{"emulator":{"name":"firestore"},"message":"Oct 03, 2026 10:42:39 PM io.gapi.emulators.netty.HttpVersionRoutingHandler channelRead\r\nINFO: Detected non-HTTP/2 connection.\r\n"}}
[debug] [2026-10-03T17:12:39.863Z] Oct 03, 2026 10:42:39 PM io.gapi.emulators.netty.HttpVersionRoutingHandler channelRead
INFO: Detected non-HTTP/2 connection.
 {"metadata":{"emulator":{"name":"firestore"},"message":"Oct 03, 2026 10:42:39 PM io.gapi.emulators.netty.HttpVersionRoutingHandler channelRead\r\nINFO: Detected non-HTTP/2 connection.\r\n"}}
[debug] [2026-10-03T17:12:39.900Z] Oct 03, 2026 10:42:39 PM io.gapi.emulators.netty.HttpVersionRoutingHandler channelRead
INFO: Detected non-HTTP/2 connection.
 {"metadata":{"emulator":{"name":"firestore"},"message":"Oct 03, 2026 10:42:39 PM io.gapi.emulators.netty.HttpVersionRoutingHandler channelRead\r\nINFO: Detected non-HTTP/2 connection.\r\n"}}
[debug] [2026-10-03T17:12:39.946Z] Oct 03, 2026 10:42:39 PM io.gapi.emulators.netty.HttpVersionRoutingHandler channelRead
INFO: Detected non-HTTP/2 connection.
 {"metadata":{"emulator":{"name":"firestore"},"message":"Oct 03, 2026 10:42:39 PM io.gapi.emulators.netty.HttpVersionRoutingHandler channelRead\r\nINFO: Detected non-HTTP/2 connection.\r\n"}}
[debug] [2026-10-03T17:12:39.948Z] Oct 03, 2026 10:42:39 PM io.gapi.emulators.netty.HttpVersionRoutingHandler channelRead
INFO: Detected non-HTTP/2 connection.
 {"metadata":{"emulator":{"name":"firestore"},"message":"Oct 03, 2026 10:42:39 PM io.gapi.emulators.netty.HttpVersionRoutingHandler channelRead\r\nINFO: Detected non-HTTP/2 connection.\r\n"}}
[debug] [2026-10-03T17:12:40.014Z] Oct 03, 2026 10:42:40 PM io.gapi.emulators.netty.HttpVersionRoutingHandler channelRead
INFO: Detected non-HTTP/2 connection.
 {"metadata":{"emulator":{"name":"firestore"},"message":"Oct 03, 2026 10:42:40 PM io.gapi.emulators.netty.HttpVersionRoutingHandler channelRead\r\nINFO: Detected non-HTTP/2 connection.\r\n"}}
[debug] [2026-10-03T17:12:40.070Z] Oct 03, 2026 10:42:40 PM io.gapi.emulators.netty.HttpVersionRoutingHandler channelRead
INFO: Detected non-HTTP/2 connection.
 {"metadata":{"emulator":{"name":"firestore"},"message":"Oct 03, 2026 10:42:40 PM io.gapi.emulators.netty.HttpVersionRoutingHandler channelRead\r\nINFO: Detected non-HTTP/2 connection.\r\n"}}
[debug] [2026-10-03T17:12:40.130Z] Oct 03, 2026 10:42:40 PM io.gapi.emulators.netty.HttpVersionRoutingHandler channelRead
INFO: Detected non-HTTP/2 connection.
 {"metadata":{"emulator":{"name":"firestore"},"message":"Oct 03, 2026 10:42:40 PM io.gapi.emulators.netty.HttpVersionRoutingHandler channelRead\r\nINFO: Detected non-HTTP/2 connection.\r\n"}}
[debug] [2026-10-03T17:12:40.190Z] Oct 03, 2026 10:42:40 PM io.gapi.emulators.netty.HttpVersionRoutingHandler channelRead
INFO: Detected non-HTTP/2 connection.
 {"metadata":{"emulator":{"name":"firestore"},"message":"Oct 03, 2026 10:42:40 PM io.gapi.emulators.netty.HttpVersionRoutingHandler channelRead\r\nINFO: Detected non-HTTP/2 connection.\r\n"}}
[debug] [2026-10-03T17:12:40.248Z] Oct 03, 2026 10:42:40 PM io.gapi.emulators.netty.HttpVersionRoutingHandler channelRead
INFO: Detected non-HTTP/2 connection.
 {"metadata":{"emulator":{"name":"firestore"},"message":"Oct 03, 2026 10:42:40 PM io.gapi.emulators.netty.HttpVersionRoutingHandler channelRead\r\nINFO: Detected non-HTTP/2 connection.\r\n"}}
[debug] [2026-10-03T17:12:40.278Z] Oct 03, 2026 10:42:40 PM io.gapi.emulators.netty.HttpVersionRoutingHandler channelRead
INFO: Detected non-HTTP/2 connection.
 {"metadata":{"emulator":{"name":"firestore"},"message":"Oct 03, 2026 10:42:40 PM io.gapi.emulators.netty.HttpVersionRoutingHandler channelRead\r\nINFO: Detected non-HTTP/2 connection.\r\n"}}
[debug] [2026-10-03T17:12:40.299Z] Oct 03, 2026 10:42:40 PM io.gapi.emulators.netty.HttpVersionRoutingHandler channelRead
INFO: Detected non-HTTP/2 connection.
 {"metadata":{"emulator":{"name":"firestore"},"message":"Oct 03, 2026 10:42:40 PM io.gapi.emulators.netty.HttpVersionRoutingHandler channelRead\r\nINFO: Detected non-HTTP/2 connection.\r\n"}}
[debug] [2026-10-03T17:12:41.632Z] Oct 03, 2026 10:42:41 PM io.gapi.emulators.netty.HttpVersionRoutingHandler channelRead
INFO: Detected non-HTTP/2 connection.
 {"metadata":{"emulator":{"name":"firestore"},"message":"Oct 03, 2026 10:42:41 PM io.gapi.emulators.netty.HttpVersionRoutingHandler channelRead\r\nINFO: Detected non-HTTP/2 connection.\r\n"}}
[debug] [2026-10-03T17:12:41.666Z] Oct 03, 2026 10:42:41 PM io.gapi.emulators.netty.HttpVersionRoutingHandler channelRead
INFO: Detected non-HTTP/2 connection.
 {"metadata":{"emulator":{"name":"firestore"},"message":"Oct 03, 2026 10:42:41 PM io.gapi.emulators.netty.HttpVersionRoutingHandler channelRead\r\nINFO: Detected non-HTTP/2 connection.\r\n"}}
[debug] [2026-10-03T17:12:41.700Z] Oct 03, 2026 10:42:41 PM io.gapi.emulators.netty.HttpVersionRoutingHandler channelRead
INFO: Detected non-HTTP/2 connection.
 {"metadata":{"emulator":{"name":"firestore"},"message":"Oct 03, 2026 10:42:41 PM io.gapi.emulators.netty.HttpVersionRoutingHandler channelRead\r\nINFO: Detected non-HTTP/2 connection.\r\n"}}
[debug] [2026-10-03T17:12:41.732Z] Oct 03, 2026 10:42:41 PM io.gapi.emulators.netty.HttpVersionRoutingHandler channelRead
INFO: Detected non-HTTP/2 connection.
 {"metadata":{"emulator":{"name":"firestore"},"message":"Oct 03, 2026 10:42:41 PM io.gapi.emulators.netty.HttpVersionRoutingHandler channelRead\r\nINFO: Detected non-HTTP/2 connection.\r\n"}}
[debug] [2026-10-03T17:12:41.734Z] Oct 03, 2026 10:42:41 PM io.gapi.emulators.netty.HttpVersionRoutingHandler channelRead
INFO: Detected non-HTTP/2 connection.
 {"metadata":{"emulator":{"name":"firestore"},"message":"Oct 03, 2026 10:42:41 PM io.gapi.emulators.netty.HttpVersionRoutingHandler channelRead\r\nINFO: Detected non-HTTP/2 connection.\r\n"}}
[debug] [2026-10-03T17:12:41.751Z] Oct 03, 2026 10:42:41 PM io.gapi.emulators.netty.HttpVersionRoutingHandler channelRead
INFO: Detected non-HTTP/2 connection.
 {"metadata":{"emulator":{"name":"firestore"},"message":"Oct 03, 2026 10:42:41 PM io.gapi.emulators.netty.HttpVersionRoutingHandler channelRead\r\nINFO: Detected non-HTTP/2 connection.\r\n"}}
[debug] [2026-10-03T17:12:41.791Z] Oct 03, 2026 10:42:41 PM io.gapi.emulators.netty.HttpVersionRoutingHandler channelRead
INFO: Detected non-HTTP/2 connection.
 {"metadata":{"emulator":{"name":"firestore"},"message":"Oct 03, 2026 10:42:41 PM io.gapi.emulators.netty.HttpVersionRoutingHandler channelRead\r\nINFO: Detected non-HTTP/2 connection.\r\n"}}
[debug] [2026-10-03T17:12:41.811Z] Oct 03, 2026 10:42:41 PM io.gapi.emulators.netty.HttpVersionRoutingHandler channelRead
INFO: Detected non-HTTP/2 connection.
 {"metadata":{"emulator":{"name":"firestore"},"message":"Oct 03, 2026 10:42:41 PM io.gapi.emulators.netty.HttpVersionRoutingHandler channelRead\r\nINFO: Detected non-HTTP/2 connection.\r\n"}}
[debug] [2026-10-03T17:12:41.840Z] Oct 03, 2026 10:42:41 PM io.gapi.emulators.netty.HttpVersionRoutingHandler channelRead
INFO: Detected non-HTTP/2 connection.
 {"metadata":{"emulator":{"name":"firestore"},"message":"Oct 03, 2026 10:42:41 PM io.gapi.emulators.netty.HttpVersionRoutingHandler channelRead\r\nINFO: Detected non-HTTP/2 connection.\r\n"}}
[debug] [2026-10-03T17:12:41.914Z] Oct 03, 2026 10:42:41 PM io.gapi.emulators.netty.HttpVersionRoutingHandler channelRead
INFO: Detected non-HTTP/2 connection.
 {"metadata":{"emulator":{"name":"firestore"},"message":"Oct 03, 2026 10:42:41 PM io.gapi.emulators.netty.HttpVersionRoutingHandler channelRead\r\nINFO: Detected non-HTTP/2 connection.\r\n"}}
[debug] [2026-10-03T17:12:41.915Z] Oct 03, 2026 10:42:41 PM io.gapi.emulators.netty.HttpVersionRoutingHandler channelRead
INFO: Detected non-HTTP/2 connection.
 {"metadata":{"emulator":{"name":"firestore"},"message":"Oct 03, 2026 10:42:41 PM io.gapi.emulators.netty.HttpVersionRoutingHandler channelRead\r\nINFO: Detected non-HTTP/2 connection.\r\n"}}
[debug] [2026-10-03T17:12:41.974Z] Oct 03, 2026 10:42:41 PM io.gapi.emulators.netty.HttpVersionRoutingHandler channelRead
INFO: Detected non-HTTP/2 connection.
 {"metadata":{"emulator":{"name":"firestore"},"message":"Oct 03, 2026 10:42:41 PM io.gapi.emulators.netty.HttpVersionRoutingHandler channelRead\r\nINFO: Detected non-HTTP/2 connection.\r\n"}}
[debug] [2026-10-03T17:12:42.017Z] Oct 03, 2026 10:42:42 PM io.gapi.emulators.netty.HttpVersionRoutingHandler channelRead
INFO: Detected non-HTTP/2 connection.
 {"metadata":{"emulator":{"name":"firestore"},"message":"Oct 03, 2026 10:42:42 PM io.gapi.emulators.netty.HttpVersionRoutingHandler channelRead\r\nINFO: Detected non-HTTP/2 connection.\r\n"}}
[debug] [2026-10-03T17:12:42.098Z] Oct 03, 2026 10:42:42 PM io.gapi.emulators.netty.HttpVersionRoutingHandler channelRead
INFO: Detected non-HTTP/2 connection.
 {"metadata":{"emulator":{"name":"firestore"},"message":"Oct 03, 2026 10:42:42 PM io.gapi.emulators.netty.HttpVersionRoutingHandler channelRead\r\nINFO: Detected non-HTTP/2 connection.\r\n"}}
[debug] [2026-10-03T17:12:42.184Z] Oct 03, 2026 10:42:42 PM io.gapi.emulators.netty.HttpVersionRoutingHandler channelRead
INFO: Detected non-HTTP/2 connection.
 {"metadata":{"emulator":{"name":"firestore"},"message":"Oct 03, 2026 10:42:42 PM io.gapi.emulators.netty.HttpVersionRoutingHandler channelRead\r\nINFO: Detected non-HTTP/2 connection.\r\n"}}
[debug] [2026-10-03T17:12:42.250Z] Oct 03, 2026 10:42:42 PM io.gapi.emulators.netty.HttpVersionRoutingHandler channelRead
INFO: Detected non-HTTP/2 connection.
 {"metadata":{"emulator":{"name":"firestore"},"message":"Oct 03, 2026 10:42:42 PM io.gapi.emulators.netty.HttpVersionRoutingHandler channelRead\r\nINFO: Detected non-HTTP/2 connection.\r\n"}}
[debug] [2026-10-03T17:12:42.276Z] Oct 03, 2026 10:42:42 PM io.gapi.emulators.netty.HttpVersionRoutingHandler channelRead
INFO: Detected non-HTTP/2 connection.
 {"metadata":{"emulator":{"name":"firestore"},"message":"Oct 03, 2026 10:42:42 PM io.gapi.emulators.netty.HttpVersionRoutingHandler channelRead\r\nINFO: Detected non-HTTP/2 connection.\r\n"}}
[debug] [2026-10-03T17:12:42.294Z] Oct 03, 2026 10:42:42 PM io.gapi.emulators.netty.HttpVersionRoutingHandler channelRead
INFO: Detected non-HTTP/2 connection.
 {"metadata":{"emulator":{"name":"firestore"},"message":"Oct 03, 2026 10:42:42 PM io.gapi.emulators.netty.HttpVersionRoutingHandler channelRead\r\nINFO: Detected non-HTTP/2 connection.\r\n"}}
[debug] [2026-10-03T17:12:42.846Z] Oct 03, 2026 10:42:42 PM io.netty.channel.DefaultChannelPipeline onUnhandledInboundException
WARNING: An exceptionCaught() event was fired, and it reached at the tail of the pipeline. It usually means the last handler in the pipeline did not handle the exception.
java.net.SocketException: Connection reset
	at java.base/sun.nio.ch.SocketChannelImpl.throwConnectionReset(Unknown Source)
	at java.base/sun.nio.ch.SocketChannelImpl.read(Unknown Source)
	at io.netty.buffer.PooledByteBuf.setBytes(PooledByteBuf.java:255)
	at io.netty.buffer.AbstractByteBuf.writeBytes(AbstractByteBuf.java:1132)
	at io.netty.channel.socket.nio.NioSocketChannel.doReadBytes(NioSocketChannel.java:356)
	at io.netty.channel.nio.AbstractNioByteChannel$NioByteUnsafe.read(AbstractNioByteChannel.java:156)
	at io.netty.channel.nio.NioEventLoop.processSelectedKey(NioEventLoop.java:796)
	at io.netty.channel.nio.NioEventLoop.processSelectedKeysOptimized(NioEventLoop.java:732)
	at io.netty.channel.nio.NioEventLoop.processSelectedKeys(NioEventLoop.java:658)
	at io.netty.channel.nio.NioEventLoop.run(NioEventLoop.java:562)
	at io.netty.util.concurrent.SingleThreadEventExecutor$4.run(SingleThreadEventExecutor.java:998)
	at io.netty.util.internal.ThreadExecutorMap$2.run(ThreadExecutorMap.java:74)
	at io.netty.util.concurrent.FastThreadLocalRunnable.run(FastThreadLocalRunnable.java:30)
	at java.base/java.lang.Thread.run(Unknown Source)

 {"metadata":{"emulator":{"name":"firestore"},"message":"Oct 03, 2026 10:42:42 PM io.netty.channel.DefaultChannelPipeline onUnhandledInboundException\r\nWARNING: An exceptionCaught() event was fired, and it reached at the tail of the pipeline. It usually means the last handler in the pipeline did not handle the exception.\r\njava.net.SocketException: Connection reset\r\n\tat java.base/sun.nio.ch.SocketChannelImpl.throwConnectionReset(Unknown Source)\r\n\tat java.base/sun.nio.ch.SocketChannelImpl.read(Unknown Source)\r\n\tat io.netty.buffer.PooledByteBuf.setBytes(PooledByteBuf.java:255)\r\n\tat io.netty.buffer.AbstractByteBuf.writeBytes(AbstractByteBuf.java:1132)\r\n\tat io.netty.channel.socket.nio.NioSocketChannel.doReadBytes(NioSocketChannel.java:356)\r\n\tat io.netty.channel.nio.AbstractNioByteChannel$NioByteUnsafe.read(AbstractNioByteChannel.java:156)\r\n\tat io.netty.channel.nio.NioEventLoop.processSelectedKey(NioEventLoop.java:796)\r\n\tat io.netty.channel.nio.NioEventLoop.processSelectedKeysOptimized(NioEventLoop.java:732)\r\n\tat io.netty.channel.nio.NioEventLoop.processSelectedKeys(NioEventLoop.java:658)\r\n\tat io.netty.channel.nio.NioEventLoop.run(NioEventLoop.java:562)\r\n\tat io.netty.util.concurrent.SingleThreadEventExecutor$4.run(SingleThreadEventExecutor.java:998)\r\n\tat io.netty.util.internal.ThreadExecutorMap$2.run(ThreadExecutorMap.java:74)\r\n\tat io.netty.util.concurrent.FastThreadLocalRunnable.run(FastThreadLocalRunnable.java:30)\r\n\tat java.base/java.lang.Thread.run(Unknown Source)\r\n\r\n"}}
[debug] [2026-10-03T17:19:22.619Z] ----------------------------------------------------------------------
[debug] [2026-10-03T17:19:22.623Z] Command:       C:\Program Files\nodejs\node.exe C:\Work\MiTutoraPro\node_modules\firebase-tools\lib\bin\firebase.js emulators:start --only auth,firestore --project demo-mitutora
[debug] [2026-10-03T17:19:22.623Z] CLI Version:   15.26.0
[debug] [2026-10-03T17:19:22.623Z] Platform:      win32
[debug] [2026-10-03T17:19:22.624Z] Node Version:  v25.9.0
[debug] [2026-10-03T17:19:22.624Z] Detected Agent: codex_cli
[debug] [2026-10-03T17:19:22.624Z] Time:          Sat Oct 03 2026 22:49:22 GMT+0530 (India Standard Time)
[debug] [2026-10-03T17:19:22.624Z] ----------------------------------------------------------------------
[debug] 
[debug] [2026-10-03T17:19:22.642Z] >>> [apiv2][query] GET https://firebase-public.firebaseio.com/cli.json [none]
[debug] [2026-10-03T17:19:25.989Z] *** [apiv2] error from fetch(https://firebase-public.firebaseio.com/cli.json, {"headers":{},"method":"GET"}): AggregateError
[warn] !  Unable to fetch the CLI MOTD and remote config. This is not a fatal error, but may indicate an issue with your network connection. 
[debug] [2026-10-03T17:19:25.991Z] Failed to fetch MOTD FirebaseError: Failed to make request to https://firebase-public.firebaseio.com/cli.json
[debug] [2026-10-03T17:19:26.094Z] openjdk version "21.0.10" 2026-01-20

[debug] [2026-10-03T17:19:26.095Z] OpenJDK Runtime Environment (build 21.0.10+-14961533-b1163.108)
OpenJDK 64-Bit Server VM (build 21.0.10+-14961533-b1163.108, mixed mode)

[debug] [2026-10-03T17:19:26.106Z] Parsed Java major version: 21
[info] i  emulators: Starting emulators: auth, firestore {"metadata":{"emulator":{"name":"hub"},"message":"Starting emulators: auth, firestore"}}
[info] i  emulators: Detected demo project ID "demo-mitutora", emulated services will use a demo configuration and attempts to access non-emulated services for this project will fail. {"metadata":{"emulator":{"name":"hub"},"message":"Detected demo project ID \"demo-mitutora\", emulated services will use a demo configuration and attempts to access non-emulated services for this project will fail."}}
[debug] [2026-10-03T17:19:26.128Z] [logging] Logging Emulator only supports listening on one address (127.0.0.1). Not listening on ::1
[debug] [2026-10-03T17:19:26.129Z] [auth] Authentication Emulator only supports listening on one address (127.0.0.1). Not listening on ::1
[debug] [2026-10-03T17:19:26.129Z] [firestore] Firestore Emulator only supports listening on one address (127.0.0.1). Not listening on ::1
[debug] [2026-10-03T17:19:26.129Z] [firestore.websocket] websocket server for firestore only supports listening on one address (127.0.0.1). Not listening on ::1
[debug] [2026-10-03T17:19:26.129Z] assigned listening specs for emulators {"user":{"hub":[{"address":"127.0.0.1","family":"IPv4","port":4400},{"address":"::1","family":"IPv6","port":4400}],"logging":[{"address":"127.0.0.1","family":"IPv4","port":4500}],"auth":[{"address":"127.0.0.1","family":"IPv4","port":9099}],"firestore":[{"address":"127.0.0.1","family":"IPv4","port":8080}],"firestore.websocket":[{"address":"127.0.0.1","family":"IPv4","port":9150}]},"metadata":{"message":"assigned listening specs for emulators"}}
[debug] [2026-10-03T17:19:26.138Z] Found emulator hub locator: {"version":"15.26.0","origins":["http://127.0.0.1:4400","http://[::1]:4400"],"pid":8096}
[debug] [2026-10-03T17:19:26.138Z] Write emulator hub locator at C:\Users\Avinash\AppData\Local\Temp\hub-demo-mitutora.json
[debug] [2026-10-03T17:19:26.159Z] Ignoring unsupported arg: auto_download {"metadata":{"emulator":{"name":"firestore"},"message":"Ignoring unsupported arg: auto_download"}}
[debug] [2026-10-03T17:19:26.159Z] Ignoring unsupported arg: single_project_mode_error {"metadata":{"emulator":{"name":"firestore"},"message":"Ignoring unsupported arg: single_project_mode_error"}}
[debug] [2026-10-03T17:19:26.160Z] Starting Firestore Emulator with command {"binary":"java","args":["-Dgoogle.cloud_firestore.debug_log_level=FINE","-Duser.language=en","-jar","C:\\Users\\Avinash\\.cache\\firebase\\emulators\\cloud-firestore-emulator-v1.22.0.jar","--host","127.0.0.1","--port",8080,"--websocket_port",9150,"--database-edition","standard","--project_id","demo-mitutora","--rules","C:\\Work\\MiTutoraPro\\firestore.rules","--single_project_mode",true],"optionalArgs":["port","webchannel_port","host","rules","websocket_port","database-edition","functions_emulator","seed_from_export","project_id","single_project_mode"],"joinArgs":false,"shell":false,"port":8080} {"metadata":{"emulator":{"name":"firestore"},"message":"Starting Firestore Emulator with command {\"binary\":\"java\",\"args\":[\"-Dgoogle.cloud_firestore.debug_log_level=FINE\",\"-Duser.language=en\",\"-jar\",\"C:\\\\Users\\\\Avinash\\\\.cache\\\\firebase\\\\emulators\\\\cloud-firestore-emulator-v1.22.0.jar\",\"--host\",\"127.0.0.1\",\"--port\",8080,\"--websocket_port\",9150,\"--database-edition\",\"standard\",\"--project_id\",\"demo-mitutora\",\"--rules\",\"C:\\\\Work\\\\MiTutoraPro\\\\firestore.rules\",\"--single_project_mode\",true],\"optionalArgs\":[\"port\",\"webchannel_port\",\"host\",\"rules\",\"websocket_port\",\"database-edition\",\"functions_emulator\",\"seed_from_export\",\"project_id\",\"single_project_mode\"],\"joinArgs\":false,\"shell\":false,\"port\":8080}"}}
[info] i  firestore: Firestore Emulator logging to firestore-debug.log {"metadata":{"emulator":{"name":"firestore"},"message":"Firestore Emulator logging to firestore-debug.log"}}
[debug] [2026-10-03T17:19:36.736Z] Oct 03, 2026 10:49:36 PM com.google.cloud.datastore.emulator.firestore.websocket.WebSocketServer start
INFO: Started WebSocket server on ws://127.0.0.1:9150
 {"metadata":{"emulator":{"name":"firestore"},"message":"Oct 03, 2026 10:49:36 PM com.google.cloud.datastore.emulator.firestore.websocket.WebSocketServer start\r\nINFO: Started WebSocket server on ws://127.0.0.1:9150\r\n"}}
[debug] [2026-10-03T17:19:36.866Z] 
API endpoint: http:// {"metadata":{"emulator":{"name":"firestore"},"message":"\nAPI endpoint: http://"}}
[debug] [2026-10-03T17:19:36.866Z] 127.0.0.1:8080
Database Edition: STANDARD
Database Mode: CLOUD_FIRESTORE

If you are using a library that supports the FIRESTORE_EMULATOR_HOST environment variable, run:

   export FIRESTORE_EMULATOR_HOST=127.0.0.1:8080

If you are running a Firestore in Datastore Mode project, run:

   export DATASTORE_EMULATOR_HOST=127.0.0.1:8080

Note: Support for Datastore Mode is in preview. If you encounter any bugs please file at https://github.com/firebase/firebase-tools/issues.
Dev App Server is now running.

 {"metadata":{"emulator":{"name":"firestore"},"message":"127.0.0.1:8080\nDatabase Edition: STANDARD\nDatabase Mode: CLOUD_FIRESTORE\n\nIf you are using a library that supports the FIRESTORE_EMULATOR_HOST environment variable, run:\r\n\n   export FIRESTORE_EMULATOR_HOST=127.0.0.1:8080\n\nIf you are running a Firestore in Datastore Mode project, run:\r\n\n   export DATASTORE_EMULATOR_HOST=127.0.0.1:8080\n\nNote: Support for Datastore Mode is in preview. If you encounter any bugs please file at https://github.com/firebase/firebase-tools/issues.\r\nDev App Server is now running.\n\r\n"}}
[debug] [2026-10-03T17:19:37.043Z] Oct 03, 2026 10:49:37 PM io.gapi.emulators.netty.HttpVersionRoutingHandler channelRead
INFO: Detected non-HTTP/2 connection.
 {"metadata":{"emulator":{"name":"firestore"},"message":"Oct 03, 2026 10:49:37 PM io.gapi.emulators.netty.HttpVersionRoutingHandler channelRead\r\nINFO: Detected non-HTTP/2 connection.\r\n"}}
[info] +  firestore: Firestore Emulator was started in standard edition. {"metadata":{"emulator":{"name":"firestore"},"message":"Firestore Emulator was started in standard edition."}}
[info] +  firestore: Firestore Emulator UI websocket is running on 9150. {"metadata":{"emulator":{"name":"firestore"},"message":"Firestore Emulator UI websocket is running on 9150."}}
[debug] [2026-10-03T17:19:48.532Z] Oct 03, 2026 10:49:37 PM io.gapi.emulators.netty.NotFoundHandler handleRequest
INFO: Unknown request URI: /v1/projects/demo-mitutora/databases/(default)/documents?pageSize=1
Oct 03, 2026 10:49:37 PM io.gapi.emulators.netty.NotFoundHandler handleRequest
INFO: Unknown request URI: /v1/projects/demo-mitutora/databases/(default)/documents?pageSize=1
Oct 03, 2026 10:49:37 PM io.gapi.emulators.netty.NotFoundHandler handleRequest
INFO: Unknown request URI: /v1/projects/demo-mitutora/databases/(default)/documents?pageSize=1
Oct 03, 2026 10:49:37 PM io.gapi.emulators.netty.NotFoundHandler handleRequest
INFO: Unknown request URI: /v1/projects/demo-mitutora/databases/(default)/documents?pageSize=1
Oct 03, 2026 10:49:38 PM io.gapi.emulators.netty.NotFoundHandler handleRequest
INFO: Unknown request URI: /v1/projects/demo-mitutora/databases/(default)/documents?pageSize=1
Oct 03, 2026 10:49:38 PM io.gapi.emulators.netty.NotFoundHandler handleRequest
INFO: Unknown request URI: /v1/projects/demo-mitutora/databases/(default)/documents?pageSize=1
Oct 03, 2026 10:49:38 PM io.gapi.emulators.netty.NotFoundHandler handleRequest
INFO: Unknown request URI: /v1/projects/demo-mitutora/databases/(default)/documents?pageSize=1
Oct 03, 2026 10:49:38 PM io.gapi.emulators.netty.NotFoundHandler handleRequest
INFO: Unknown request URI: /v1/projects/demo-mitutora/databases/(default)/documents?pageSize=1
Oct 03, 2026 10:49:39 PM io.gapi.emulators.netty.NotFoundHandler handleRequest
INFO: Unknown request URI: /v1/projects/demo-mitutora/databases/(default)/documents?pageSize=1
Oct 03, 2026 10:49:39 PM io.gapi.emulators.netty.NotFoundHandler handleRequest
INFO: Unknown request URI: /v1/projects/demo-mitutora/databases/(default)/documents?pageSize=1
Oct 03, 2026 10:49:39 PM io.gapi.emulators.netty.NotFoundHandler handleRequest
INFO: Unknown request URI: /v1/projects/demo-mitutora/databases/(default)/documents?pageSize=1
Oct 03, 2026 10:49:39 PM io.gapi.emulators.netty.NotFoundHandler handleRequest
INFO: Unknown request URI: /v1/projects/demo-mitutora/databases/(default)/documents?pageSize=1
Oct 03, 2026 10:49:40 PM io.gapi.emulators.netty.NotFoundHandler handleRequest
INFO: Unknown request URI: /v1/projects/demo-mitutora/databases/(default)/documents?pageSize=1
Oct 03, 2026 10:49:40 PM io.gapi.emulators.netty.NotFoundHandler handleRequest
INFO: Unknown request URI: /v1/projects/demo-mitutora/databases/(default)/documents?pageSize=1
Oct 03, 2026 10:49:40 PM io.gapi.emulators.netty.NotFoundHandler handleRequest
INFO: Unknown request URI: /v1/projects/demo-mitutora/databases/(default)/documents?pageSize=1
Oct 03, 2026 10:49:41 PM io.gapi.emulators.netty.NotFoundHandler handleRequest
INFO: Unknown request URI: /v1/projects/demo-mitutora/databases/(default)/documents?pageSize=1
Oct 03, 2026 10:49:41 PM io.gapi.emulators.netty.NotFoundHandler handleRequest
INFO: Unknown request URI: /v1/projects/demo-mitutora/databases/(default)/documents?pageSize=1
Oct 03, 2026 10:49:41 PM io.gapi.emulators.netty.NotFoundHandler handleRequest
INFO: Unknown request URI: /v1/projects/demo-mitutora/databases/(default)/documents?pageSize=1
Oct 03, 2026 10:49:41 PM io.gapi.emulators.netty.NotFoundHandler handleRequest
INFO: Unknown request URI: /v1/projects/demo-mitutora/databases/(default)/documents?pageSize=1
Oct 03, 2026 10:49:42 PM io.gapi.emulators.netty.NotFoundHandler handleRequest
INFO: Unknown request URI: /v1/projects/demo-mitutora/databases/(default)/documents?pageSize=1
Oct 03, 2026 10:49:42 PM io.gapi.emulators.netty.NotFoundHandler handleRequest
INFO: Unknown request URI: /v1/projects/demo-mitutora/databases/(default)/documents?pageSize=1
Oct 03, 2026 10:49:42 PM io.gapi.emulators.netty.NotFoundHandler handleRequest
INFO: Unknown request URI: /v1/projects/demo-mitutora/databases/(default)/documents?pageSize=1
Oct 03, 2026 10:49:42 PM io.gapi.emulators.netty.NotFoundHandler handleRequest
INFO: Unknown request URI: /v1/projects/demo-mitutora/databases/(default)/documents?pageSize=1
Oct 03, 2026 10:49:43 PM io.gapi.emulators.netty.NotFoundHandler handleRequest
INFO: Unknown request URI: /v1/projects/demo-mitutora/databases/(default)/documents?pageSize=1
Oct 03, 2026 10:49:43 PM io.gapi.emulators.netty.NotFoundHandler handleRequest
INFO: Unknown request URI: /v1/projects/demo-mitutora/databases/(default)/documents?pageSize=1
Oct 03, 2026 10:49:43 PM io.gapi.emulators.netty.NotFoundHandler handleRequest
INFO: Unknown request URI: /v1/projects/demo-mitutora/databases/(default)/documents?pageSize=1
Oct 03, 2026 10:49:43 PM io.gapi.emulators.netty.NotFoundHandler handleRequest
INFO: Unknown request URI: /v1/projects/demo-mitutora/databases/(default)/documents?pageSize=1
Oct 03, 2026 10:49:44 PM io.gapi.emulators.netty.NotFoundHandler handleRequest
INFO: Unknown request URI: /v1/projects/demo-mitutora/databases/(default)/documents?pageSize=1
Oct 03, 2026 10:49:44 PM io.gapi.emulators.netty.NotFoundHandler handleRequest
INFO: Unknown request URI: /v1/projects/demo-mitutora/databases/(default)/documents?pageSize=1
Oct 03, 2026 10:49:44 PM io.gapi.emulators.netty.NotFoundHandler handleRequest
INFO: Unknown request URI: /v1/projects/demo-mitutora/databases/(default)/documents?pageSize=1
Oct 03, 2026 10:49:44 PM io.gapi.emulators.netty.NotFoundHandler handleRequest
INFO: Unknown request URI: /v1/projects/demo-mitutora/databases/(default)/documents?pageSize=1
Oct 03, 2026 10:49:45 PM io.gapi.emulators.netty.NotFoundHandler handleRequest
INFO: Unknown request URI: /v1/projects/demo-mitutora/databases/(default)/documents?pageSize=1
Oct 03, 2026 10:49:45 PM io.gapi.emulators.netty.NotFoundHandler handleRequest
INFO: Unknown request URI: /v1/projects/demo-mitutora/databases/(default)/documents?pageSize=1
Oct 03, 2026 10:49:45 PM io.gapi.emulators.netty.NotFoundHandler handleRequest
INFO: Unknown request URI: /v1/projects/demo-mitutora/databases/(default)/documents?pageSize=1
Oct 03, 2026 10:49:45 PM io.gapi.emulators.netty.NotFoundHandler handleRequest
INFO: Unknown request URI: /v1/projects/demo-mitutora/databases/(default)/documents?pageSize=1
Oct 03, 2026 10:49:46 PM io.gapi.emulators.netty.NotFoundHandler handleRequest
INFO: Unknown request URI: /v1/projects/demo-mitutora/databases/(default)/documents?pageSize=1
Oct 03, 2026 10:49:46 PM io.gapi.emulators.netty.NotFoundHandler handleRequest
INFO: Unknown request URI: /v1/projects/demo-mitutora/databases/(default)/documents?pageSize=1
Oct 03, 2026 10:49:46 PM io.gapi.emulators.netty.NotFoundHandler handleRequest
INFO: Unknown request URI: /v1/projects/demo-mitutora/databases/(default)/documents?pageSize=1
Oct 03, 2026 10:49:47 PM io.gapi.emulators.netty.NotFoundHandler handleRequest
INFO: Unknown request URI: /v1/projects/demo-mitutora/databases/(default)/documents?pageSize=1
Oct 03, 2026 10:49:47 PM io.gapi.emulators.netty.NotFoundHandler handleRequest
INFO: Unknown request URI: /v1/projects/demo-mitutora/databases/(default)/documents?pageSize=1
Oct 03, 2026 10:49:47 PM io.gapi.emulators.netty.NotFoundHandler handleRequest
INFO: Unknown request URI: /v1/projects/demo-mitutora/databases/(default)/documents?pageSize=1
Oct 03, 2026 10:49:47 PM io.gapi.emulators.netty.NotFoundHandler handleRequest
INFO: Unknown request URI: /v1/projects/demo-mitutora/databases/(default)/documents?pageSize=1
Oct 03, 2026 10:49:48 PM io.gapi.emulators.netty.NotFoundHandler handleRequest
INFO: Unknown request URI: /v1/projects/demo-mitutora/databases/(default)/documents?pageSize=1
Oct 03, 2026 10:49:48 PM io.gapi.emulators.netty.NotFoundHandler handleRequest
INFO: Unknown request URI: /v1/projects/demo-mitutora/databases/(default)/documents?pageSize=1
 {"metadata":{"emulator":{"name":"firestore"},"message":"Oct 03, 2026 10:49:37 PM io.gapi.emulators.netty.NotFoundHandler handleRequest\r\nINFO: Unknown request URI: /v1/projects/demo-mitutora/databases/(default)/documents?pageSize=1\r\nOct 03, 2026 10:49:37 PM io.gapi.emulators.netty.NotFoundHandler handleRequest\r\nINFO: Unknown request URI: /v1/projects/demo-mitutora/databases/(default)/documents?pageSize=1\r\nOct 03, 2026 10:49:37 PM io.gapi.emulators.netty.NotFoundHandler handleRequest\r\nINFO: Unknown request URI: /v1/projects/demo-mitutora/databases/(default)/documents?pageSize=1\r\nOct 03, 2026 10:49:37 PM io.gapi.emulators.netty.NotFoundHandler handleRequest\r\nINFO: Unknown request URI: /v1/projects/demo-mitutora/databases/(default)/documents?pageSize=1\r\nOct 03, 2026 10:49:38 PM io.gapi.emulators.netty.NotFoundHandler handleRequest\r\nINFO: Unknown request URI: /v1/projects/demo-mitutora/databases/(default)/documents?pageSize=1\r\nOct 03, 2026 10:49:38 PM io.gapi.emulators.netty.NotFoundHandler handleRequest\r\nINFO: Unknown request URI: /v1/projects/demo-mitutora/databases/(default)/documents?pageSize=1\r\nOct 03, 2026 10:49:38 PM io.gapi.emulators.netty.NotFoundHandler handleRequest\r\nINFO: Unknown request URI: /v1/projects/demo-mitutora/databases/(default)/documents?pageSize=1\r\nOct 03, 2026 10:49:38 PM io.gapi.emulators.netty.NotFoundHandler handleRequest\r\nINFO: Unknown request URI: /v1/projects/demo-mitutora/databases/(default)/documents?pageSize=1\r\nOct 03, 2026 10:49:39 PM io.gapi.emulators.netty.NotFoundHandler handleRequest\r\nINFO: Unknown request URI: /v1/projects/demo-mitutora/databases/(default)/documents?pageSize=1\r\nOct 03, 2026 10:49:39 PM io.gapi.emulators.netty.NotFoundHandler handleRequest\r\nINFO: Unknown request URI: /v1/projects/demo-mitutora/databases/(default)/documents?pageSize=1\r\nOct 03, 2026 10:49:39 PM io.gapi.emulators.netty.NotFoundHandler handleRequest\r\nINFO: Unknown request URI: /v1/projects/demo-mitutora/databases/(default)/documents?pageSize=1\r\nOct 03, 2026 10:49:39 PM io.gapi.emulators.netty.NotFoundHandler handleRequest\r\nINFO: Unknown request URI: /v1/projects/demo-mitutora/databases/(default)/documents?pageSize=1\r\nOct 03, 2026 10:49:40 PM io.gapi.emulators.netty.NotFoundHandler handleRequest\r\nINFO: Unknown request URI: /v1/projects/demo-mitutora/databases/(default)/documents?pageSize=1\r\nOct 03, 2026 10:49:40 PM io.gapi.emulators.netty.NotFoundHandler handleRequest\r\nINFO: Unknown request URI: /v1/projects/demo-mitutora/databases/(default)/documents?pageSize=1\r\nOct 03, 2026 10:49:40 PM io.gapi.emulators.netty.NotFoundHandler handleRequest\r\nINFO: Unknown request URI: /v1/projects/demo-mitutora/databases/(default)/documents?pageSize=1\r\nOct 03, 2026 10:49:41 PM io.gapi.emulators.netty.NotFoundHandler handleRequest\r\nINFO: Unknown request URI: /v1/projects/demo-mitutora/databases/(default)/documents?pageSize=1\r\nOct 03, 2026 10:49:41 PM io.gapi.emulators.netty.NotFoundHandler handleRequest\r\nINFO: Unknown request URI: /v1/projects/demo-mitutora/databases/(default)/documents?pageSize=1\r\nOct 03, 2026 10:49:41 PM io.gapi.emulators.netty.NotFoundHandler handleRequest\r\nINFO: Unknown request URI: /v1/projects/demo-mitutora/databases/(default)/documents?pageSize=1\r\nOct 03, 2026 10:49:41 PM io.gapi.emulators.netty.NotFoundHandler handleRequest\r\nINFO: Unknown request URI: /v1/projects/demo-mitutora/databases/(default)/documents?pageSize=1\r\nOct 03, 2026 10:49:42 PM io.gapi.emulators.netty.NotFoundHandler handleRequest\r\nINFO: Unknown request URI: /v1/projects/demo-mitutora/databases/(default)/documents?pageSize=1\r\nOct 03, 2026 10:49:42 PM io.gapi.emulators.netty.NotFoundHandler handleRequest\r\nINFO: Unknown request URI: /v1/projects/demo-mitutora/databases/(default)/documents?pageSize=1\r\nOct 03, 2026 10:49:42 PM io.gapi.emulators.netty.NotFoundHandler handleRequest\r\nINFO: Unknown request URI: /v1/projects/demo-mitutora/databases/(default)/documents?pageSize=1\r\nOct 03, 2026 10:49:42 PM io.gapi.emulators.netty.NotFoundHandler handleRequest\r\nINFO: Unknown request URI: /v1/projects/demo-mitutora/databases/(default)/documents?pageSize=1\r\nOct 03, 2026 10:49:43 PM io.gapi.emulators.netty.NotFoundHandler handleRequest\r\nINFO: Unknown request URI: /v1/projects/demo-mitutora/databases/(default)/documents?pageSize=1\r\nOct 03, 2026 10:49:43 PM io.gapi.emulators.netty.NotFoundHandler handleRequest\r\nINFO: Unknown request URI: /v1/projects/demo-mitutora/databases/(default)/documents?pageSize=1\r\nOct 03, 2026 10:49:43 PM io.gapi.emulators.netty.NotFoundHandler handleRequest\r\nINFO: Unknown request URI: /v1/projects/demo-mitutora/databases/(default)/documents?pageSize=1\r\nOct 03, 2026 10:49:43 PM io.gapi.emulators.netty.NotFoundHandler handleRequest\r\nINFO: Unknown request URI: /v1/projects/demo-mitutora/databases/(default)/documents?pageSize=1\r\nOct 03, 2026 10:49:44 PM io.gapi.emulators.netty.NotFoundHandler handleRequest\r\nINFO: Unknown request URI: /v1/projects/demo-mitutora/databases/(default)/documents?pageSize=1\r\nOct 03, 2026 10:49:44 PM io.gapi.emulators.netty.NotFoundHandler handleRequest\r\nINFO: Unknown request URI: /v1/projects/demo-mitutora/databases/(default)/documents?pageSize=1\r\nOct 03, 2026 10:49:44 PM io.gapi.emulators.netty.NotFoundHandler handleRequest\r\nINFO: Unknown request URI: /v1/projects/demo-mitutora/databases/(default)/documents?pageSize=1\r\nOct 03, 2026 10:49:44 PM io.gapi.emulators.netty.NotFoundHandler handleRequest\r\nINFO: Unknown request URI: /v1/projects/demo-mitutora/databases/(default)/documents?pageSize=1\r\nOct 03, 2026 10:49:45 PM io.gapi.emulators.netty.NotFoundHandler handleRequest\r\nINFO: Unknown request URI: /v1/projects/demo-mitutora/databases/(default)/documents?pageSize=1\r\nOct 03, 2026 10:49:45 PM io.gapi.emulators.netty.NotFoundHandler handleRequest\r\nINFO: Unknown request URI: /v1/projects/demo-mitutora/databases/(default)/documents?pageSize=1\r\nOct 03, 2026 10:49:45 PM io.gapi.emulators.netty.NotFoundHandler handleRequest\r\nINFO: Unknown request URI: /v1/projects/demo-mitutora/databases/(default)/documents?pageSize=1\r\nOct 03, 2026 10:49:45 PM io.gapi.emulators.netty.NotFoundHandler handleRequest\r\nINFO: Unknown request URI: /v1/projects/demo-mitutora/databases/(default)/documents?pageSize=1\r\nOct 03, 2026 10:49:46 PM io.gapi.emulators.netty.NotFoundHandler handleRequest\r\nINFO: Unknown request URI: /v1/projects/demo-mitutora/databases/(default)/documents?pageSize=1\r\nOct 03, 2026 10:49:46 PM io.gapi.emulators.netty.NotFoundHandler handleRequest\r\nINFO: Unknown request URI: /v1/projects/demo-mitutora/databases/(default)/documents?pageSize=1\r\nOct 03, 2026 10:49:46 PM io.gapi.emulators.netty.NotFoundHandler handleRequest\r\nINFO: Unknown request URI: /v1/projects/demo-mitutora/databases/(default)/documents?pageSize=1\r\nOct 03, 2026 10:49:47 PM io.gapi.emulators.netty.NotFoundHandler handleRequest\r\nINFO: Unknown request URI: /v1/projects/demo-mitutora/databases/(default)/documents?pageSize=1\r\nOct 03, 2026 10:49:47 PM io.gapi.emulators.netty.NotFoundHandler handleRequest\r\nINFO: Unknown request URI: /v1/projects/demo-mitutora/databases/(default)/documents?pageSize=1\r\nOct 03, 2026 10:49:47 PM io.gapi.emulators.netty.NotFoundHandler handleRequest\r\nINFO: Unknown request URI: /v1/projects/demo-mitutora/databases/(default)/documents?pageSize=1\r\nOct 03, 2026 10:49:47 PM io.gapi.emulators.netty.NotFoundHandler handleRequest\r\nINFO: Unknown request URI: /v1/projects/demo-mitutora/databases/(default)/documents?pageSize=1\r\nOct 03, 2026 10:49:48 PM io.gapi.emulators.netty.NotFoundHandler handleRequest\r\nINFO: Unknown request URI: /v1/projects/demo-mitutora/databases/(default)/documents?pageSize=1\r\nOct 03, 2026 10:49:48 PM io.gapi.emulators.netty.NotFoundHandler handleRequest\r\nINFO: Unknown request URI: /v1/projects/demo-mitutora/databases/(default)/documents?pageSize=1\r\n"}}
[warn] !  emulators: The Emulator UI is not starting because none of the running emulators have a UI component. {"metadata":{"emulator":{"name":"hub"},"message":"The Emulator UI is not starting because none of the running emulators have a UI component."}}
[debug] [2026-10-03T17:19:48.554Z] Could not find VSCode notification endpoint: TypeError: fetch failed. If you are not running the Firebase SQL Connect VSCode extension, this is expected and not an issue.
[info] 
┌─────────────────────────────────────────────────────────────┐
│ ✔  All emulators ready! It is now safe to connect your app. │
└─────────────────────────────────────────────────────────────┘

┌────────────────┬────────────────┐
│ Emulator       │ Host:Port      │
├────────────────┼────────────────┤
│ Authentication │ 127.0.0.1:9099 │
├────────────────┼────────────────┤
│ Firestore      │ 127.0.0.1:8080 │
└────────────────┴────────────────┘
  Emulator Hub host: 127.0.0.1 port: 4400
  Other reserved ports: 4500, 9150

Issues? Report them at https://github.com/firebase/firebase-tools/issues and attach the *-debug.log files.
 
[debug] [2026-10-03T17:19:48.606Z] Oct 03, 2026 10:49:48 PM io.gapi.emulators.netty.NotFoundHandler handleRequest
INFO: Unknown request URI: /v1/projects/demo-mitutora/databases/(default)/documents?pageSize=1
 {"metadata":{"emulator":{"name":"firestore"},"message":"Oct 03, 2026 10:49:48 PM io.gapi.emulators.netty.NotFoundHandler handleRequest\r\nINFO: Unknown request URI: /v1/projects/demo-mitutora/databases/(default)/documents?pageSize=1\r\n"}}
[debug] [2026-10-03T17:21:27.458Z] Oct 03, 2026 10:51:27 PM io.gapi.emulators.netty.HttpVersionRoutingHandler channelRead
INFO: Detected HTTP/2 connection.
 {"metadata":{"emulator":{"name":"firestore"},"message":"Oct 03, 2026 10:51:27 PM io.gapi.emulators.netty.HttpVersionRoutingHandler channelRead\r\nINFO: Detected HTTP/2 connection.\r\n"}}
[debug] [2026-10-03T17:21:31.382Z] Oct 03, 2026 10:51:31 PM io.gapi.emulators.netty.HttpVersionRoutingHandler channelRead
INFO: Detected non-HTTP/2 connection.
 {"metadata":{"emulator":{"name":"firestore"},"message":"Oct 03, 2026 10:51:31 PM io.gapi.emulators.netty.HttpVersionRoutingHandler channelRead\r\nINFO: Detected non-HTTP/2 connection.\r\n"}}
[debug] [2026-10-03T17:21:32.119Z] Oct 03, 2026 10:51:32 PM io.gapi.emulators.netty.HttpVersionRoutingHandler channelRead
INFO: Detected non-HTTP/2 connection.
 {"metadata":{"emulator":{"name":"firestore"},"message":"Oct 03, 2026 10:51:32 PM io.gapi.emulators.netty.HttpVersionRoutingHandler channelRead\r\nINFO: Detected non-HTTP/2 connection.\r\n"}}
[debug] [2026-10-03T17:21:32.146Z] Oct 03, 2026 10:51:32 PM io.gapi.emulators.netty.HttpVersionRoutingHandler channelRead
INFO: Detected non-HTTP/2 connection.
 {"metadata":{"emulator":{"name":"firestore"},"message":"Oct 03, 2026 10:51:32 PM io.gapi.emulators.netty.HttpVersionRoutingHandler channelRead\r\nINFO: Detected non-HTTP/2 connection.\r\n"}}
[debug] [2026-10-03T17:21:32.148Z] Oct 03, 2026 10:51:32 PM io.gapi.emulators.netty.HttpVersionRoutingHandler channelRead
INFO: Detected non-HTTP/2 connection.
 {"metadata":{"emulator":{"name":"firestore"},"message":"Oct 03, 2026 10:51:32 PM io.gapi.emulators.netty.HttpVersionRoutingHandler channelRead\r\nINFO: Detected non-HTTP/2 connection.\r\n"}}
[debug] [2026-10-03T17:21:32.178Z] Oct 03, 2026 10:51:32 PM io.gapi.emulators.netty.HttpVersionRoutingHandler channelRead
INFO: Detected non-HTTP/2 connection.
 {"metadata":{"emulator":{"name":"firestore"},"message":"Oct 03, 2026 10:51:32 PM io.gapi.emulators.netty.HttpVersionRoutingHandler channelRead\r\nINFO: Detected non-HTTP/2 connection.\r\n"}}
[debug] [2026-10-03T17:21:32.193Z] Oct 03, 2026 10:51:32 PM io.gapi.emulators.netty.HttpVersionRoutingHandler channelRead
INFO: Detected non-HTTP/2 connection.
 {"metadata":{"emulator":{"name":"firestore"},"message":"Oct 03, 2026 10:51:32 PM io.gapi.emulators.netty.HttpVersionRoutingHandler channelRead\r\nINFO: Detected non-HTTP/2 connection.\r\n"}}
[debug] [2026-10-03T17:21:32.354Z] Oct 03, 2026 10:51:32 PM io.gapi.emulators.netty.HttpVersionRoutingHandler channelRead
INFO: Detected non-HTTP/2 connection.
 {"metadata":{"emulator":{"name":"firestore"},"message":"Oct 03, 2026 10:51:32 PM io.gapi.emulators.netty.HttpVersionRoutingHandler channelRead\r\nINFO: Detected non-HTTP/2 connection.\r\n"}}
[debug] [2026-10-03T17:21:32.396Z] Oct 03, 2026 10:51:32 PM io.gapi.emulators.netty.HttpVersionRoutingHandler channelRead
INFO: Detected non-HTTP/2 connection.
 {"metadata":{"emulator":{"name":"firestore"},"message":"Oct 03, 2026 10:51:32 PM io.gapi.emulators.netty.HttpVersionRoutingHandler channelRead\r\nINFO: Detected non-HTTP/2 connection.\r\n"}}
[debug] [2026-10-03T17:21:32.433Z] Oct 03, 2026 10:51:32 PM io.gapi.emulators.netty.HttpVersionRoutingHandler channelRead
INFO: Detected non-HTTP/2 connection.
 {"metadata":{"emulator":{"name":"firestore"},"message":"Oct 03, 2026 10:51:32 PM io.gapi.emulators.netty.HttpVersionRoutingHandler channelRead\r\nINFO: Detected non-HTTP/2 connection.\r\n"}}
[debug] [2026-10-03T17:21:32.475Z] Oct 03, 2026 10:51:32 PM io.gapi.emulators.netty.HttpVersionRoutingHandler channelRead
INFO: Detected non-HTTP/2 connection.
 {"metadata":{"emulator":{"name":"firestore"},"message":"Oct 03, 2026 10:51:32 PM io.gapi.emulators.netty.HttpVersionRoutingHandler channelRead\r\nINFO: Detected non-HTTP/2 connection.\r\n"}}
[debug] [2026-10-03T17:21:32.476Z] Oct 03, 2026 10:51:32 PM io.gapi.emulators.netty.HttpVersionRoutingHandler channelRead
INFO: Detected non-HTTP/2 connection.
 {"metadata":{"emulator":{"name":"firestore"},"message":"Oct 03, 2026 10:51:32 PM io.gapi.emulators.netty.HttpVersionRoutingHandler channelRead\r\nINFO: Detected non-HTTP/2 connection.\r\n"}}
[debug] [2026-10-03T17:21:32.546Z] Oct 03, 2026 10:51:32 PM io.gapi.emulators.netty.HttpVersionRoutingHandler channelRead
INFO: Detected non-HTTP/2 connection.
 {"metadata":{"emulator":{"name":"firestore"},"message":"Oct 03, 2026 10:51:32 PM io.gapi.emulators.netty.HttpVersionRoutingHandler channelRead\r\nINFO: Detected non-HTTP/2 connection.\r\n"}}
[debug] [2026-10-03T17:21:32.594Z] Oct 03, 2026 10:51:32 PM io.gapi.emulators.netty.HttpVersionRoutingHandler channelRead
INFO: Detected non-HTTP/2 connection.
 {"metadata":{"emulator":{"name":"firestore"},"message":"Oct 03, 2026 10:51:32 PM io.gapi.emulators.netty.HttpVersionRoutingHandler channelRead\r\nINFO: Detected non-HTTP/2 connection.\r\n"}}
[debug] [2026-10-03T17:21:32.699Z] Oct 03, 2026 10:51:32 PM io.gapi.emulators.netty.HttpVersionRoutingHandler channelRead
INFO: Detected non-HTTP/2 connection.
 {"metadata":{"emulator":{"name":"firestore"},"message":"Oct 03, 2026 10:51:32 PM io.gapi.emulators.netty.HttpVersionRoutingHandler channelRead\r\nINFO: Detected non-HTTP/2 connection.\r\n"}}
[debug] [2026-10-03T17:21:32.784Z] Oct 03, 2026 10:51:32 PM io.gapi.emulators.netty.HttpVersionRoutingHandler channelRead
INFO: Detected non-HTTP/2 connection.
 {"metadata":{"emulator":{"name":"firestore"},"message":"Oct 03, 2026 10:51:32 PM io.gapi.emulators.netty.HttpVersionRoutingHandler channelRead\r\nINFO: Detected non-HTTP/2 connection.\r\n"}}
[debug] [2026-10-03T17:21:33.053Z] Oct 03, 2026 10:51:33 PM io.gapi.emulators.netty.HttpVersionRoutingHandler channelRead
INFO: Detected non-HTTP/2 connection.
 {"metadata":{"emulator":{"name":"firestore"},"message":"Oct 03, 2026 10:51:33 PM io.gapi.emulators.netty.HttpVersionRoutingHandler channelRead\r\nINFO: Detected non-HTTP/2 connection.\r\n"}}
[debug] [2026-10-03T17:21:33.089Z] Oct 03, 2026 10:51:33 PM io.gapi.emulators.netty.HttpVersionRoutingHandler channelRead
INFO: Detected non-HTTP/2 connection.
 {"metadata":{"emulator":{"name":"firestore"},"message":"Oct 03, 2026 10:51:33 PM io.gapi.emulators.netty.HttpVersionRoutingHandler channelRead\r\nINFO: Detected non-HTTP/2 connection.\r\n"}}
[debug] [2026-10-03T17:21:33.121Z] Oct 03, 2026 10:51:33 PM io.gapi.emulators.netty.HttpVersionRoutingHandler channelRead
INFO: Detected non-HTTP/2 connection.
 {"metadata":{"emulator":{"name":"firestore"},"message":"Oct 03, 2026 10:51:33 PM io.gapi.emulators.netty.HttpVersionRoutingHandler channelRead\r\nINFO: Detected non-HTTP/2 connection.\r\n"}}
[debug] [2026-10-03T17:21:33.343Z] Oct 03, 2026 10:51:33 PM io.gapi.emulators.netty.HttpVersionRoutingHandler channelRead
INFO: Detected non-HTTP/2 connection.
 {"metadata":{"emulator":{"name":"firestore"},"message":"Oct 03, 2026 10:51:33 PM io.gapi.emulators.netty.HttpVersionRoutingHandler channelRead\r\nINFO: Detected non-HTTP/2 connection.\r\n"}}
[debug] [2026-10-03T17:21:33.356Z] Oct 03, 2026 10:51:33 PM io.gapi.emulators.netty.HttpVersionRoutingHandler channelRead
INFO: Detected non-HTTP/2 connection.
Oct 03, 2026 10:51:33 PM io.gapi.emulators.netty.HttpVersionRoutingHandler channelRead
INFO: Detected non-HTTP/2 connection.
 {"metadata":{"emulator":{"name":"firestore"},"message":"Oct 03, 2026 10:51:33 PM io.gapi.emulators.netty.HttpVersionRoutingHandler channelRead\r\nINFO: Detected non-HTTP/2 connection.\r\nOct 03, 2026 10:51:33 PM io.gapi.emulators.netty.HttpVersionRoutingHandler channelRead\r\nINFO: Detected non-HTTP/2 connection.\r\n"}}
[debug] [2026-10-03T17:21:33.358Z] Oct 03, 2026 10:51:33 PM io.gapi.emulators.netty.HttpVersionRoutingHandler channelRead
INFO: Detected non-HTTP/2 connection.
Oct 03, 2026 10:51:33 PM io.gapi.emulators.netty.HttpVersionRoutingHandler channelRead
INFO: Detected non-HTTP/2 connection.
Oct 03, 2026 10:51:33 PM io.gapi.emulators.netty.HttpVersionRoutingHandler channelRead
INFO: Detected non-HTTP/2 connection.
 {"metadata":{"emulator":{"name":"firestore"},"message":"Oct 03, 2026 10:51:33 PM io.gapi.emulators.netty.HttpVersionRoutingHandler channelRead\r\nINFO: Detected non-HTTP/2 connection.\r\nOct 03, 2026 10:51:33 PM io.gapi.emulators.netty.HttpVersionRoutingHandler channelRead\r\nINFO: Detected non-HTTP/2 connection.\r\nOct 03, 2026 10:51:33 PM io.gapi.emulators.netty.HttpVersionRoutingHandler channelRead\r\nINFO: Detected non-HTTP/2 connection.\r\n"}}
[debug] [2026-10-03T17:21:33.368Z] Oct 03, 2026 10:51:33 PM io.gapi.emulators.netty.HttpVersionRoutingHandler channelRead
INFO: Detected non-HTTP/2 connection.
 {"metadata":{"emulator":{"name":"firestore"},"message":"Oct 03, 2026 10:51:33 PM io.gapi.emulators.netty.HttpVersionRoutingHandler channelRead\r\nINFO: Detected non-HTTP/2 connection.\r\n"}}
[debug] [2026-10-03T17:21:33.373Z] Oct 03, 2026 10:51:33 PM io.gapi.emulators.netty.HttpVersionRoutingHandler channelRead
INFO: Detected non-HTTP/2 connection.
Oct 03, 2026 10:51:33 PM io.gapi.emulators.netty.HttpVersionRoutingHandler channelRead
INFO: Detected non-HTTP/2 connection.
 {"metadata":{"emulator":{"name":"firestore"},"message":"Oct 03, 2026 10:51:33 PM io.gapi.emulators.netty.HttpVersionRoutingHandler channelRead\r\nINFO: Detected non-HTTP/2 connection.\r\nOct 03, 2026 10:51:33 PM io.gapi.emulators.netty.HttpVersionRoutingHandler channelRead\r\nINFO: Detected non-HTTP/2 connection.\r\n"}}
[debug] [2026-10-03T17:21:33.490Z] Oct 03, 2026 10:51:33 PM io.gapi.emulators.netty.HttpVersionRoutingHandler channelRead
INFO: Detected HTTP/2 connection.
 {"metadata":{"emulator":{"name":"firestore"},"message":"Oct 03, 2026 10:51:33 PM io.gapi.emulators.netty.HttpVersionRoutingHandler channelRead\r\nINFO: Detected HTTP/2 connection.\r\n"}}
[debug] [2026-10-03T17:22:07.304Z] Oct 03, 2026 10:52:07 PM io.netty.channel.DefaultChannelPipeline onUnhandledInboundException
WARNING: An exceptionCaught() event was fired, and it reached at the tail of the pipeline. It usually means the last handler in the pipeline did not handle the exception.
java.net.SocketException: Connection reset
	at java.base/sun.nio.ch.SocketChannelImpl.throwConnectionReset(Unknown Source)
	at java.base/sun.nio.ch.SocketChannelImpl.read(Unknown Source)
	at io.netty.buffer.PooledByteBuf.setBytes(PooledByteBuf.java:255)
	at io.netty.buffer.AbstractByteBuf.writeBytes(AbstractByteBuf.java:1132)
	at io.netty.channel.socket.nio.NioSocketChannel.doReadBytes(NioSocketChannel.java:356)
	at io.netty.channel.nio.AbstractNioByteChannel$NioByteUnsafe.read(AbstractNioByteChannel.java:156)
	at io.netty.channel.nio.NioEventLoop.processSelectedKey(NioEventLoop.java:796)
	at io.netty.channel.nio.NioEventLoop.processSelectedKeysOptimized(NioEventLoop.java:732)
	at io.netty.channel.nio.NioEventLoop.processSelectedKeys(NioEventLoop.java:658)
	at io.netty.channel.nio.NioEventLoop.run(NioEventLoop.java:562)
	at io.netty.util.concurrent.SingleThreadEventExecutor$4.run(SingleThreadEventExecutor.java:998)
	at io.netty.util.internal.ThreadExecutorMap$2.run(ThreadExecutorMap.java:74)
	at io.netty.util.concurrent.FastThreadLocalRunnable.run(FastThreadLocalRunnable.java:30)
	at java.base/java.lang.Thread.run(Unknown Source)

 {"metadata":{"emulator":{"name":"firestore"},"message":"Oct 03, 2026 10:52:07 PM io.netty.channel.DefaultChannelPipeline onUnhandledInboundException\r\nWARNING: An exceptionCaught() event was fired, and it reached at the tail of the pipeline. It usually means the last handler in the pipeline did not handle the exception.\r\njava.net.SocketException: Connection reset\r\n\tat java.base/sun.nio.ch.SocketChannelImpl.throwConnectionReset(Unknown Source)\r\n\tat java.base/sun.nio.ch.SocketChannelImpl.read(Unknown Source)\r\n\tat io.netty.buffer.PooledByteBuf.setBytes(PooledByteBuf.java:255)\r\n\tat io.netty.buffer.AbstractByteBuf.writeBytes(AbstractByteBuf.java:1132)\r\n\tat io.netty.channel.socket.nio.NioSocketChannel.doReadBytes(NioSocketChannel.java:356)\r\n\tat io.netty.channel.nio.AbstractNioByteChannel$NioByteUnsafe.read(AbstractNioByteChannel.java:156)\r\n\tat io.netty.channel.nio.NioEventLoop.processSelectedKey(NioEventLoop.java:796)\r\n\tat io.netty.channel.nio.NioEventLoop.processSelectedKeysOptimized(NioEventLoop.java:732)\r\n\tat io.netty.channel.nio.NioEventLoop.processSelectedKeys(NioEventLoop.java:658)\r\n\tat io.netty.channel.nio.NioEventLoop.run(NioEventLoop.java:562)\r\n\tat io.netty.util.concurrent.SingleThreadEventExecutor$4.run(SingleThreadEventExecutor.java:998)\r\n\tat io.netty.util.internal.ThreadExecutorMap$2.run(ThreadExecutorMap.java:74)\r\n\tat io.netty.util.concurrent.FastThreadLocalRunnable.run(FastThreadLocalRunnable.java:30)\r\n\tat java.base/java.lang.Thread.run(Unknown Source)\r\n\r\n"}}
[debug] [2026-10-03T17:22:09.254Z] Oct 03, 2026 10:52:09 PM io.gapi.emulators.netty.HttpVersionRoutingHandler channelRead
INFO: Detected HTTP/2 connection.
 {"metadata":{"emulator":{"name":"firestore"},"message":"Oct 03, 2026 10:52:09 PM io.gapi.emulators.netty.HttpVersionRoutingHandler channelRead\r\nINFO: Detected HTTP/2 connection.\r\n"}}
[debug] [2026-10-03T17:22:10.008Z] Oct 03, 2026 10:52:10 PM io.gapi.emulators.netty.HttpVersionRoutingHandler channelRead
INFO: Detected non-HTTP/2 connection.
 {"metadata":{"emulator":{"name":"firestore"},"message":"Oct 03, 2026 10:52:10 PM io.gapi.emulators.netty.HttpVersionRoutingHandler channelRead\r\nINFO: Detected non-HTTP/2 connection.\r\n"}}
[debug] [2026-10-03T17:22:10.110Z] Oct 03, 2026 10:52:10 PM io.gapi.emulators.netty.HttpVersionRoutingHandler channelRead
INFO: Detected non-HTTP/2 connection.
 {"metadata":{"emulator":{"name":"firestore"},"message":"Oct 03, 2026 10:52:10 PM io.gapi.emulators.netty.HttpVersionRoutingHandler channelRead\r\nINFO: Detected non-HTTP/2 connection.\r\n"}}
[debug] [2026-10-03T17:22:10.164Z] Oct 03, 2026 10:52:10 PM io.gapi.emulators.netty.HttpVersionRoutingHandler channelRead
INFO: Detected non-HTTP/2 connection.
 {"metadata":{"emulator":{"name":"firestore"},"message":"Oct 03, 2026 10:52:10 PM io.gapi.emulators.netty.HttpVersionRoutingHandler channelRead\r\nINFO: Detected non-HTTP/2 connection.\r\n"}}
[debug] [2026-10-03T17:22:10.172Z] Oct 03, 2026 10:52:10 PM io.gapi.emulators.netty.HttpVersionRoutingHandler channelRead
INFO: Detected non-HTTP/2 connection.
 {"metadata":{"emulator":{"name":"firestore"},"message":"Oct 03, 2026 10:52:10 PM io.gapi.emulators.netty.HttpVersionRoutingHandler channelRead\r\nINFO: Detected non-HTTP/2 connection.\r\n"}}
[debug] [2026-10-03T17:22:10.193Z] Oct 03, 2026 10:52:10 PM io.gapi.emulators.netty.HttpVersionRoutingHandler channelRead
INFO: Detected non-HTTP/2 connection.
 {"metadata":{"emulator":{"name":"firestore"},"message":"Oct 03, 2026 10:52:10 PM io.gapi.emulators.netty.HttpVersionRoutingHandler channelRead\r\nINFO: Detected non-HTTP/2 connection.\r\n"}}
[debug] [2026-10-03T17:22:10.204Z] Oct 03, 2026 10:52:10 PM io.gapi.emulators.netty.HttpVersionRoutingHandler channelRead
INFO: Detected non-HTTP/2 connection.
 {"metadata":{"emulator":{"name":"firestore"},"message":"Oct 03, 2026 10:52:10 PM io.gapi.emulators.netty.HttpVersionRoutingHandler channelRead\r\nINFO: Detected non-HTTP/2 connection.\r\n"}}
[debug] [2026-10-03T17:22:10.231Z] Oct 03, 2026 10:52:10 PM io.gapi.emulators.netty.HttpVersionRoutingHandler channelRead
INFO: Detected non-HTTP/2 connection.
 {"metadata":{"emulator":{"name":"firestore"},"message":"Oct 03, 2026 10:52:10 PM io.gapi.emulators.netty.HttpVersionRoutingHandler channelRead\r\nINFO: Detected non-HTTP/2 connection.\r\n"}}
[debug] [2026-10-03T17:22:10.253Z] Oct 03, 2026 10:52:10 PM io.gapi.emulators.netty.HttpVersionRoutingHandler channelRead
INFO: Detected non-HTTP/2 connection.
 {"metadata":{"emulator":{"name":"firestore"},"message":"Oct 03, 2026 10:52:10 PM io.gapi.emulators.netty.HttpVersionRoutingHandler channelRead\r\nINFO: Detected non-HTTP/2 connection.\r\n"}}
[debug] [2026-10-03T17:22:10.281Z] Oct 03, 2026 10:52:10 PM io.gapi.emulators.netty.HttpVersionRoutingHandler channelRead
INFO: Detected non-HTTP/2 connection.
 {"metadata":{"emulator":{"name":"firestore"},"message":"Oct 03, 2026 10:52:10 PM io.gapi.emulators.netty.HttpVersionRoutingHandler channelRead\r\nINFO: Detected non-HTTP/2 connection.\r\n"}}
[debug] [2026-10-03T17:22:10.309Z] Oct 03, 2026 10:52:10 PM io.gapi.emulators.netty.HttpVersionRoutingHandler channelRead
INFO: Detected non-HTTP/2 connection.
 {"metadata":{"emulator":{"name":"firestore"},"message":"Oct 03, 2026 10:52:10 PM io.gapi.emulators.netty.HttpVersionRoutingHandler channelRead\r\nINFO: Detected non-HTTP/2 connection.\r\n"}}
[debug] [2026-10-03T17:22:10.315Z] Oct 03, 2026 10:52:10 PM io.gapi.emulators.netty.HttpVersionRoutingHandler channelRead
INFO: Detected non-HTTP/2 connection.
 {"metadata":{"emulator":{"name":"firestore"},"message":"Oct 03, 2026 10:52:10 PM io.gapi.emulators.netty.HttpVersionRoutingHandler channelRead\r\nINFO: Detected non-HTTP/2 connection.\r\n"}}
[debug] [2026-10-03T17:22:10.353Z] Oct 03, 2026 10:52:10 PM io.gapi.emulators.netty.HttpVersionRoutingHandler channelRead
INFO: Detected non-HTTP/2 connection.
 {"metadata":{"emulator":{"name":"firestore"},"message":"Oct 03, 2026 10:52:10 PM io.gapi.emulators.netty.HttpVersionRoutingHandler channelRead\r\nINFO: Detected non-HTTP/2 connection.\r\n"}}
[debug] [2026-10-03T17:22:10.391Z] Oct 03, 2026 10:52:10 PM io.gapi.emulators.netty.HttpVersionRoutingHandler channelRead
INFO: Detected non-HTTP/2 connection.
 {"metadata":{"emulator":{"name":"firestore"},"message":"Oct 03, 2026 10:52:10 PM io.gapi.emulators.netty.HttpVersionRoutingHandler channelRead\r\nINFO: Detected non-HTTP/2 connection.\r\n"}}
[debug] [2026-10-03T17:22:10.430Z] Oct 03, 2026 10:52:10 PM io.gapi.emulators.netty.HttpVersionRoutingHandler channelRead
INFO: Detected non-HTTP/2 connection.
 {"metadata":{"emulator":{"name":"firestore"},"message":"Oct 03, 2026 10:52:10 PM io.gapi.emulators.netty.HttpVersionRoutingHandler channelRead\r\nINFO: Detected non-HTTP/2 connection.\r\n"}}
[debug] [2026-10-03T17:22:10.476Z] Oct 03, 2026 10:52:10 PM io.gapi.emulators.netty.HttpVersionRoutingHandler channelRead
INFO: Detected non-HTTP/2 connection.
 {"metadata":{"emulator":{"name":"firestore"},"message":"Oct 03, 2026 10:52:10 PM io.gapi.emulators.netty.HttpVersionRoutingHandler channelRead\r\nINFO: Detected non-HTTP/2 connection.\r\n"}}
[debug] [2026-10-03T17:22:10.527Z] Oct 03, 2026 10:52:10 PM io.gapi.emulators.netty.HttpVersionRoutingHandler channelRead
INFO: Detected non-HTTP/2 connection.
 {"metadata":{"emulator":{"name":"firestore"},"message":"Oct 03, 2026 10:52:10 PM io.gapi.emulators.netty.HttpVersionRoutingHandler channelRead\r\nINFO: Detected non-HTTP/2 connection.\r\n"}}
[debug] [2026-10-03T17:22:10.550Z] Oct 03, 2026 10:52:10 PM io.gapi.emulators.netty.HttpVersionRoutingHandler channelRead
INFO: Detected non-HTTP/2 connection.
 {"metadata":{"emulator":{"name":"firestore"},"message":"Oct 03, 2026 10:52:10 PM io.gapi.emulators.netty.HttpVersionRoutingHandler channelRead\r\nINFO: Detected non-HTTP/2 connection.\r\n"}}
[debug] [2026-10-03T17:22:10.571Z] Oct 03, 2026 10:52:10 PM io.gapi.emulators.netty.HttpVersionRoutingHandler channelRead
INFO: Detected non-HTTP/2 connection.
 {"metadata":{"emulator":{"name":"firestore"},"message":"Oct 03, 2026 10:52:10 PM io.gapi.emulators.netty.HttpVersionRoutingHandler channelRead\r\nINFO: Detected non-HTTP/2 connection.\r\n"}}
[debug] [2026-10-03T17:22:11.120Z] Oct 03, 2026 10:52:11 PM io.gapi.emulators.netty.HttpVersionRoutingHandler channelRead
INFO: Detected non-HTTP/2 connection.
 {"metadata":{"emulator":{"name":"firestore"},"message":"Oct 03, 2026 10:52:11 PM io.gapi.emulators.netty.HttpVersionRoutingHandler channelRead\r\nINFO: Detected non-HTTP/2 connection.\r\n"}}
[debug] [2026-10-03T17:22:11.135Z] Oct 03, 2026 10:52:11 PM io.gapi.emulators.netty.HttpVersionRoutingHandler channelRead
INFO: Detected non-HTTP/2 connection.
 {"metadata":{"emulator":{"name":"firestore"},"message":"Oct 03, 2026 10:52:11 PM io.gapi.emulators.netty.HttpVersionRoutingHandler channelRead\r\nINFO: Detected non-HTTP/2 connection.\r\n"}}
[debug] [2026-10-03T17:22:11.157Z] Oct 03, 2026 10:52:11 PM io.gapi.emulators.netty.HttpVersionRoutingHandler channelRead
INFO: Detected non-HTTP/2 connection.
Oct 03, 2026 10:52:11 PM io.gapi.emulators.netty.HttpVersionRoutingHandler channelRead
INFO: Detected non-HTTP/2 connection.
Oct 03, 2026 10:52:11 PM io.gapi.emulators.netty.HttpVersionRoutingHandler channelRead
INFO: Detected non-HTTP/2 connection.
Oct 03, 2026 10:52:11 PM io.gapi.emulators.netty.HttpVersionRoutingHandler channelRead
INFO: Detected non-HTTP/2 connection.
Oct 03, 2026 10:52:11 PM io.gapi.emulators.netty.HttpVersionRoutingHandler channelRead
INFO: Detected non-HTTP/2 connection.
 {"metadata":{"emulator":{"name":"firestore"},"message":"Oct 03, 2026 10:52:11 PM io.gapi.emulators.netty.HttpVersionRoutingHandler channelRead\r\nINFO: Detected non-HTTP/2 connection.\r\nOct 03, 2026 10:52:11 PM io.gapi.emulators.netty.HttpVersionRoutingHandler channelRead\r\nINFO: Detected non-HTTP/2 connection.\r\nOct 03, 2026 10:52:11 PM io.gapi.emulators.netty.HttpVersionRoutingHandler channelRead\r\nINFO: Detected non-HTTP/2 connection.\r\nOct 03, 2026 10:52:11 PM io.gapi.emulators.netty.HttpVersionRoutingHandler channelRead\r\nINFO: Detected non-HTTP/2 connection.\r\nOct 03, 2026 10:52:11 PM io.gapi.emulators.netty.HttpVersionRoutingHandler channelRead\r\nINFO: Detected non-HTTP/2 connection.\r\n"}}
[debug] [2026-10-03T17:22:43.349Z] Oct 03, 2026 10:52:43 PM io.netty.channel.DefaultChannelPipeline onUnhandledInboundException
WARNING: An exceptionCaught() event was fired, and it reached at the tail of the pipeline. It usually means the last handler in the pipeline did not handle the exception.
java.net.SocketException: Connection reset
	at java.base/sun.nio.ch.SocketChannelImpl.throwConnectionReset(Unknown Source)
	at java.base/sun.nio.ch.SocketChannelImpl.read(Unknown Source)
	at io.netty.buffer.PooledByteBuf.setBytes(PooledByteBuf.java:255)
	at io.netty.buffer.AbstractByteBuf.writeBytes(AbstractByteBuf.java:1132)
	at io.netty.channel.socket.nio.NioSocketChannel.doReadBytes(NioSocketChannel.java:356)
	at io.netty.channel.nio.AbstractNioByteChannel$NioByteUnsafe.read(AbstractNioByteChannel.java:156)
	at io.netty.channel.nio.NioEventLoop.processSelectedKey(NioEventLoop.java:796)
	at io.netty.channel.nio.NioEventLoop.processSelectedKeysOptimized(NioEventLoop.java:732)
	at io.netty.channel.nio.NioEventLoop.processSelectedKeys(NioEventLoop.java:658)
	at io.netty.channel.nio.NioEventLoop.run(NioEventLoop.java:562)
	at io.netty.util.concurrent.SingleThreadEventExecutor$4.run(SingleThreadEventExecutor.java:998)
	at io.netty.util.internal.ThreadExecutorMap$2.run(ThreadExecutorMap.java:74)
	at io.netty.util.concurrent.FastThreadLocalRunnable.run(FastThreadLocalRunnable.java:30)
	at java.base/java.lang.Thread.run(Unknown Source)

 {"metadata":{"emulator":{"name":"firestore"},"message":"Oct 03, 2026 10:52:43 PM io.netty.channel.DefaultChannelPipeline onUnhandledInboundException\r\nWARNING: An exceptionCaught() event was fired, and it reached at the tail of the pipeline. It usually means the last handler in the pipeline did not handle the exception.\r\njava.net.SocketException: Connection reset\r\n\tat java.base/sun.nio.ch.SocketChannelImpl.throwConnectionReset(Unknown Source)\r\n\tat java.base/sun.nio.ch.SocketChannelImpl.read(Unknown Source)\r\n\tat io.netty.buffer.PooledByteBuf.setBytes(PooledByteBuf.java:255)\r\n\tat io.netty.buffer.AbstractByteBuf.writeBytes(AbstractByteBuf.java:1132)\r\n\tat io.netty.channel.socket.nio.NioSocketChannel.doReadBytes(NioSocketChannel.java:356)\r\n\tat io.netty.channel.nio.AbstractNioByteChannel$NioByteUnsafe.read(AbstractNioByteChannel.java:156)\r\n\tat io.netty.channel.nio.NioEventLoop.processSelectedKey(NioEventLoop.java:796)\r\n\tat io.netty.channel.nio.NioEventLoop.processSelectedKeysOptimized(NioEventLoop.java:732)\r\n\tat io.netty.channel.nio.NioEventLoop.processSelectedKeys(NioEventLoop.java:658)\r\n\tat io.netty.channel.nio.NioEventLoop.run(NioEventLoop.java:562)\r\n\tat io.netty.util.concurrent.SingleThreadEventExecutor$4.run(SingleThreadEventExecutor.java:998)\r\n\tat io.netty.util.internal.ThreadExecutorMap$2.run(ThreadExecutorMap.java:74)\r\n\tat io.netty.util.concurrent.FastThreadLocalRunnable.run(FastThreadLocalRunnable.java:30)\r\n\tat java.base/java.lang.Thread.run(Unknown Source)\r\n\r\n"}}
[debug] [2026-10-03T17:22:45.011Z] Oct 03, 2026 10:52:45 PM io.gapi.emulators.netty.HttpVersionRoutingHandler channelRead
INFO: Detected HTTP/2 connection.
 {"metadata":{"emulator":{"name":"firestore"},"message":"Oct 03, 2026 10:52:45 PM io.gapi.emulators.netty.HttpVersionRoutingHandler channelRead\r\nINFO: Detected HTTP/2 connection.\r\n"}}
[debug] [2026-10-03T17:22:45.784Z] Oct 03, 2026 10:52:45 PM io.gapi.emulators.netty.HttpVersionRoutingHandler channelRead
INFO: Detected non-HTTP/2 connection.
 {"metadata":{"emulator":{"name":"firestore"},"message":"Oct 03, 2026 10:52:45 PM io.gapi.emulators.netty.HttpVersionRoutingHandler channelRead\r\nINFO: Detected non-HTTP/2 connection.\r\n"}}
[debug] [2026-10-03T17:22:45.826Z] Oct 03, 2026 10:52:45 PM io.gapi.emulators.netty.HttpVersionRoutingHandler channelRead
INFO: Detected non-HTTP/2 connection.
 {"metadata":{"emulator":{"name":"firestore"},"message":"Oct 03, 2026 10:52:45 PM io.gapi.emulators.netty.HttpVersionRoutingHandler channelRead\r\nINFO: Detected non-HTTP/2 connection.\r\n"}}
[debug] [2026-10-03T17:22:45.843Z] Oct 03, 2026 10:52:45 PM io.gapi.emulators.netty.HttpVersionRoutingHandler channelRead
INFO: Detected non-HTTP/2 connection.
 {"metadata":{"emulator":{"name":"firestore"},"message":"Oct 03, 2026 10:52:45 PM io.gapi.emulators.netty.HttpVersionRoutingHandler channelRead\r\nINFO: Detected non-HTTP/2 connection.\r\n"}}
[debug] [2026-10-03T17:22:45.849Z] Oct 03, 2026 10:52:45 PM io.gapi.emulators.netty.HttpVersionRoutingHandler channelRead
INFO: Detected non-HTTP/2 connection.
 {"metadata":{"emulator":{"name":"firestore"},"message":"Oct 03, 2026 10:52:45 PM io.gapi.emulators.netty.HttpVersionRoutingHandler channelRead\r\nINFO: Detected non-HTTP/2 connection.\r\n"}}
[debug] [2026-10-03T17:22:45.863Z] Oct 03, 2026 10:52:45 PM io.gapi.emulators.netty.HttpVersionRoutingHandler channelRead
INFO: Detected non-HTTP/2 connection.
 {"metadata":{"emulator":{"name":"firestore"},"message":"Oct 03, 2026 10:52:45 PM io.gapi.emulators.netty.HttpVersionRoutingHandler channelRead\r\nINFO: Detected non-HTTP/2 connection.\r\n"}}
[debug] [2026-10-03T17:22:45.878Z] Oct 03, 2026 10:52:45 PM io.gapi.emulators.netty.HttpVersionRoutingHandler channelRead
INFO: Detected non-HTTP/2 connection.
 {"metadata":{"emulator":{"name":"firestore"},"message":"Oct 03, 2026 10:52:45 PM io.gapi.emulators.netty.HttpVersionRoutingHandler channelRead\r\nINFO: Detected non-HTTP/2 connection.\r\n"}}
[debug] [2026-10-03T17:22:45.910Z] Oct 03, 2026 10:52:45 PM io.gapi.emulators.netty.HttpVersionRoutingHandler channelRead
INFO: Detected non-HTTP/2 connection.
 {"metadata":{"emulator":{"name":"firestore"},"message":"Oct 03, 2026 10:52:45 PM io.gapi.emulators.netty.HttpVersionRoutingHandler channelRead\r\nINFO: Detected non-HTTP/2 connection.\r\n"}}
[debug] [2026-10-03T17:22:45.932Z] Oct 03, 2026 10:52:45 PM io.gapi.emulators.netty.HttpVersionRoutingHandler channelRead
INFO: Detected non-HTTP/2 connection.
 {"metadata":{"emulator":{"name":"firestore"},"message":"Oct 03, 2026 10:52:45 PM io.gapi.emulators.netty.HttpVersionRoutingHandler channelRead\r\nINFO: Detected non-HTTP/2 connection.\r\n"}}
[debug] [2026-10-03T17:22:45.975Z] Oct 03, 2026 10:52:45 PM io.gapi.emulators.netty.HttpVersionRoutingHandler channelRead
INFO: Detected non-HTTP/2 connection.
 {"metadata":{"emulator":{"name":"firestore"},"message":"Oct 03, 2026 10:52:45 PM io.gapi.emulators.netty.HttpVersionRoutingHandler channelRead\r\nINFO: Detected non-HTTP/2 connection.\r\n"}}
[debug] [2026-10-03T17:22:46.007Z] Oct 03, 2026 10:52:46 PM io.gapi.emulators.netty.HttpVersionRoutingHandler channelRead
INFO: Detected non-HTTP/2 connection.
 {"metadata":{"emulator":{"name":"firestore"},"message":"Oct 03, 2026 10:52:46 PM io.gapi.emulators.netty.HttpVersionRoutingHandler channelRead\r\nINFO: Detected non-HTTP/2 connection.\r\n"}}
[debug] [2026-10-03T17:22:46.010Z] Oct 03, 2026 10:52:46 PM io.gapi.emulators.netty.HttpVersionRoutingHandler channelRead
INFO: Detected non-HTTP/2 connection.
 {"metadata":{"emulator":{"name":"firestore"},"message":"Oct 03, 2026 10:52:46 PM io.gapi.emulators.netty.HttpVersionRoutingHandler channelRead\r\nINFO: Detected non-HTTP/2 connection.\r\n"}}
[debug] [2026-10-03T17:22:46.062Z] Oct 03, 2026 10:52:46 PM io.gapi.emulators.netty.HttpVersionRoutingHandler channelRead
INFO: Detected non-HTTP/2 connection.
 {"metadata":{"emulator":{"name":"firestore"},"message":"Oct 03, 2026 10:52:46 PM io.gapi.emulators.netty.HttpVersionRoutingHandler channelRead\r\nINFO: Detected non-HTTP/2 connection.\r\n"}}
[debug] [2026-10-03T17:22:46.092Z] Oct 03, 2026 10:52:46 PM io.gapi.emulators.netty.HttpVersionRoutingHandler channelRead
INFO: Detected non-HTTP/2 connection.
 {"metadata":{"emulator":{"name":"firestore"},"message":"Oct 03, 2026 10:52:46 PM io.gapi.emulators.netty.HttpVersionRoutingHandler channelRead\r\nINFO: Detected non-HTTP/2 connection.\r\n"}}
[debug] [2026-10-03T17:22:46.140Z] Oct 03, 2026 10:52:46 PM io.gapi.emulators.netty.HttpVersionRoutingHandler channelRead
INFO: Detected non-HTTP/2 connection.
 {"metadata":{"emulator":{"name":"firestore"},"message":"Oct 03, 2026 10:52:46 PM io.gapi.emulators.netty.HttpVersionRoutingHandler channelRead\r\nINFO: Detected non-HTTP/2 connection.\r\n"}}
[debug] [2026-10-03T17:22:46.184Z] Oct 03, 2026 10:52:46 PM io.gapi.emulators.netty.HttpVersionRoutingHandler channelRead
INFO: Detected non-HTTP/2 connection.
 {"metadata":{"emulator":{"name":"firestore"},"message":"Oct 03, 2026 10:52:46 PM io.gapi.emulators.netty.HttpVersionRoutingHandler channelRead\r\nINFO: Detected non-HTTP/2 connection.\r\n"}}
[debug] [2026-10-03T17:22:46.247Z] Oct 03, 2026 10:52:46 PM io.gapi.emulators.netty.HttpVersionRoutingHandler channelRead
INFO: Detected non-HTTP/2 connection.
 {"metadata":{"emulator":{"name":"firestore"},"message":"Oct 03, 2026 10:52:46 PM io.gapi.emulators.netty.HttpVersionRoutingHandler channelRead\r\nINFO: Detected non-HTTP/2 connection.\r\n"}}
[debug] [2026-10-03T17:22:46.274Z] Oct 03, 2026 10:52:46 PM io.gapi.emulators.netty.HttpVersionRoutingHandler channelRead
INFO: Detected non-HTTP/2 connection.
 {"metadata":{"emulator":{"name":"firestore"},"message":"Oct 03, 2026 10:52:46 PM io.gapi.emulators.netty.HttpVersionRoutingHandler channelRead\r\nINFO: Detected non-HTTP/2 connection.\r\n"}}
[debug] [2026-10-03T17:22:46.294Z] Oct 03, 2026 10:52:46 PM io.gapi.emulators.netty.HttpVersionRoutingHandler channelRead
INFO: Detected non-HTTP/2 connection.
 {"metadata":{"emulator":{"name":"firestore"},"message":"Oct 03, 2026 10:52:46 PM io.gapi.emulators.netty.HttpVersionRoutingHandler channelRead\r\nINFO: Detected non-HTTP/2 connection.\r\n"}}
[debug] [2026-10-03T17:22:46.826Z] Oct 03, 2026 10:52:46 PM io.gapi.emulators.netty.HttpVersionRoutingHandler channelRead
INFO: Detected non-HTTP/2 connection.
 {"metadata":{"emulator":{"name":"firestore"},"message":"Oct 03, 2026 10:52:46 PM io.gapi.emulators.netty.HttpVersionRoutingHandler channelRead\r\nINFO: Detected non-HTTP/2 connection.\r\n"}}
[debug] [2026-10-03T17:22:46.828Z] Oct 03, 2026 10:52:46 PM io.gapi.emulators.netty.HttpVersionRoutingHandler channelRead
INFO: Detected non-HTTP/2 connection.
 {"metadata":{"emulator":{"name":"firestore"},"message":"Oct 03, 2026 10:52:46 PM io.gapi.emulators.netty.HttpVersionRoutingHandler channelRead\r\nINFO: Detected non-HTTP/2 connection.\r\n"}}
[debug] [2026-10-03T17:22:46.842Z] Oct 03, 2026 10:52:46 PM io.gapi.emulators.netty.HttpVersionRoutingHandler channelRead
INFO: Detected non-HTTP/2 connection.
Oct 03, 2026 10:52:46 PM io.gapi.emulators.netty.HttpVersionRoutingHandler channelRead
INFO: Detected non-HTTP/2 connection.
Oct 03, 2026 10:52:46 PM io.gapi.emulators.netty.HttpVersionRoutingHandler channelRead
INFO: Detected non-HTTP/2 connection.
Oct 03, 2026 10:52:46 PM io.gapi.emulators.netty.HttpVersionRoutingHandler channelRead
INFO: Detected non-HTTP/2 connection.
 {"metadata":{"emulator":{"name":"firestore"},"message":"Oct 03, 2026 10:52:46 PM io.gapi.emulators.netty.HttpVersionRoutingHandler channelRead\r\nINFO: Detected non-HTTP/2 connection.\r\nOct 03, 2026 10:52:46 PM io.gapi.emulators.netty.HttpVersionRoutingHandler channelRead\r\nINFO: Detected non-HTTP/2 connection.\r\nOct 03, 2026 10:52:46 PM io.gapi.emulators.netty.HttpVersionRoutingHandler channelRead\r\nINFO: Detected non-HTTP/2 connection.\r\nOct 03, 2026 10:52:46 PM io.gapi.emulators.netty.HttpVersionRoutingHandler channelRead\r\nINFO: Detected non-HTTP/2 connection.\r\n"}}
[debug] [2026-10-03T17:22:46.847Z] Oct 03, 2026 10:52:46 PM io.gapi.emulators.netty.HttpVersionRoutingHandler channelRead
INFO: Detected non-HTTP/2 connection.
 {"metadata":{"emulator":{"name":"firestore"},"message":"Oct 03, 2026 10:52:46 PM io.gapi.emulators.netty.HttpVersionRoutingHandler channelRead\r\nINFO: Detected non-HTTP/2 connection.\r\n"}}
[debug] [2026-10-03T17:22:48.422Z] Oct 03, 2026 10:52:48 PM io.netty.channel.DefaultChannelPipeline onUnhandledInboundException
WARNING: An exceptionCaught() event was fired, and it reached at the tail of the pipeline. It usually means the last handler in the pipeline did not handle the exception.
java.net.SocketException: Connection reset
	at java.base/sun.nio.ch.SocketChannelImpl.throwConnectionReset(Unknown Source)
	at java.base/sun.nio.ch.SocketChannelImpl.read(Unknown Source)
	at io.netty.buffer.PooledByteBuf.setBytes(PooledByteBuf.java:255)
	at io.netty.buffer.AbstractByteBuf.writeBytes(AbstractByteBuf.java:1132)
	at io.netty.channel.socket.nio.NioSocketChannel.doReadBytes(NioSocketChannel.java:356)
	at io.netty.channel.nio.AbstractNioByteChannel$NioByteUnsafe.read(AbstractNioByteChannel.java:156)
	at io.netty.channel.nio.NioEventLoop.processSelectedKey(NioEventLoop.java:796)
	at io.netty.channel.nio.NioEventLoop.processSelectedKeysOptimized(NioEventLoop.java:732)
	at io.netty.channel.nio.NioEventLoop.processSelectedKeys(NioEventLoop.java:658)
	at io.netty.channel.nio.NioEventLoop.run(NioEventLoop.java:562)
	at io.netty.util.concurrent.SingleThreadEventExecutor$4.run(SingleThreadEventExecutor.java:998)
	at io.netty.util.internal.ThreadExecutorMap$2.run(ThreadExecutorMap.java:74)
	at io.netty.util.concurrent.FastThreadLocalRunnable.run(FastThreadLocalRunnable.java:30)
	at java.base/java.lang.Thread.run(Unknown Source)

 {"metadata":{"emulator":{"name":"firestore"},"message":"Oct 03, 2026 10:52:48 PM io.netty.channel.DefaultChannelPipeline onUnhandledInboundException\r\nWARNING: An exceptionCaught() event was fired, and it reached at the tail of the pipeline. It usually means the last handler in the pipeline did not handle the exception.\r\njava.net.SocketException: Connection reset\r\n\tat java.base/sun.nio.ch.SocketChannelImpl.throwConnectionReset(Unknown Source)\r\n\tat java.base/sun.nio.ch.SocketChannelImpl.read(Unknown Source)\r\n\tat io.netty.buffer.PooledByteBuf.setBytes(PooledByteBuf.java:255)\r\n\tat io.netty.buffer.AbstractByteBuf.writeBytes(AbstractByteBuf.java:1132)\r\n\tat io.netty.channel.socket.nio.NioSocketChannel.doReadBytes(NioSocketChannel.java:356)\r\n\tat io.netty.channel.nio.AbstractNioByteChannel$NioByteUnsafe.read(AbstractNioByteChannel.java:156)\r\n\tat io.netty.channel.nio.NioEventLoop.processSelectedKey(NioEventLoop.java:796)\r\n\tat io.netty.channel.nio.NioEventLoop.processSelectedKeysOptimized(NioEventLoop.java:732)\r\n\tat io.netty.channel.nio.NioEventLoop.processSelectedKeys(NioEventLoop.java:658)\r\n\tat io.netty.channel.nio.NioEventLoop.run(NioEventLoop.java:562)\r\n\tat io.netty.util.concurrent.SingleThreadEventExecutor$4.run(SingleThreadEventExecutor.java:998)\r\n\tat io.netty.util.internal.ThreadExecutorMap$2.run(ThreadExecutorMap.java:74)\r\n\tat io.netty.util.concurrent.FastThreadLocalRunnable.run(FastThreadLocalRunnable.java:30)\r\n\tat java.base/java.lang.Thread.run(Unknown Source)\r\n\r\n"}}
[debug] [2026-10-03T17:24:06.150Z] ----------------------------------------------------------------------
[debug] [2026-10-03T17:24:06.154Z] Command:       C:\Program Files\nodejs\node.exe C:\Work\MiTutoraPro\node_modules\firebase-tools\lib\bin\firebase.js emulators:start --only auth,firestore --project demo-mitutora
[debug] [2026-10-03T17:24:06.154Z] CLI Version:   15.26.0
[debug] [2026-10-03T17:24:06.154Z] Platform:      win32
[debug] [2026-10-03T17:24:06.154Z] Node Version:  v25.9.0
[debug] [2026-10-03T17:24:06.154Z] Detected Agent: codex_cli
[debug] [2026-10-03T17:24:06.155Z] Time:          Sat Oct 03 2026 22:54:06 GMT+0530 (India Standard Time)
[debug] [2026-10-03T17:24:06.155Z] ----------------------------------------------------------------------
[debug] 
[debug] [2026-10-03T17:24:06.169Z] >>> [apiv2][query] GET https://firebase-public.firebaseio.com/cli.json [none]
[debug] [2026-10-03T17:24:08.314Z] *** [apiv2] error from fetch(https://firebase-public.firebaseio.com/cli.json, {"headers":{},"method":"GET"}): AggregateError
[warn] !  Unable to fetch the CLI MOTD and remote config. This is not a fatal error, but may indicate an issue with your network connection. 
[debug] [2026-10-03T17:24:08.315Z] Failed to fetch MOTD FirebaseError: Failed to make request to https://firebase-public.firebaseio.com/cli.json
[debug] [2026-10-03T17:24:08.400Z] openjdk version "21.0.10" 2026-01-20

[debug] [2026-10-03T17:24:08.400Z] OpenJDK Runtime Environment (build 21.0.10+-14961533-b1163.108)
OpenJDK 64-Bit Server VM (build 21.0.10+-14961533-b1163.108, mixed mode)

[debug] [2026-10-03T17:24:08.411Z] Parsed Java major version: 21
[info] i  emulators: Starting emulators: auth, firestore {"metadata":{"emulator":{"name":"hub"},"message":"Starting emulators: auth, firestore"}}
[info] i  emulators: Detected demo project ID "demo-mitutora", emulated services will use a demo configuration and attempts to access non-emulated services for this project will fail. {"metadata":{"emulator":{"name":"hub"},"message":"Detected demo project ID \"demo-mitutora\", emulated services will use a demo configuration and attempts to access non-emulated services for this project will fail."}}
[debug] [2026-10-03T17:24:08.429Z] [logging] Logging Emulator only supports listening on one address (127.0.0.1). Not listening on ::1
[debug] [2026-10-03T17:24:08.429Z] [auth] Authentication Emulator only supports listening on one address (127.0.0.1). Not listening on ::1
[debug] [2026-10-03T17:24:08.429Z] [firestore] Firestore Emulator only supports listening on one address (127.0.0.1). Not listening on ::1
[debug] [2026-10-03T17:24:08.429Z] [firestore.websocket] websocket server for firestore only supports listening on one address (127.0.0.1). Not listening on ::1
[debug] [2026-10-03T17:24:08.429Z] assigned listening specs for emulators {"user":{"hub":[{"address":"127.0.0.1","family":"IPv4","port":4400},{"address":"::1","family":"IPv6","port":4400}],"logging":[{"address":"127.0.0.1","family":"IPv4","port":4500}],"auth":[{"address":"127.0.0.1","family":"IPv4","port":9099}],"firestore":[{"address":"127.0.0.1","family":"IPv4","port":8080}],"firestore.websocket":[{"address":"127.0.0.1","family":"IPv4","port":9150}]},"metadata":{"message":"assigned listening specs for emulators"}}
[debug] [2026-10-03T17:24:08.436Z] Found emulator hub locator: {"version":"15.26.0","origins":["http://127.0.0.1:4400","http://[::1]:4400"],"pid":8100}
[debug] [2026-10-03T17:24:08.436Z] Write emulator hub locator at C:\Users\Avinash\AppData\Local\Temp\hub-demo-mitutora.json
[debug] [2026-10-03T17:24:08.453Z] Ignoring unsupported arg: auto_download {"metadata":{"emulator":{"name":"firestore"},"message":"Ignoring unsupported arg: auto_download"}}
[debug] [2026-10-03T17:24:08.453Z] Ignoring unsupported arg: single_project_mode_error {"metadata":{"emulator":{"name":"firestore"},"message":"Ignoring unsupported arg: single_project_mode_error"}}
[debug] [2026-10-03T17:24:08.454Z] Starting Firestore Emulator with command {"binary":"java","args":["-Dgoogle.cloud_firestore.debug_log_level=FINE","-Duser.language=en","-jar","C:\\Users\\Avinash\\.cache\\firebase\\emulators\\cloud-firestore-emulator-v1.22.0.jar","--host","127.0.0.1","--port",8080,"--websocket_port",9150,"--database-edition","standard","--project_id","demo-mitutora","--rules","C:\\Work\\MiTutoraPro\\firestore.rules","--single_project_mode",true],"optionalArgs":["port","webchannel_port","host","rules","websocket_port","database-edition","functions_emulator","seed_from_export","project_id","single_project_mode"],"joinArgs":false,"shell":false,"port":8080} {"metadata":{"emulator":{"name":"firestore"},"message":"Starting Firestore Emulator with command {\"binary\":\"java\",\"args\":[\"-Dgoogle.cloud_firestore.debug_log_level=FINE\",\"-Duser.language=en\",\"-jar\",\"C:\\\\Users\\\\Avinash\\\\.cache\\\\firebase\\\\emulators\\\\cloud-firestore-emulator-v1.22.0.jar\",\"--host\",\"127.0.0.1\",\"--port\",8080,\"--websocket_port\",9150,\"--database-edition\",\"standard\",\"--project_id\",\"demo-mitutora\",\"--rules\",\"C:\\\\Work\\\\MiTutoraPro\\\\firestore.rules\",\"--single_project_mode\",true],\"optionalArgs\":[\"port\",\"webchannel_port\",\"host\",\"rules\",\"websocket_port\",\"database-edition\",\"functions_emulator\",\"seed_from_export\",\"project_id\",\"single_project_mode\"],\"joinArgs\":false,\"shell\":false,\"port\":8080}"}}
[info] i  firestore: Firestore Emulator logging to firestore-debug.log {"metadata":{"emulator":{"name":"firestore"},"message":"Firestore Emulator logging to firestore-debug.log"}}
[debug] [2026-10-03T17:24:18.065Z] Oct 03, 2026 10:54:18 PM com.google.cloud.datastore.emulator.firestore.websocket.WebSocketServer start
INFO: Started WebSocket server on ws://127.0.0.1:9150
 {"metadata":{"emulator":{"name":"firestore"},"message":"Oct 03, 2026 10:54:18 PM com.google.cloud.datastore.emulator.firestore.websocket.WebSocketServer start\r\nINFO: Started WebSocket server on ws://127.0.0.1:9150\r\n"}}
[debug] [2026-10-03T17:24:18.127Z] 
API endpoint: http://127.0.0.1:8080
Database Edition:  {"metadata":{"emulator":{"name":"firestore"},"message":"\nAPI endpoint: http://127.0.0.1:8080\nDatabase Edition: "}}
[debug] [2026-10-03T17:24:18.128Z] STANDARD
Database Mode: CLOUD_FIRESTORE

If you are using a library that supports the FIRESTORE_EMULATOR_HOST environment variable, run:

   export FIRESTORE_EMULATOR_HOST=127.0.0.1:8080

If you are running a Firestore in Datastore Mode project, run:

   export DATASTORE_EMULATOR_HOST=127.0.0.1:8080

Note: Support for Datastore Mode is in preview. If you encounter any bugs please file at https://github.com/firebase/firebase-tools/issues.
Dev App Server is now running.

 {"metadata":{"emulator":{"name":"firestore"},"message":"STANDARD\nDatabase Mode: CLOUD_FIRESTORE\n\nIf you are using a library that supports the FIRESTORE_EMULATOR_HOST environment variable, run:\r\n\n   export FIRESTORE_EMULATOR_HOST=127.0.0.1:8080\n\nIf you are running a Firestore in Datastore Mode project, run:\r\n\n   export DATASTORE_EMULATOR_HOST=127.0.0.1:8080\n\nNote: Support for Datastore Mode is in preview. If you encounter any bugs please file at https://github.com/firebase/firebase-tools/issues.\r\nDev App Server is now running.\n\r\n"}}
[info] +  firestore: Firestore Emulator was started in standard edition. {"metadata":{"emulator":{"name":"firestore"},"message":"Firestore Emulator was started in standard edition."}}
[info] +  firestore: Firestore Emulator UI websocket is running on 9150. {"metadata":{"emulator":{"name":"firestore"},"message":"Firestore Emulator UI websocket is running on 9150."}}
[debug] [2026-10-03T17:24:23.702Z] Oct 03, 2026 10:54:18 PM io.gapi.emulators.netty.HttpVersionRoutingHandler channelRead
INFO: Detected non-HTTP/2 connection.
Oct 03, 2026 10:54:18 PM io.gapi.emulators.netty.NotFoundHandler handleRequest
INFO: Unknown request URI: /v1/projects/demo-mitutora/databases/(default)/documents?pageSize=1
Oct 03, 2026 10:54:18 PM io.gapi.emulators.netty.NotFoundHandler handleRequest
INFO: Unknown request URI: /v1/projects/demo-mitutora/databases/(default)/documents?pageSize=1
Oct 03, 2026 10:54:18 PM io.gapi.emulators.netty.NotFoundHandler handleRequest
INFO: Unknown request URI: /v1/projects/demo-mitutora/databases/(default)/documents?pageSize=1
Oct 03, 2026 10:54:19 PM io.gapi.emulators.netty.NotFoundHandler handleRequest
INFO: Unknown request URI: /v1/projects/demo-mitutora/databases/(default)/documents?pageSize=1
Oct 03, 2026 10:54:19 PM io.gapi.emulators.netty.NotFoundHandler handleRequest
INFO: Unknown request URI: /v1/projects/demo-mitutora/databases/(default)/documents?pageSize=1
Oct 03, 2026 10:54:19 PM io.gapi.emulators.netty.NotFoundHandler handleRequest
INFO: Unknown request URI: /v1/projects/demo-mitutora/databases/(default)/documents?pageSize=1
Oct 03, 2026 10:54:19 PM io.gapi.emulators.netty.NotFoundHandler handleRequest
INFO: Unknown request URI: /v1/projects/demo-mitutora/databases/(default)/documents?pageSize=1
Oct 03, 2026 10:54:20 PM io.gapi.emulators.netty.NotFoundHandler handleRequest
INFO: Unknown request URI: /v1/projects/demo-mitutora/databases/(default)/documents?pageSize=1
Oct 03, 2026 10:54:20 PM io.gapi.emulators.netty.NotFoundHandler handleRequest
INFO: Unknown request URI: /v1/projects/demo-mitutora/databases/(default)/documents?pageSize=1
Oct 03, 2026 10:54:20 PM io.gapi.emulators.netty.NotFoundHandler handleRequest
INFO: Unknown request URI: /v1/projects/demo-mitutora/databases/(default)/documents?pageSize=1
Oct 03, 2026 10:54:20 PM io.gapi.emulators.netty.NotFoundHandler handleRequest
INFO: Unknown request URI: /v1/projects/demo-mitutora/databases/(default)/documents?pageSize=1
Oct 03, 2026 10:54:21 PM io.gapi.emulators.netty.NotFoundHandler handleRequest
INFO: Unknown request URI: /v1/projects/demo-mitutora/databases/(default)/documents?pageSize=1
Oct 03, 2026 10:54:21 PM io.gapi.emulators.netty.NotFoundHandler handleRequest
INFO: Unknown request URI: /v1/projects/demo-mitutora/databases/(default)/documents?pageSize=1
Oct 03, 2026 10:54:21 PM io.gapi.emulators.netty.NotFoundHandler handleRequest
INFO: Unknown request URI: /v1/projects/demo-mitutora/databases/(default)/documents?pageSize=1
Oct 03, 2026 10:54:21 PM io.gapi.emulators.netty.NotFoundHandler handleRequest
INFO: Unknown request URI: /v1/projects/demo-mitutora/databases/(default)/documents?pageSize=1
Oct 03, 2026 10:54:22 PM io.gapi.emulators.netty.NotFoundHandler handleRequest
INFO: Unknown request URI: /v1/projects/demo-mitutora/databases/(default)/documents?pageSize=1
Oct 03, 2026 10:54:22 PM io.gapi.emulators.netty.NotFoundHandler handleRequest
INFO: Unknown request URI: /v1/projects/demo-mitutora/databases/(default)/documents?pageSize=1
Oct 03, 2026 10:54:22 PM io.gapi.emulators.netty.NotFoundHandler handleRequest
INFO: Unknown request URI: /v1/projects/demo-mitutora/databases/(default)/documents?pageSize=1
Oct 03, 2026 10:54:23 PM io.gapi.emulators.netty.NotFoundHandler handleRequest
INFO: Unknown request URI: /v1/projects/demo-mitutora/databases/(default)/documents?pageSize=1
Oct 03, 2026 10:54:23 PM io.gapi.emulators.netty.NotFoundHandler handleRequest
INFO: Unknown request URI: /v1/projects/demo-mitutora/databases/(default)/documents?pageSize=1
Oct 03, 2026 10:54:23 PM io.gapi.emulators.netty.NotFoundHandler handleRequest
INFO: Unknown request URI: /v1/projects/demo-mitutora/databases/(default)/documents?pageSize=1
 {"metadata":{"emulator":{"name":"firestore"},"message":"Oct 03, 2026 10:54:18 PM io.gapi.emulators.netty.HttpVersionRoutingHandler channelRead\r\nINFO: Detected non-HTTP/2 connection.\r\nOct 03, 2026 10:54:18 PM io.gapi.emulators.netty.NotFoundHandler handleRequest\r\nINFO: Unknown request URI: /v1/projects/demo-mitutora/databases/(default)/documents?pageSize=1\r\nOct 03, 2026 10:54:18 PM io.gapi.emulators.netty.NotFoundHandler handleRequest\r\nINFO: Unknown request URI: /v1/projects/demo-mitutora/databases/(default)/documents?pageSize=1\r\nOct 03, 2026 10:54:18 PM io.gapi.emulators.netty.NotFoundHandler handleRequest\r\nINFO: Unknown request URI: /v1/projects/demo-mitutora/databases/(default)/documents?pageSize=1\r\nOct 03, 2026 10:54:19 PM io.gapi.emulators.netty.NotFoundHandler handleRequest\r\nINFO: Unknown request URI: /v1/projects/demo-mitutora/databases/(default)/documents?pageSize=1\r\nOct 03, 2026 10:54:19 PM io.gapi.emulators.netty.NotFoundHandler handleRequest\r\nINFO: Unknown request URI: /v1/projects/demo-mitutora/databases/(default)/documents?pageSize=1\r\nOct 03, 2026 10:54:19 PM io.gapi.emulators.netty.NotFoundHandler handleRequest\r\nINFO: Unknown request URI: /v1/projects/demo-mitutora/databases/(default)/documents?pageSize=1\r\nOct 03, 2026 10:54:19 PM io.gapi.emulators.netty.NotFoundHandler handleRequest\r\nINFO: Unknown request URI: /v1/projects/demo-mitutora/databases/(default)/documents?pageSize=1\r\nOct 03, 2026 10:54:20 PM io.gapi.emulators.netty.NotFoundHandler handleRequest\r\nINFO: Unknown request URI: /v1/projects/demo-mitutora/databases/(default)/documents?pageSize=1\r\nOct 03, 2026 10:54:20 PM io.gapi.emulators.netty.NotFoundHandler handleRequest\r\nINFO: Unknown request URI: /v1/projects/demo-mitutora/databases/(default)/documents?pageSize=1\r\nOct 03, 2026 10:54:20 PM io.gapi.emulators.netty.NotFoundHandler handleRequest\r\nINFO: Unknown request URI: /v1/projects/demo-mitutora/databases/(default)/documents?pageSize=1\r\nOct 03, 2026 10:54:20 PM io.gapi.emulators.netty.NotFoundHandler handleRequest\r\nINFO: Unknown request URI: /v1/projects/demo-mitutora/databases/(default)/documents?pageSize=1\r\nOct 03, 2026 10:54:21 PM io.gapi.emulators.netty.NotFoundHandler handleRequest\r\nINFO: Unknown request URI: /v1/projects/demo-mitutora/databases/(default)/documents?pageSize=1\r\nOct 03, 2026 10:54:21 PM io.gapi.emulators.netty.NotFoundHandler handleRequest\r\nINFO: Unknown request URI: /v1/projects/demo-mitutora/databases/(default)/documents?pageSize=1\r\nOct 03, 2026 10:54:21 PM io.gapi.emulators.netty.NotFoundHandler handleRequest\r\nINFO: Unknown request URI: /v1/projects/demo-mitutora/databases/(default)/documents?pageSize=1\r\nOct 03, 2026 10:54:21 PM io.gapi.emulators.netty.NotFoundHandler handleRequest\r\nINFO: Unknown request URI: /v1/projects/demo-mitutora/databases/(default)/documents?pageSize=1\r\nOct 03, 2026 10:54:22 PM io.gapi.emulators.netty.NotFoundHandler handleRequest\r\nINFO: Unknown request URI: /v1/projects/demo-mitutora/databases/(default)/documents?pageSize=1\r\nOct 03, 2026 10:54:22 PM io.gapi.emulators.netty.NotFoundHandler handleRequest\r\nINFO: Unknown request URI: /v1/projects/demo-mitutora/databases/(default)/documents?pageSize=1\r\nOct 03, 2026 10:54:22 PM io.gapi.emulators.netty.NotFoundHandler handleRequest\r\nINFO: Unknown request URI: /v1/projects/demo-mitutora/databases/(default)/documents?pageSize=1\r\nOct 03, 2026 10:54:23 PM io.gapi.emulators.netty.NotFoundHandler handleRequest\r\nINFO: Unknown request URI: /v1/projects/demo-mitutora/databases/(default)/documents?pageSize=1\r\nOct 03, 2026 10:54:23 PM io.gapi.emulators.netty.NotFoundHandler handleRequest\r\nINFO: Unknown request URI: /v1/projects/demo-mitutora/databases/(default)/documents?pageSize=1\r\nOct 03, 2026 10:54:23 PM io.gapi.emulators.netty.NotFoundHandler handleRequest\r\nINFO: Unknown request URI: /v1/projects/demo-mitutora/databases/(default)/documents?pageSize=1\r\n"}}
[warn] !  emulators: The Emulator UI is not starting because none of the running emulators have a UI component. {"metadata":{"emulator":{"name":"hub"},"message":"The Emulator UI is not starting because none of the running emulators have a UI component."}}
[debug] [2026-10-03T17:24:23.728Z] Could not find VSCode notification endpoint: TypeError: fetch failed. If you are not running the Firebase SQL Connect VSCode extension, this is expected and not an issue.
[info] 
┌─────────────────────────────────────────────────────────────┐
│ ✔  All emulators ready! It is now safe to connect your app. │
└─────────────────────────────────────────────────────────────┘

┌────────────────┬────────────────┐
│ Emulator       │ Host:Port      │
├────────────────┼────────────────┤
│ Authentication │ 127.0.0.1:9099 │
├────────────────┼────────────────┤
│ Firestore      │ 127.0.0.1:8080 │
└────────────────┴────────────────┘
  Emulator Hub host: 127.0.0.1 port: 4400
  Other reserved ports: 4500, 9150

Issues? Report them at https://github.com/firebase/firebase-tools/issues and attach the *-debug.log files.
 
[debug] [2026-10-03T17:24:23.824Z] Oct 03, 2026 10:54:23 PM io.gapi.emulators.netty.NotFoundHandler handleRequest
INFO: Unknown request URI: /v1/projects/demo-mitutora/databases/(default)/documents?pageSize=1
 {"metadata":{"emulator":{"name":"firestore"},"message":"Oct 03, 2026 10:54:23 PM io.gapi.emulators.netty.NotFoundHandler handleRequest\r\nINFO: Unknown request URI: /v1/projects/demo-mitutora/databases/(default)/documents?pageSize=1\r\n"}}
[debug] [2026-10-03T17:25:28.046Z] Oct 03, 2026 10:55:27 PM io.gapi.emulators.netty.HttpVersionRoutingHandler channelRead
INFO: Detected HTTP/2 connection.
 {"metadata":{"emulator":{"name":"firestore"},"message":"Oct 03, 2026 10:55:27 PM io.gapi.emulators.netty.HttpVersionRoutingHandler channelRead\r\nINFO: Detected HTTP/2 connection.\r\n"}}
[debug] [2026-10-03T17:25:31.757Z] Oct 03, 2026 10:55:31 PM io.gapi.emulators.netty.HttpVersionRoutingHandler channelRead
INFO: Detected non-HTTP/2 connection.
 {"metadata":{"emulator":{"name":"firestore"},"message":"Oct 03, 2026 10:55:31 PM io.gapi.emulators.netty.HttpVersionRoutingHandler channelRead\r\nINFO: Detected non-HTTP/2 connection.\r\n"}}
[debug] [2026-10-03T17:25:32.415Z] Oct 03, 2026 10:55:32 PM io.gapi.emulators.netty.HttpVersionRoutingHandler channelRead
INFO: Detected non-HTTP/2 connection.
 {"metadata":{"emulator":{"name":"firestore"},"message":"Oct 03, 2026 10:55:32 PM io.gapi.emulators.netty.HttpVersionRoutingHandler channelRead\r\nINFO: Detected non-HTTP/2 connection.\r\n"}}
[debug] [2026-10-03T17:25:32.445Z] Oct 03, 2026 10:55:32 PM io.gapi.emulators.netty.HttpVersionRoutingHandler channelRead
INFO: Detected non-HTTP/2 connection.
 {"metadata":{"emulator":{"name":"firestore"},"message":"Oct 03, 2026 10:55:32 PM io.gapi.emulators.netty.HttpVersionRoutingHandler channelRead\r\nINFO: Detected non-HTTP/2 connection.\r\n"}}
[debug] [2026-10-03T17:25:32.451Z] Oct 03, 2026 10:55:32 PM io.gapi.emulators.netty.HttpVersionRoutingHandler channelRead
INFO: Detected non-HTTP/2 connection.
 {"metadata":{"emulator":{"name":"firestore"},"message":"Oct 03, 2026 10:55:32 PM io.gapi.emulators.netty.HttpVersionRoutingHandler channelRead\r\nINFO: Detected non-HTTP/2 connection.\r\n"}}
[debug] [2026-10-03T17:25:32.482Z] Oct 03, 2026 10:55:32 PM io.gapi.emulators.netty.HttpVersionRoutingHandler channelRead
INFO: Detected non-HTTP/2 connection.
 {"metadata":{"emulator":{"name":"firestore"},"message":"Oct 03, 2026 10:55:32 PM io.gapi.emulators.netty.HttpVersionRoutingHandler channelRead\r\nINFO: Detected non-HTTP/2 connection.\r\n"}}
[debug] [2026-10-03T17:25:32.495Z] Oct 03, 2026 10:55:32 PM io.gapi.emulators.netty.HttpVersionRoutingHandler channelRead
INFO: Detected non-HTTP/2 connection.
 {"metadata":{"emulator":{"name":"firestore"},"message":"Oct 03, 2026 10:55:32 PM io.gapi.emulators.netty.HttpVersionRoutingHandler channelRead\r\nINFO: Detected non-HTTP/2 connection.\r\n"}}
[debug] [2026-10-03T17:25:32.611Z] Oct 03, 2026 10:55:32 PM io.gapi.emulators.netty.HttpVersionRoutingHandler channelRead
INFO: Detected non-HTTP/2 connection.
 {"metadata":{"emulator":{"name":"firestore"},"message":"Oct 03, 2026 10:55:32 PM io.gapi.emulators.netty.HttpVersionRoutingHandler channelRead\r\nINFO: Detected non-HTTP/2 connection.\r\n"}}
[debug] [2026-10-03T17:25:32.642Z] Oct 03, 2026 10:55:32 PM io.gapi.emulators.netty.HttpVersionRoutingHandler channelRead
INFO: Detected non-HTTP/2 connection.
 {"metadata":{"emulator":{"name":"firestore"},"message":"Oct 03, 2026 10:55:32 PM io.gapi.emulators.netty.HttpVersionRoutingHandler channelRead\r\nINFO: Detected non-HTTP/2 connection.\r\n"}}
[debug] [2026-10-03T17:25:32.672Z] Oct 03, 2026 10:55:32 PM io.gapi.emulators.netty.HttpVersionRoutingHandler channelRead
INFO: Detected non-HTTP/2 connection.
 {"metadata":{"emulator":{"name":"firestore"},"message":"Oct 03, 2026 10:55:32 PM io.gapi.emulators.netty.HttpVersionRoutingHandler channelRead\r\nINFO: Detected non-HTTP/2 connection.\r\n"}}
[debug] [2026-10-03T17:25:32.713Z] Oct 03, 2026 10:55:32 PM io.gapi.emulators.netty.HttpVersionRoutingHandler channelRead
INFO: Detected non-HTTP/2 connection.
 {"metadata":{"emulator":{"name":"firestore"},"message":"Oct 03, 2026 10:55:32 PM io.gapi.emulators.netty.HttpVersionRoutingHandler channelRead\r\nINFO: Detected non-HTTP/2 connection.\r\n"}}
[debug] [2026-10-03T17:25:32.715Z] Oct 03, 2026 10:55:32 PM io.gapi.emulators.netty.HttpVersionRoutingHandler channelRead
INFO: Detected non-HTTP/2 connection.
 {"metadata":{"emulator":{"name":"firestore"},"message":"Oct 03, 2026 10:55:32 PM io.gapi.emulators.netty.HttpVersionRoutingHandler channelRead\r\nINFO: Detected non-HTTP/2 connection.\r\n"}}
[debug] [2026-10-03T17:25:32.779Z] Oct 03, 2026 10:55:32 PM io.gapi.emulators.netty.HttpVersionRoutingHandler channelRead
INFO: Detected non-HTTP/2 connection.
 {"metadata":{"emulator":{"name":"firestore"},"message":"Oct 03, 2026 10:55:32 PM io.gapi.emulators.netty.HttpVersionRoutingHandler channelRead\r\nINFO: Detected non-HTTP/2 connection.\r\n"}}
[debug] [2026-10-03T17:25:32.821Z] Oct 03, 2026 10:55:32 PM io.gapi.emulators.netty.HttpVersionRoutingHandler channelRead
INFO: Detected non-HTTP/2 connection.
 {"metadata":{"emulator":{"name":"firestore"},"message":"Oct 03, 2026 10:55:32 PM io.gapi.emulators.netty.HttpVersionRoutingHandler channelRead\r\nINFO: Detected non-HTTP/2 connection.\r\n"}}
[debug] [2026-10-03T17:25:32.887Z] Oct 03, 2026 10:55:32 PM io.gapi.emulators.netty.HttpVersionRoutingHandler channelRead
INFO: Detected non-HTTP/2 connection.
 {"metadata":{"emulator":{"name":"firestore"},"message":"Oct 03, 2026 10:55:32 PM io.gapi.emulators.netty.HttpVersionRoutingHandler channelRead\r\nINFO: Detected non-HTTP/2 connection.\r\n"}}
[debug] [2026-10-03T17:25:32.970Z] Oct 03, 2026 10:55:32 PM io.gapi.emulators.netty.HttpVersionRoutingHandler channelRead
INFO: Detected non-HTTP/2 connection.
 {"metadata":{"emulator":{"name":"firestore"},"message":"Oct 03, 2026 10:55:32 PM io.gapi.emulators.netty.HttpVersionRoutingHandler channelRead\r\nINFO: Detected non-HTTP/2 connection.\r\n"}}
[debug] [2026-10-03T17:25:33.278Z] Oct 03, 2026 10:55:33 PM io.gapi.emulators.netty.HttpVersionRoutingHandler channelRead
INFO: Detected non-HTTP/2 connection.
 {"metadata":{"emulator":{"name":"firestore"},"message":"Oct 03, 2026 10:55:33 PM io.gapi.emulators.netty.HttpVersionRoutingHandler channelRead\r\nINFO: Detected non-HTTP/2 connection.\r\n"}}
[debug] [2026-10-03T17:25:33.298Z] Oct 03, 2026 10:55:33 PM io.gapi.emulators.netty.HttpVersionRoutingHandler channelRead
INFO: Detected non-HTTP/2 connection.
Oct 03, 2026 10:55:33 PM io.gapi.emulators.netty.HttpVersionRoutingHandler channelRead
INFO: Detected non-HTTP/2 connection.
Oct 03, 2026 10:55:33 PM io.gapi.emulators.netty.HttpVersionRoutingHandler channelRead
INFO: Detected non-HTTP/2 connection.
Oct 03, 2026 10:55:33 PM io.gapi.emulators.netty.HttpVersionRoutingHandler channelRead
INFO: Detected non-HTTP/2 connection.
Oct 03, 2026 10:55:33 PM io.gapi.emulators.netty.HttpVersionRoutingHandler channelRead
INFO: Detected non-HTTP/2 connection.
 {"metadata":{"emulator":{"name":"firestore"},"message":"Oct 03, 2026 10:55:33 PM io.gapi.emulators.netty.HttpVersionRoutingHandler channelRead\r\nINFO: Detected non-HTTP/2 connection.\r\nOct 03, 2026 10:55:33 PM io.gapi.emulators.netty.HttpVersionRoutingHandler channelRead\r\nINFO: Detected non-HTTP/2 connection.\r\nOct 03, 2026 10:55:33 PM io.gapi.emulators.netty.HttpVersionRoutingHandler channelRead\r\nINFO: Detected non-HTTP/2 connection.\r\nOct 03, 2026 10:55:33 PM io.gapi.emulators.netty.HttpVersionRoutingHandler channelRead\r\nINFO: Detected non-HTTP/2 connection.\r\nOct 03, 2026 10:55:33 PM io.gapi.emulators.netty.HttpVersionRoutingHandler channelRead\r\nINFO: Detected non-HTTP/2 connection.\r\n"}}
[debug] [2026-10-03T17:25:33.321Z] Oct 03, 2026 10:55:33 PM io.gapi.emulators.netty.HttpVersionRoutingHandler channelRead
INFO: Detected non-HTTP/2 connection.
Oct 03, 2026 10:55:33 PM io.gapi.emulators.netty.HttpVersionRoutingHandler channelRead
INFO: Detected non-HTTP/2 connection.
Oct 03, 2026 10:55:33 PM io.gapi.emulators.netty.HttpVersionRoutingHandler channelRead
INFO: Detected non-HTTP/2 connection.
 {"metadata":{"emulator":{"name":"firestore"},"message":"Oct 03, 2026 10:55:33 PM io.gapi.emulators.netty.HttpVersionRoutingHandler channelRead\r\nINFO: Detected non-HTTP/2 connection.\r\nOct 03, 2026 10:55:33 PM io.gapi.emulators.netty.HttpVersionRoutingHandler channelRead\r\nINFO: Detected non-HTTP/2 connection.\r\nOct 03, 2026 10:55:33 PM io.gapi.emulators.netty.HttpVersionRoutingHandler channelRead\r\nINFO: Detected non-HTTP/2 connection.\r\n"}}
[debug] [2026-10-03T17:25:33.483Z] Oct 03, 2026 10:55:33 PM io.gapi.emulators.netty.HttpVersionRoutingHandler channelRead
INFO: Detected non-HTTP/2 connection.
 {"metadata":{"emulator":{"name":"firestore"},"message":"Oct 03, 2026 10:55:33 PM io.gapi.emulators.netty.HttpVersionRoutingHandler channelRead\r\nINFO: Detected non-HTTP/2 connection.\r\n"}}
[debug] [2026-10-03T17:25:33.501Z] Oct 03, 2026 10:55:33 PM io.gapi.emulators.netty.HttpVersionRoutingHandler channelRead
INFO: Detected HTTP/2 connection.
 {"metadata":{"emulator":{"name":"firestore"},"message":"Oct 03, 2026 10:55:33 PM io.gapi.emulators.netty.HttpVersionRoutingHandler channelRead\r\nINFO: Detected HTTP/2 connection.\r\n"}}
[debug] [2026-10-03T17:26:32.892Z] Oct 03, 2026 10:56:32 PM com.google.cloud.datastore.emulator.firestore.webchannel.FirestoreV1WebChannelAdapter$FirestoreWriteHandler onClose
INFO: channel closed
 {"metadata":{"emulator":{"name":"firestore"},"message":"Oct 03, 2026 10:56:32 PM com.google.cloud.datastore.emulator.firestore.webchannel.FirestoreV1WebChannelAdapter$FirestoreWriteHandler onClose\r\nINFO: channel closed\r\n"}}
[debug] [2026-10-03T17:26:33.916Z] Oct 03, 2026 10:56:33 PM io.gapi.emulators.netty.HttpVersionRoutingHandler channelRead
INFO: Detected non-HTTP/2 connection.
 {"metadata":{"emulator":{"name":"firestore"},"message":"Oct 03, 2026 10:56:33 PM io.gapi.emulators.netty.HttpVersionRoutingHandler channelRead\r\nINFO: Detected non-HTTP/2 connection.\r\n"}}
[debug] [2026-10-03T17:26:33.921Z] Oct 03, 2026 10:56:33 PM com.google.cloud.datastore.emulator.firestore.webchannel.FirestoreV1WebChannelAdapter$FirestoreListenHandler onClose
INFO: channel closed
 {"metadata":{"emulator":{"name":"firestore"},"message":"Oct 03, 2026 10:56:33 PM com.google.cloud.datastore.emulator.firestore.webchannel.FirestoreV1WebChannelAdapter$FirestoreListenHandler onClose\r\nINFO: channel closed\r\n"}}
[debug] [2026-10-03T17:28:27.739Z] Oct 03, 2026 10:58:27 PM io.netty.channel.DefaultChannelPipeline onUnhandledInboundException
WARNING: An exceptionCaught() event was fired, and it reached at the tail of the pipeline. It usually means the last handler in the pipeline did not handle the exception.
java.net.SocketException: Connection reset
	at java.base/sun.nio.ch.SocketChannelImpl.throwConnectionReset(Unknown Source)
	at java.base/sun.nio.ch.SocketChannelImpl.read(Unknown Source)
	at io.netty.buffer.PooledByteBuf.setBytes(PooledByteBuf.java:255)
	at io.netty.buffer.AbstractByteBuf.writeBytes(AbstractByteBuf.java:1132)
	at io.netty.channel.socket.nio.NioSocketChannel.doReadBytes(NioSocketChannel.java:356)
	at io.netty.channel.nio.AbstractNioByteChannel$NioByteUnsafe.read(AbstractNioByteChannel.java:156)
	at io.netty.channel.nio.NioEventLoop.processSelectedKey(NioEventLoop.java:796)
	at io.netty.channel.nio.NioEventLoop.processSelectedKeysOptimized(NioEventLoop.java:732)
	at io.netty.channel.nio.NioEventLoop.processSelectedKeys(NioEventLoop.java:658)
	at io.netty.channel.nio.NioEventLoop.run(NioEventLoop.java:562)
	at io.netty.util.concurrent.SingleThreadEventExecutor$4.run(SingleThreadEventExecutor.java:998)
	at io.netty.util.internal.ThreadExecutorMap$2.run(ThreadExecutorMap.java:74)
	at io.netty.util.concurrent.FastThreadLocalRunnable.run(FastThreadLocalRunnable.java:30)
	at java.base/java.lang.Thread.run(Unknown Source)

 {"metadata":{"emulator":{"name":"firestore"},"message":"Oct 03, 2026 10:58:27 PM io.netty.channel.DefaultChannelPipeline onUnhandledInboundException\r\nWARNING: An exceptionCaught() event was fired, and it reached at the tail of the pipeline. It usually means the last handler in the pipeline did not handle the exception.\r\njava.net.SocketException: Connection reset\r\n\tat java.base/sun.nio.ch.SocketChannelImpl.throwConnectionReset(Unknown Source)\r\n\tat java.base/sun.nio.ch.SocketChannelImpl.read(Unknown Source)\r\n\tat io.netty.buffer.PooledByteBuf.setBytes(PooledByteBuf.java:255)\r\n\tat io.netty.buffer.AbstractByteBuf.writeBytes(AbstractByteBuf.java:1132)\r\n\tat io.netty.channel.socket.nio.NioSocketChannel.doReadBytes(NioSocketChannel.java:356)\r\n\tat io.netty.channel.nio.AbstractNioByteChannel$NioByteUnsafe.read(AbstractNioByteChannel.java:156)\r\n\tat io.netty.channel.nio.NioEventLoop.processSelectedKey(NioEventLoop.java:796)\r\n\tat io.netty.channel.nio.NioEventLoop.processSelectedKeysOptimized(NioEventLoop.java:732)\r\n\tat io.netty.channel.nio.NioEventLoop.processSelectedKeys(NioEventLoop.java:658)\r\n\tat io.netty.channel.nio.NioEventLoop.run(NioEventLoop.java:562)\r\n\tat io.netty.util.concurrent.SingleThreadEventExecutor$4.run(SingleThreadEventExecutor.java:998)\r\n\tat io.netty.util.internal.ThreadExecutorMap$2.run(ThreadExecutorMap.java:74)\r\n\tat io.netty.util.concurrent.FastThreadLocalRunnable.run(FastThreadLocalRunnable.java:30)\r\n\tat java.base/java.lang.Thread.run(Unknown Source)\r\n\r\n"}}
[debug] [2026-10-03T17:28:29.791Z] Oct 03, 2026 10:58:29 PM io.gapi.emulators.netty.HttpVersionRoutingHandler channelRead
INFO: Detected HTTP/2 connection.
 {"metadata":{"emulator":{"name":"firestore"},"message":"Oct 03, 2026 10:58:29 PM io.gapi.emulators.netty.HttpVersionRoutingHandler channelRead\r\nINFO: Detected HTTP/2 connection.\r\n"}}
[debug] [2026-10-03T17:28:30.346Z] Oct 03, 2026 10:58:30 PM io.gapi.emulators.netty.HttpVersionRoutingHandler channelRead
INFO: Detected non-HTTP/2 connection.
 {"metadata":{"emulator":{"name":"firestore"},"message":"Oct 03, 2026 10:58:30 PM io.gapi.emulators.netty.HttpVersionRoutingHandler channelRead\r\nINFO: Detected non-HTTP/2 connection.\r\n"}}
[debug] [2026-10-03T17:28:30.373Z] Oct 03, 2026 10:58:30 PM io.gapi.emulators.netty.HttpVersionRoutingHandler channelRead
INFO: Detected non-HTTP/2 connection.
 {"metadata":{"emulator":{"name":"firestore"},"message":"Oct 03, 2026 10:58:30 PM io.gapi.emulators.netty.HttpVersionRoutingHandler channelRead\r\nINFO: Detected non-HTTP/2 connection.\r\n"}}
[debug] [2026-10-03T17:28:30.391Z] Oct 03, 2026 10:58:30 PM io.gapi.emulators.netty.HttpVersionRoutingHandler channelRead
INFO: Detected non-HTTP/2 connection.
 {"metadata":{"emulator":{"name":"firestore"},"message":"Oct 03, 2026 10:58:30 PM io.gapi.emulators.netty.HttpVersionRoutingHandler channelRead\r\nINFO: Detected non-HTTP/2 connection.\r\n"}}
[debug] [2026-10-03T17:28:30.394Z] Oct 03, 2026 10:58:30 PM io.gapi.emulators.netty.HttpVersionRoutingHandler channelRead
INFO: Detected non-HTTP/2 connection.
 {"metadata":{"emulator":{"name":"firestore"},"message":"Oct 03, 2026 10:58:30 PM io.gapi.emulators.netty.HttpVersionRoutingHandler channelRead\r\nINFO: Detected non-HTTP/2 connection.\r\n"}}
[debug] [2026-10-03T17:28:30.415Z] Oct 03, 2026 10:58:30 PM io.gapi.emulators.netty.HttpVersionRoutingHandler channelRead
INFO: Detected non-HTTP/2 connection.
 {"metadata":{"emulator":{"name":"firestore"},"message":"Oct 03, 2026 10:58:30 PM io.gapi.emulators.netty.HttpVersionRoutingHandler channelRead\r\nINFO: Detected non-HTTP/2 connection.\r\n"}}
[debug] [2026-10-03T17:28:30.431Z] Oct 03, 2026 10:58:30 PM io.gapi.emulators.netty.HttpVersionRoutingHandler channelRead
INFO: Detected non-HTTP/2 connection.
 {"metadata":{"emulator":{"name":"firestore"},"message":"Oct 03, 2026 10:58:30 PM io.gapi.emulators.netty.HttpVersionRoutingHandler channelRead\r\nINFO: Detected non-HTTP/2 connection.\r\n"}}
[debug] [2026-10-03T17:28:30.482Z] Oct 03, 2026 10:58:30 PM io.gapi.emulators.netty.HttpVersionRoutingHandler channelRead
INFO: Detected non-HTTP/2 connection.
 {"metadata":{"emulator":{"name":"firestore"},"message":"Oct 03, 2026 10:58:30 PM io.gapi.emulators.netty.HttpVersionRoutingHandler channelRead\r\nINFO: Detected non-HTTP/2 connection.\r\n"}}
[debug] [2026-10-03T17:28:30.523Z] Oct 03, 2026 10:58:30 PM io.gapi.emulators.netty.HttpVersionRoutingHandler channelRead
INFO: Detected non-HTTP/2 connection.
 {"metadata":{"emulator":{"name":"firestore"},"message":"Oct 03, 2026 10:58:30 PM io.gapi.emulators.netty.HttpVersionRoutingHandler channelRead\r\nINFO: Detected non-HTTP/2 connection.\r\n"}}
[debug] [2026-10-03T17:28:30.554Z] Oct 03, 2026 10:58:30 PM io.gapi.emulators.netty.HttpVersionRoutingHandler channelRead
INFO: Detected non-HTTP/2 connection.
 {"metadata":{"emulator":{"name":"firestore"},"message":"Oct 03, 2026 10:58:30 PM io.gapi.emulators.netty.HttpVersionRoutingHandler channelRead\r\nINFO: Detected non-HTTP/2 connection.\r\n"}}
[debug] [2026-10-03T17:28:30.590Z] Oct 03, 2026 10:58:30 PM io.gapi.emulators.netty.HttpVersionRoutingHandler channelRead
INFO: Detected non-HTTP/2 connection.
 {"metadata":{"emulator":{"name":"firestore"},"message":"Oct 03, 2026 10:58:30 PM io.gapi.emulators.netty.HttpVersionRoutingHandler channelRead\r\nINFO: Detected non-HTTP/2 connection.\r\n"}}
[debug] [2026-10-03T17:28:30.591Z] Oct 03, 2026 10:58:30 PM io.gapi.emulators.netty.HttpVersionRoutingHandler channelRead
INFO: Detected non-HTTP/2 connection.
 {"metadata":{"emulator":{"name":"firestore"},"message":"Oct 03, 2026 10:58:30 PM io.gapi.emulators.netty.HttpVersionRoutingHandler channelRead\r\nINFO: Detected non-HTTP/2 connection.\r\n"}}
[debug] [2026-10-03T17:28:30.630Z] Oct 03, 2026 10:58:30 PM io.gapi.emulators.netty.HttpVersionRoutingHandler channelRead
INFO: Detected non-HTTP/2 connection.
 {"metadata":{"emulator":{"name":"firestore"},"message":"Oct 03, 2026 10:58:30 PM io.gapi.emulators.netty.HttpVersionRoutingHandler channelRead\r\nINFO: Detected non-HTTP/2 connection.\r\n"}}
[debug] [2026-10-03T17:28:30.676Z] Oct 03, 2026 10:58:30 PM io.gapi.emulators.netty.HttpVersionRoutingHandler channelRead
INFO: Detected non-HTTP/2 connection.
 {"metadata":{"emulator":{"name":"firestore"},"message":"Oct 03, 2026 10:58:30 PM io.gapi.emulators.netty.HttpVersionRoutingHandler channelRead\r\nINFO: Detected non-HTTP/2 connection.\r\n"}}
[debug] [2026-10-03T17:28:30.707Z] Oct 03, 2026 10:58:30 PM io.gapi.emulators.netty.HttpVersionRoutingHandler channelRead
INFO: Detected non-HTTP/2 connection.
 {"metadata":{"emulator":{"name":"firestore"},"message":"Oct 03, 2026 10:58:30 PM io.gapi.emulators.netty.HttpVersionRoutingHandler channelRead\r\nINFO: Detected non-HTTP/2 connection.\r\n"}}
[debug] [2026-10-03T17:28:30.794Z] Oct 03, 2026 10:58:30 PM io.gapi.emulators.netty.HttpVersionRoutingHandler channelRead
INFO: Detected non-HTTP/2 connection.
 {"metadata":{"emulator":{"name":"firestore"},"message":"Oct 03, 2026 10:58:30 PM io.gapi.emulators.netty.HttpVersionRoutingHandler channelRead\r\nINFO: Detected non-HTTP/2 connection.\r\n"}}
[debug] [2026-10-03T17:28:30.837Z] Oct 03, 2026 10:58:30 PM io.gapi.emulators.netty.HttpVersionRoutingHandler channelRead
INFO: Detected non-HTTP/2 connection.
 {"metadata":{"emulator":{"name":"firestore"},"message":"Oct 03, 2026 10:58:30 PM io.gapi.emulators.netty.HttpVersionRoutingHandler channelRead\r\nINFO: Detected non-HTTP/2 connection.\r\n"}}
[debug] [2026-10-03T17:28:30.864Z] Oct 03, 2026 10:58:30 PM io.gapi.emulators.netty.HttpVersionRoutingHandler channelRead
INFO: Detected non-HTTP/2 connection.
 {"metadata":{"emulator":{"name":"firestore"},"message":"Oct 03, 2026 10:58:30 PM io.gapi.emulators.netty.HttpVersionRoutingHandler channelRead\r\nINFO: Detected non-HTTP/2 connection.\r\n"}}
[debug] [2026-10-03T17:28:31.322Z] Oct 03, 2026 10:58:31 PM io.gapi.emulators.netty.HttpVersionRoutingHandler channelRead
INFO: Detected non-HTTP/2 connection.
 {"metadata":{"emulator":{"name":"firestore"},"message":"Oct 03, 2026 10:58:31 PM io.gapi.emulators.netty.HttpVersionRoutingHandler channelRead\r\nINFO: Detected non-HTTP/2 connection.\r\n"}}
[debug] [2026-10-03T17:28:31.333Z] Oct 03, 2026 10:58:31 PM io.gapi.emulators.netty.HttpVersionRoutingHandler channelRead
INFO: Detected non-HTTP/2 connection.
Oct 03, 2026 10:58:31 PM io.gapi.emulators.netty.HttpVersionRoutingHandler channelRead
INFO: Detected non-HTTP/2 connection.
Oct 03, 2026 10:58:31 PM io.gapi.emulators.netty.HttpVersionRoutingHandler channelRead
INFO: Detected non-HTTP/2 connection.
 {"metadata":{"emulator":{"name":"firestore"},"message":"Oct 03, 2026 10:58:31 PM io.gapi.emulators.netty.HttpVersionRoutingHandler channelRead\r\nINFO: Detected non-HTTP/2 connection.\r\nOct 03, 2026 10:58:31 PM io.gapi.emulators.netty.HttpVersionRoutingHandler channelRead\r\nINFO: Detected non-HTTP/2 connection.\r\nOct 03, 2026 10:58:31 PM io.gapi.emulators.netty.HttpVersionRoutingHandler channelRead\r\nINFO: Detected non-HTTP/2 connection.\r\n"}}
[debug] [2026-10-03T17:28:31.334Z] Oct 03, 2026 10:58:31 PM io.gapi.emulators.netty.HttpVersionRoutingHandler channelRead
INFO: Detected non-HTTP/2 connection.
Oct 03, 2026 10:58:31 PM io.gapi.emulators.netty.HttpVersionRoutingHandler channelRead
INFO: Detected non-HTTP/2 connection.
 {"metadata":{"emulator":{"name":"firestore"},"message":"Oct 03, 2026 10:58:31 PM io.gapi.emulators.netty.HttpVersionRoutingHandler channelRead\r\nINFO: Detected non-HTTP/2 connection.\r\nOct 03, 2026 10:58:31 PM io.gapi.emulators.netty.HttpVersionRoutingHandler channelRead\r\nINFO: Detected non-HTTP/2 connection.\r\n"}}
[debug] [2026-10-03T17:28:31.346Z] Oct 03, 2026 10:58:31 PM io.gapi.emulators.netty.HttpVersionRoutingHandler channelRead
INFO: Detected non-HTTP/2 connection.
Oct 03, 2026 10:58:31 PM io.gapi.emulators.netty.HttpVersionRoutingHandler channelRead
INFO: Detected non-HTTP/2 connection.
 {"metadata":{"emulator":{"name":"firestore"},"message":"Oct 03, 2026 10:58:31 PM io.gapi.emulators.netty.HttpVersionRoutingHandler channelRead\r\nINFO: Detected non-HTTP/2 connection.\r\nOct 03, 2026 10:58:31 PM io.gapi.emulators.netty.HttpVersionRoutingHandler channelRead\r\nINFO: Detected non-HTTP/2 connection.\r\n"}}
[debug] [2026-10-03T17:28:31.347Z] Oct 03, 2026 10:58:31 PM io.gapi.emulators.netty.HttpVersionRoutingHandler channelRead
INFO: Detected non-HTTP/2 connection.
 {"metadata":{"emulator":{"name":"firestore"},"message":"Oct 03, 2026 10:58:31 PM io.gapi.emulators.netty.HttpVersionRoutingHandler channelRead\r\nINFO: Detected non-HTTP/2 connection.\r\n"}}
[debug] [2026-10-03T17:29:24.834Z] ----------------------------------------------------------------------
[debug] [2026-10-03T17:29:24.838Z] Command:       C:\Program Files\nodejs\node.exe C:\Work\MiTutoraPro\node_modules\firebase-tools\lib\bin\firebase.js emulators:start --only auth,firestore --project demo-mitutora
[debug] [2026-10-03T17:29:24.838Z] CLI Version:   15.26.0
[debug] [2026-10-03T17:29:24.838Z] Platform:      win32
[debug] [2026-10-03T17:29:24.838Z] Node Version:  v25.9.0
[debug] [2026-10-03T17:29:24.838Z] Detected Agent: codex_cli
[debug] [2026-10-03T17:29:24.839Z] Time:          Sat Oct 03 2026 22:59:24 GMT+0530 (India Standard Time)
[debug] [2026-10-03T17:29:24.839Z] ----------------------------------------------------------------------
[debug] 
[debug] [2026-10-03T17:29:24.849Z] >>> [apiv2][query] GET https://firebase-public.firebaseio.com/cli.json [none]
[debug] [2026-10-03T17:29:26.389Z] *** [apiv2] error from fetch(https://firebase-public.firebaseio.com/cli.json, {"headers":{},"method":"GET"}): AggregateError
[warn] !  Unable to fetch the CLI MOTD and remote config. This is not a fatal error, but may indicate an issue with your network connection. 
[debug] [2026-10-03T17:29:26.390Z] Failed to fetch MOTD FirebaseError: Failed to make request to https://firebase-public.firebaseio.com/cli.json
[debug] [2026-10-03T17:29:26.467Z] openjdk version "21.0.10" 2026-01-20
OpenJDK Runtime Environment (build 21.0.10+-14961533-b1163.108)

[debug] [2026-10-03T17:29:26.470Z] OpenJDK 64-Bit Server VM (build 21.0.10+-14961533-b1163.108, mixed mode)

[debug] [2026-10-03T17:29:26.477Z] Parsed Java major version: 21
[info] i  emulators: Starting emulators: auth, firestore {"metadata":{"emulator":{"name":"hub"},"message":"Starting emulators: auth, firestore"}}
[info] i  emulators: Detected demo project ID "demo-mitutora", emulated services will use a demo configuration and attempts to access non-emulated services for this project will fail. {"metadata":{"emulator":{"name":"hub"},"message":"Detected demo project ID \"demo-mitutora\", emulated services will use a demo configuration and attempts to access non-emulated services for this project will fail."}}
[debug] [2026-10-03T17:29:26.486Z] [logging] Logging Emulator only supports listening on one address (127.0.0.1). Not listening on ::1
[debug] [2026-10-03T17:29:26.487Z] [auth] Authentication Emulator only supports listening on one address (127.0.0.1). Not listening on ::1
[debug] [2026-10-03T17:29:26.487Z] [firestore] Firestore Emulator only supports listening on one address (127.0.0.1). Not listening on ::1
[debug] [2026-10-03T17:29:26.487Z] [firestore.websocket] websocket server for firestore only supports listening on one address (127.0.0.1). Not listening on ::1
[debug] [2026-10-03T17:29:26.487Z] assigned listening specs for emulators {"user":{"hub":[{"address":"127.0.0.1","family":"IPv4","port":4400},{"address":"::1","family":"IPv6","port":4400}],"logging":[{"address":"127.0.0.1","family":"IPv4","port":4500}],"auth":[{"address":"127.0.0.1","family":"IPv4","port":9099}],"firestore":[{"address":"127.0.0.1","family":"IPv4","port":8080}],"firestore.websocket":[{"address":"127.0.0.1","family":"IPv4","port":9150}]},"metadata":{"message":"assigned listening specs for emulators"}}
[debug] [2026-10-03T17:29:26.491Z] Found emulator hub locator: {"version":"15.26.0","origins":["http://127.0.0.1:4400","http://[::1]:4400"],"pid":1984}
[debug] [2026-10-03T17:29:26.491Z] Write emulator hub locator at C:\Users\Avinash\AppData\Local\Temp\hub-demo-mitutora.json
[debug] [2026-10-03T17:29:26.499Z] Ignoring unsupported arg: auto_download {"metadata":{"emulator":{"name":"firestore"},"message":"Ignoring unsupported arg: auto_download"}}
[debug] [2026-10-03T17:29:26.499Z] Ignoring unsupported arg: single_project_mode_error {"metadata":{"emulator":{"name":"firestore"},"message":"Ignoring unsupported arg: single_project_mode_error"}}
[debug] [2026-10-03T17:29:26.500Z] Starting Firestore Emulator with command {"binary":"java","args":["-Dgoogle.cloud_firestore.debug_log_level=FINE","-Duser.language=en","-jar","C:\\Users\\Avinash\\.cache\\firebase\\emulators\\cloud-firestore-emulator-v1.22.0.jar","--host","127.0.0.1","--port",8080,"--websocket_port",9150,"--database-edition","standard","--project_id","demo-mitutora","--rules","C:\\Work\\MiTutoraPro\\firestore.rules","--single_project_mode",true],"optionalArgs":["port","webchannel_port","host","rules","websocket_port","database-edition","functions_emulator","seed_from_export","project_id","single_project_mode"],"joinArgs":false,"shell":false,"port":8080} {"metadata":{"emulator":{"name":"firestore"},"message":"Starting Firestore Emulator with command {\"binary\":\"java\",\"args\":[\"-Dgoogle.cloud_firestore.debug_log_level=FINE\",\"-Duser.language=en\",\"-jar\",\"C:\\\\Users\\\\Avinash\\\\.cache\\\\firebase\\\\emulators\\\\cloud-firestore-emulator-v1.22.0.jar\",\"--host\",\"127.0.0.1\",\"--port\",8080,\"--websocket_port\",9150,\"--database-edition\",\"standard\",\"--project_id\",\"demo-mitutora\",\"--rules\",\"C:\\\\Work\\\\MiTutoraPro\\\\firestore.rules\",\"--single_project_mode\",true],\"optionalArgs\":[\"port\",\"webchannel_port\",\"host\",\"rules\",\"websocket_port\",\"database-edition\",\"functions_emulator\",\"seed_from_export\",\"project_id\",\"single_project_mode\"],\"joinArgs\":false,\"shell\":false,\"port\":8080}"}}
[info] i  firestore: Firestore Emulator logging to firestore-debug.log {"metadata":{"emulator":{"name":"firestore"},"message":"Firestore Emulator logging to firestore-debug.log"}}
[debug] [2026-10-03T17:29:36.311Z] Oct 03, 2026 10:59:36 PM com.google.cloud.datastore.emulator.firestore.websocket.WebSocketServer start
INFO: Started WebSocket server on ws://127.0.0.1:9150
 {"metadata":{"emulator":{"name":"firestore"},"message":"Oct 03, 2026 10:59:36 PM com.google.cloud.datastore.emulator.firestore.websocket.WebSocketServer start\r\nINFO: Started WebSocket server on ws://127.0.0.1:9150\r\n"}}
[debug] [2026-10-03T17:29:36.365Z] 
API endpoint: http://127.0.0.1:8080
 {"metadata":{"emulator":{"name":"firestore"},"message":"\nAPI endpoint: http://127.0.0.1:8080\n"}}
[debug] [2026-10-03T17:29:36.366Z] Database Edition: STANDARD
Database Mode: CLOUD_FIRESTORE

If you are using a library that supports the FIRESTORE_EMULATOR_HOST environment variable, run:

   export FIRESTORE_EMULATOR_HOST=127.0.0.1:8080

If you are running a Firestore in Datastore Mode project, run:

   export DATASTORE_EMULATOR_HOST=127.0.0.1:8080

Note: Support for Datastore Mode is in preview. If you encounter any bugs please file at https://github.com/firebase/firebase-tools/issues.
Dev App Server is now running.

 {"metadata":{"emulator":{"name":"firestore"},"message":"Database Edition: STANDARD\nDatabase Mode: CLOUD_FIRESTORE\n\nIf you are using a library that supports the FIRESTORE_EMULATOR_HOST environment variable, run:\r\n\n   export FIRESTORE_EMULATOR_HOST=127.0.0.1:8080\n\nIf you are running a Firestore in Datastore Mode project, run:\r\n\n   export DATASTORE_EMULATOR_HOST=127.0.0.1:8080\n\nNote: Support for Datastore Mode is in preview. If you encounter any bugs please file at https://github.com/firebase/firebase-tools/issues.\r\nDev App Server is now running.\n\r\n"}}
[info] +  firestore: Firestore Emulator was started in standard edition. {"metadata":{"emulator":{"name":"firestore"},"message":"Firestore Emulator was started in standard edition."}}
[info] +  firestore: Firestore Emulator UI websocket is running on 9150. {"metadata":{"emulator":{"name":"firestore"},"message":"Firestore Emulator UI websocket is running on 9150."}}
[debug] [2026-10-03T17:29:41.554Z] Oct 03, 2026 10:59:36 PM io.gapi.emulators.netty.HttpVersionRoutingHandler channelRead
INFO: Detected non-HTTP/2 connection.
Oct 03, 2026 10:59:36 PM io.gapi.emulators.netty.NotFoundHandler handleRequest
INFO: Unknown request URI: /v1/projects/demo-mitutora/databases/(default)/documents?pageSize=1
Oct 03, 2026 10:59:36 PM io.gapi.emulators.netty.NotFoundHandler handleRequest
INFO: Unknown request URI: /v1/projects/demo-mitutora/databases/(default)/documents?pageSize=1
Oct 03, 2026 10:59:37 PM io.gapi.emulators.netty.NotFoundHandler handleRequest
INFO: Unknown request URI: /v1/projects/demo-mitutora/databases/(default)/documents?pageSize=1
Oct 03, 2026 10:59:37 PM io.gapi.emulators.netty.NotFoundHandler handleRequest
INFO: Unknown request URI: /v1/projects/demo-mitutora/databases/(default)/documents?pageSize=1
Oct 03, 2026 10:59:37 PM io.gapi.emulators.netty.NotFoundHandler handleRequest
INFO: Unknown request URI: /v1/projects/demo-mitutora/databases/(default)/documents?pageSize=1
Oct 03, 2026 10:59:37 PM io.gapi.emulators.netty.NotFoundHandler handleRequest
INFO: Unknown request URI: /v1/projects/demo-mitutora/databases/(default)/documents?pageSize=1
Oct 03, 2026 10:59:38 PM io.gapi.emulators.netty.NotFoundHandler handleRequest
INFO: Unknown request URI: /v1/projects/demo-mitutora/databases/(default)/documents?pageSize=1
Oct 03, 2026 10:59:38 PM io.gapi.emulators.netty.NotFoundHandler handleRequest
INFO: Unknown request URI: /v1/projects/demo-mitutora/databases/(default)/documents?pageSize=1
Oct 03, 2026 10:59:38 PM io.gapi.emulators.netty.NotFoundHandler handleRequest
INFO: Unknown request URI: /v1/projects/demo-mitutora/databases/(default)/documents?pageSize=1
Oct 03, 2026 10:59:38 PM io.gapi.emulators.netty.NotFoundHandler handleRequest
INFO: Unknown request URI: /v1/projects/demo-mitutora/databases/(default)/documents?pageSize=1
Oct 03, 2026 10:59:39 PM io.gapi.emulators.netty.NotFoundHandler handleRequest
INFO: Unknown request URI: /v1/projects/demo-mitutora/databases/(default)/documents?pageSize=1
Oct 03, 2026 10:59:39 PM io.gapi.emulators.netty.NotFoundHandler handleRequest
INFO: Unknown request URI: /v1/projects/demo-mitutora/databases/(default)/documents?pageSize=1
Oct 03, 2026 10:59:39 PM io.gapi.emulators.netty.NotFoundHandler handleRequest
INFO: Unknown request URI: /v1/projects/demo-mitutora/databases/(default)/documents?pageSize=1
Oct 03, 2026 10:59:39 PM io.gapi.emulators.netty.NotFoundHandler handleRequest
INFO: Unknown request URI: /v1/projects/demo-mitutora/databases/(default)/documents?pageSize=1
Oct 03, 2026 10:59:40 PM io.gapi.emulators.netty.NotFoundHandler handleRequest
INFO: Unknown request URI: /v1/projects/demo-mitutora/databases/(default)/documents?pageSize=1
Oct 03, 2026 10:59:40 PM io.gapi.emulators.netty.NotFoundHandler handleRequest
INFO: Unknown request URI: /v1/projects/demo-mitutora/databases/(default)/documents?pageSize=1
Oct 03, 2026 10:59:40 PM io.gapi.emulators.netty.NotFoundHandler handleRequest
INFO: Unknown request URI: /v1/projects/demo-mitutora/databases/(default)/documents?pageSize=1
Oct 03, 2026 10:59:40 PM io.gapi.emulators.netty.NotFoundHandler handleRequest
INFO: Unknown request URI: /v1/projects/demo-mitutora/databases/(default)/documents?pageSize=1
Oct 03, 2026 10:59:41 PM io.gapi.emulators.netty.NotFoundHandler handleRequest
INFO: Unknown request URI: /v1/projects/demo-mitutora/databases/(default)/documents?pageSize=1
Oct 03, 2026 10:59:41 PM io.gapi.emulators.netty.NotFoundHandler handleRequest
INFO: Unknown request URI: /v1/projects/demo-mitutora/databases/(default)/documents?pageSize=1
 {"metadata":{"emulator":{"name":"firestore"},"message":"Oct 03, 2026 10:59:36 PM io.gapi.emulators.netty.HttpVersionRoutingHandler channelRead\r\nINFO: Detected non-HTTP/2 connection.\r\nOct 03, 2026 10:59:36 PM io.gapi.emulators.netty.NotFoundHandler handleRequest\r\nINFO: Unknown request URI: /v1/projects/demo-mitutora/databases/(default)/documents?pageSize=1\r\nOct 03, 2026 10:59:36 PM io.gapi.emulators.netty.NotFoundHandler handleRequest\r\nINFO: Unknown request URI: /v1/projects/demo-mitutora/databases/(default)/documents?pageSize=1\r\nOct 03, 2026 10:59:37 PM io.gapi.emulators.netty.NotFoundHandler handleRequest\r\nINFO: Unknown request URI: /v1/projects/demo-mitutora/databases/(default)/documents?pageSize=1\r\nOct 03, 2026 10:59:37 PM io.gapi.emulators.netty.NotFoundHandler handleRequest\r\nINFO: Unknown request URI: /v1/projects/demo-mitutora/databases/(default)/documents?pageSize=1\r\nOct 03, 2026 10:59:37 PM io.gapi.emulators.netty.NotFoundHandler handleRequest\r\nINFO: Unknown request URI: /v1/projects/demo-mitutora/databases/(default)/documents?pageSize=1\r\nOct 03, 2026 10:59:37 PM io.gapi.emulators.netty.NotFoundHandler handleRequest\r\nINFO: Unknown request URI: /v1/projects/demo-mitutora/databases/(default)/documents?pageSize=1\r\nOct 03, 2026 10:59:38 PM io.gapi.emulators.netty.NotFoundHandler handleRequest\r\nINFO: Unknown request URI: /v1/projects/demo-mitutora/databases/(default)/documents?pageSize=1\r\nOct 03, 2026 10:59:38 PM io.gapi.emulators.netty.NotFoundHandler handleRequest\r\nINFO: Unknown request URI: /v1/projects/demo-mitutora/databases/(default)/documents?pageSize=1\r\nOct 03, 2026 10:59:38 PM io.gapi.emulators.netty.NotFoundHandler handleRequest\r\nINFO: Unknown request URI: /v1/projects/demo-mitutora/databases/(default)/documents?pageSize=1\r\nOct 03, 2026 10:59:38 PM io.gapi.emulators.netty.NotFoundHandler handleRequest\r\nINFO: Unknown request URI: /v1/projects/demo-mitutora/databases/(default)/documents?pageSize=1\r\nOct 03, 2026 10:59:39 PM io.gapi.emulators.netty.NotFoundHandler handleRequest\r\nINFO: Unknown request URI: /v1/projects/demo-mitutora/databases/(default)/documents?pageSize=1\r\nOct 03, 2026 10:59:39 PM io.gapi.emulators.netty.NotFoundHandler handleRequest\r\nINFO: Unknown request URI: /v1/projects/demo-mitutora/databases/(default)/documents?pageSize=1\r\nOct 03, 2026 10:59:39 PM io.gapi.emulators.netty.NotFoundHandler handleRequest\r\nINFO: Unknown request URI: /v1/projects/demo-mitutora/databases/(default)/documents?pageSize=1\r\nOct 03, 2026 10:59:39 PM io.gapi.emulators.netty.NotFoundHandler handleRequest\r\nINFO: Unknown request URI: /v1/projects/demo-mitutora/databases/(default)/documents?pageSize=1\r\nOct 03, 2026 10:59:40 PM io.gapi.emulators.netty.NotFoundHandler handleRequest\r\nINFO: Unknown request URI: /v1/projects/demo-mitutora/databases/(default)/documents?pageSize=1\r\nOct 03, 2026 10:59:40 PM io.gapi.emulators.netty.NotFoundHandler handleRequest\r\nINFO: Unknown request URI: /v1/projects/demo-mitutora/databases/(default)/documents?pageSize=1\r\nOct 03, 2026 10:59:40 PM io.gapi.emulators.netty.NotFoundHandler handleRequest\r\nINFO: Unknown request URI: /v1/projects/demo-mitutora/databases/(default)/documents?pageSize=1\r\nOct 03, 2026 10:59:40 PM io.gapi.emulators.netty.NotFoundHandler handleRequest\r\nINFO: Unknown request URI: /v1/projects/demo-mitutora/databases/(default)/documents?pageSize=1\r\nOct 03, 2026 10:59:41 PM io.gapi.emulators.netty.NotFoundHandler handleRequest\r\nINFO: Unknown request URI: /v1/projects/demo-mitutora/databases/(default)/documents?pageSize=1\r\nOct 03, 2026 10:59:41 PM io.gapi.emulators.netty.NotFoundHandler handleRequest\r\nINFO: Unknown request URI: /v1/projects/demo-mitutora/databases/(default)/documents?pageSize=1\r\n"}}
[warn] !  emulators: The Emulator UI is not starting because none of the running emulators have a UI component. {"metadata":{"emulator":{"name":"hub"},"message":"The Emulator UI is not starting because none of the running emulators have a UI component."}}
[debug] [2026-10-03T17:29:41.567Z] Could not find VSCode notification endpoint: TypeError: fetch failed. If you are not running the Firebase SQL Connect VSCode extension, this is expected and not an issue.
[info] 
┌─────────────────────────────────────────────────────────────┐
│ ✔  All emulators ready! It is now safe to connect your app. │
└─────────────────────────────────────────────────────────────┘

┌────────────────┬────────────────┐
│ Emulator       │ Host:Port      │
├────────────────┼────────────────┤
│ Authentication │ 127.0.0.1:9099 │
├────────────────┼────────────────┤
│ Firestore      │ 127.0.0.1:8080 │
└────────────────┴────────────────┘
  Emulator Hub host: 127.0.0.1 port: 4400
  Other reserved ports: 4500, 9150

Issues? Report them at https://github.com/firebase/firebase-tools/issues and attach the *-debug.log files.
 
[debug] [2026-10-03T17:29:41.786Z] Oct 03, 2026 10:59:41 PM io.gapi.emulators.netty.NotFoundHandler handleRequest
INFO: Unknown request URI: /v1/projects/demo-mitutora/databases/(default)/documents?pageSize=1
 {"metadata":{"emulator":{"name":"firestore"},"message":"Oct 03, 2026 10:59:41 PM io.gapi.emulators.netty.NotFoundHandler handleRequest\r\nINFO: Unknown request URI: /v1/projects/demo-mitutora/databases/(default)/documents?pageSize=1\r\n"}}
[debug] [2026-10-03T17:30:37.184Z] Oct 03, 2026 11:00:37 PM io.gapi.emulators.netty.HttpVersionRoutingHandler channelRead
INFO: Detected HTTP/2 connection.
 {"metadata":{"emulator":{"name":"firestore"},"message":"Oct 03, 2026 11:00:37 PM io.gapi.emulators.netty.HttpVersionRoutingHandler channelRead\r\nINFO: Detected HTTP/2 connection.\r\n"}}
[debug] [2026-10-03T17:30:39.845Z] Oct 03, 2026 11:00:39 PM io.gapi.emulators.netty.HttpVersionRoutingHandler channelRead
INFO: Detected non-HTTP/2 connection.
 {"metadata":{"emulator":{"name":"firestore"},"message":"Oct 03, 2026 11:00:39 PM io.gapi.emulators.netty.HttpVersionRoutingHandler channelRead\r\nINFO: Detected non-HTTP/2 connection.\r\n"}}
[debug] [2026-10-03T17:30:40.725Z] Oct 03, 2026 11:00:40 PM io.gapi.emulators.netty.HttpVersionRoutingHandler channelRead
INFO: Detected non-HTTP/2 connection.
 {"metadata":{"emulator":{"name":"firestore"},"message":"Oct 03, 2026 11:00:40 PM io.gapi.emulators.netty.HttpVersionRoutingHandler channelRead\r\nINFO: Detected non-HTTP/2 connection.\r\n"}}
[debug] [2026-10-03T17:30:40.748Z] Oct 03, 2026 11:00:40 PM io.gapi.emulators.netty.HttpVersionRoutingHandler channelRead
INFO: Detected non-HTTP/2 connection.
 {"metadata":{"emulator":{"name":"firestore"},"message":"Oct 03, 2026 11:00:40 PM io.gapi.emulators.netty.HttpVersionRoutingHandler channelRead\r\nINFO: Detected non-HTTP/2 connection.\r\n"}}
[debug] [2026-10-03T17:30:40.750Z] Oct 03, 2026 11:00:40 PM io.gapi.emulators.netty.HttpVersionRoutingHandler channelRead
INFO: Detected non-HTTP/2 connection.
 {"metadata":{"emulator":{"name":"firestore"},"message":"Oct 03, 2026 11:00:40 PM io.gapi.emulators.netty.HttpVersionRoutingHandler channelRead\r\nINFO: Detected non-HTTP/2 connection.\r\n"}}
[debug] [2026-10-03T17:30:40.775Z] Oct 03, 2026 11:00:40 PM io.gapi.emulators.netty.HttpVersionRoutingHandler channelRead
INFO: Detected non-HTTP/2 connection.
 {"metadata":{"emulator":{"name":"firestore"},"message":"Oct 03, 2026 11:00:40 PM io.gapi.emulators.netty.HttpVersionRoutingHandler channelRead\r\nINFO: Detected non-HTTP/2 connection.\r\n"}}
[debug] [2026-10-03T17:30:40.789Z] Oct 03, 2026 11:00:40 PM io.gapi.emulators.netty.HttpVersionRoutingHandler channelRead
INFO: Detected non-HTTP/2 connection.
 {"metadata":{"emulator":{"name":"firestore"},"message":"Oct 03, 2026 11:00:40 PM io.gapi.emulators.netty.HttpVersionRoutingHandler channelRead\r\nINFO: Detected non-HTTP/2 connection.\r\n"}}
[debug] [2026-10-03T17:30:40.935Z] Oct 03, 2026 11:00:40 PM io.gapi.emulators.netty.HttpVersionRoutingHandler channelRead
INFO: Detected non-HTTP/2 connection.
 {"metadata":{"emulator":{"name":"firestore"},"message":"Oct 03, 2026 11:00:40 PM io.gapi.emulators.netty.HttpVersionRoutingHandler channelRead\r\nINFO: Detected non-HTTP/2 connection.\r\n"}}
[debug] [2026-10-03T17:30:40.965Z] Oct 03, 2026 11:00:40 PM io.gapi.emulators.netty.HttpVersionRoutingHandler channelRead
INFO: Detected non-HTTP/2 connection.
 {"metadata":{"emulator":{"name":"firestore"},"message":"Oct 03, 2026 11:00:40 PM io.gapi.emulators.netty.HttpVersionRoutingHandler channelRead\r\nINFO: Detected non-HTTP/2 connection.\r\n"}}
[debug] [2026-10-03T17:30:40.992Z] Oct 03, 2026 11:00:40 PM io.gapi.emulators.netty.HttpVersionRoutingHandler channelRead
INFO: Detected non-HTTP/2 connection.
 {"metadata":{"emulator":{"name":"firestore"},"message":"Oct 03, 2026 11:00:40 PM io.gapi.emulators.netty.HttpVersionRoutingHandler channelRead\r\nINFO: Detected non-HTTP/2 connection.\r\n"}}
[debug] [2026-10-03T17:30:41.029Z] Oct 03, 2026 11:00:41 PM io.gapi.emulators.netty.HttpVersionRoutingHandler channelRead
INFO: Detected non-HTTP/2 connection.
 {"metadata":{"emulator":{"name":"firestore"},"message":"Oct 03, 2026 11:00:41 PM io.gapi.emulators.netty.HttpVersionRoutingHandler channelRead\r\nINFO: Detected non-HTTP/2 connection.\r\n"}}
[debug] [2026-10-03T17:30:41.031Z] Oct 03, 2026 11:00:41 PM io.gapi.emulators.netty.HttpVersionRoutingHandler channelRead
INFO: Detected non-HTTP/2 connection.
 {"metadata":{"emulator":{"name":"firestore"},"message":"Oct 03, 2026 11:00:41 PM io.gapi.emulators.netty.HttpVersionRoutingHandler channelRead\r\nINFO: Detected non-HTTP/2 connection.\r\n"}}
[debug] [2026-10-03T17:30:41.094Z] Oct 03, 2026 11:00:41 PM io.gapi.emulators.netty.HttpVersionRoutingHandler channelRead
INFO: Detected non-HTTP/2 connection.
 {"metadata":{"emulator":{"name":"firestore"},"message":"Oct 03, 2026 11:00:41 PM io.gapi.emulators.netty.HttpVersionRoutingHandler channelRead\r\nINFO: Detected non-HTTP/2 connection.\r\n"}}
[debug] [2026-10-03T17:30:41.133Z] Oct 03, 2026 11:00:41 PM io.gapi.emulators.netty.HttpVersionRoutingHandler channelRead
INFO: Detected non-HTTP/2 connection.
 {"metadata":{"emulator":{"name":"firestore"},"message":"Oct 03, 2026 11:00:41 PM io.gapi.emulators.netty.HttpVersionRoutingHandler channelRead\r\nINFO: Detected non-HTTP/2 connection.\r\n"}}
[debug] [2026-10-03T17:30:41.171Z] Oct 03, 2026 11:00:41 PM io.gapi.emulators.netty.HttpVersionRoutingHandler channelRead
INFO: Detected non-HTTP/2 connection.
 {"metadata":{"emulator":{"name":"firestore"},"message":"Oct 03, 2026 11:00:41 PM io.gapi.emulators.netty.HttpVersionRoutingHandler channelRead\r\nINFO: Detected non-HTTP/2 connection.\r\n"}}
[debug] [2026-10-03T17:30:41.236Z] Oct 03, 2026 11:00:41 PM io.gapi.emulators.netty.HttpVersionRoutingHandler channelRead
INFO: Detected non-HTTP/2 connection.
 {"metadata":{"emulator":{"name":"firestore"},"message":"Oct 03, 2026 11:00:41 PM io.gapi.emulators.netty.HttpVersionRoutingHandler channelRead\r\nINFO: Detected non-HTTP/2 connection.\r\n"}}
[debug] [2026-10-03T17:30:41.553Z] Oct 03, 2026 11:00:41 PM io.gapi.emulators.netty.HttpVersionRoutingHandler channelRead
INFO: Detected non-HTTP/2 connection.
 {"metadata":{"emulator":{"name":"firestore"},"message":"Oct 03, 2026 11:00:41 PM io.gapi.emulators.netty.HttpVersionRoutingHandler channelRead\r\nINFO: Detected non-HTTP/2 connection.\r\n"}}
[debug] [2026-10-03T17:30:41.559Z] Oct 03, 2026 11:00:41 PM io.gapi.emulators.netty.HttpVersionRoutingHandler channelRead
INFO: Detected non-HTTP/2 connection.
Oct 03, 2026 11:00:41 PM io.gapi.emulators.netty.HttpVersionRoutingHandler channelRead
INFO: Detected non-HTTP/2 connection.
Oct 03, 2026 11:00:41 PM io.gapi.emulators.netty.HttpVersionRoutingHandler channelRead
INFO: Detected non-HTTP/2 connection.
 {"metadata":{"emulator":{"name":"firestore"},"message":"Oct 03, 2026 11:00:41 PM io.gapi.emulators.netty.HttpVersionRoutingHandler channelRead\r\nINFO: Detected non-HTTP/2 connection.\r\nOct 03, 2026 11:00:41 PM io.gapi.emulators.netty.HttpVersionRoutingHandler channelRead\r\nINFO: Detected non-HTTP/2 connection.\r\nOct 03, 2026 11:00:41 PM io.gapi.emulators.netty.HttpVersionRoutingHandler channelRead\r\nINFO: Detected non-HTTP/2 connection.\r\n"}}
[debug] [2026-10-03T17:30:41.579Z] Oct 03, 2026 11:00:41 PM io.gapi.emulators.netty.HttpVersionRoutingHandler channelRead
INFO: Detected non-HTTP/2 connection.
Oct 03, 2026 11:00:41 PM io.gapi.emulators.netty.HttpVersionRoutingHandler channelRead
INFO: Detected non-HTTP/2 connection.
Oct 03, 2026 11:00:41 PM io.gapi.emulators.netty.HttpVersionRoutingHandler channelRead
INFO: Detected non-HTTP/2 connection.
 {"metadata":{"emulator":{"name":"firestore"},"message":"Oct 03, 2026 11:00:41 PM io.gapi.emulators.netty.HttpVersionRoutingHandler channelRead\r\nINFO: Detected non-HTTP/2 connection.\r\nOct 03, 2026 11:00:41 PM io.gapi.emulators.netty.HttpVersionRoutingHandler channelRead\r\nINFO: Detected non-HTTP/2 connection.\r\nOct 03, 2026 11:00:41 PM io.gapi.emulators.netty.HttpVersionRoutingHandler channelRead\r\nINFO: Detected non-HTTP/2 connection.\r\n"}}
[debug] [2026-10-03T17:30:41.769Z] Oct 03, 2026 11:00:41 PM io.gapi.emulators.netty.HttpVersionRoutingHandler channelRead
INFO: Detected non-HTTP/2 connection.
 {"metadata":{"emulator":{"name":"firestore"},"message":"Oct 03, 2026 11:00:41 PM io.gapi.emulators.netty.HttpVersionRoutingHandler channelRead\r\nINFO: Detected non-HTTP/2 connection.\r\n"}}
[debug] [2026-10-03T17:30:41.828Z] Oct 03, 2026 11:00:41 PM io.gapi.emulators.netty.HttpVersionRoutingHandler channelRead
INFO: Detected HTTP/2 connection.
 {"metadata":{"emulator":{"name":"firestore"},"message":"Oct 03, 2026 11:00:41 PM io.gapi.emulators.netty.HttpVersionRoutingHandler channelRead\r\nINFO: Detected HTTP/2 connection.\r\n"}}
[debug] [2026-10-03T17:30:41.955Z] Oct 03, 2026 11:00:41 PM io.gapi.emulators.netty.HttpVersionRoutingHandler channelRead
INFO: Detected non-HTTP/2 connection.
 {"metadata":{"emulator":{"name":"firestore"},"message":"Oct 03, 2026 11:00:41 PM io.gapi.emulators.netty.HttpVersionRoutingHandler channelRead\r\nINFO: Detected non-HTTP/2 connection.\r\n"}}
[debug] [2026-10-03T17:30:43.186Z] Oct 03, 2026 11:00:43 PM io.gapi.emulators.netty.HttpVersionRoutingHandler channelRead
INFO: Detected non-HTTP/2 connection.
 {"metadata":{"emulator":{"name":"firestore"},"message":"Oct 03, 2026 11:00:43 PM io.gapi.emulators.netty.HttpVersionRoutingHandler channelRead\r\nINFO: Detected non-HTTP/2 connection.\r\n"}}
[debug] [2026-10-03T17:30:47.149Z] Oct 03, 2026 11:00:47 PM io.netty.channel.DefaultChannelPipeline onUnhandledInboundException
WARNING: An exceptionCaught() event was fired, and it reached at the tail of the pipeline. It usually means the last handler in the pipeline did not handle the exception.
java.net.SocketException: Connection reset
	at java.base/sun.nio.ch.SocketChannelImpl.throwConnectionReset(Unknown Source)
	at java.base/sun.nio.ch.SocketChannelImpl.read(Unknown Source)
	at io.netty.buffer.PooledByteBuf.setBytes(PooledByteBuf.java:255)
	at io.netty.buffer.AbstractByteBuf.writeBytes(AbstractByteBuf.java:1132)
	at io.netty.channel.socket.nio.NioSocketChannel.doReadBytes(NioSocketChannel.java:356)
	at io.netty.channel.nio.AbstractNioByteChannel$NioByteUnsafe.read(AbstractNioByteChannel.java:156)
	at io.netty.channel.nio.NioEventLoop.processSelectedKey(NioEventLoop.java:796)
	at io.netty.channel.nio.NioEventLoop.processSelectedKeysOptimized(NioEventLoop.java:732)
	at io.netty.channel.nio.NioEventLoop.processSelectedKeys(NioEventLoop.java:658)
	at io.netty.channel.nio.NioEventLoop.run(NioEventLoop.java:562)
	at io.netty.util.concurrent.SingleThreadEventExecutor$4.run(SingleThreadEventExecutor.java:998)
	at io.netty.util.internal.ThreadExecutorMap$2.run(ThreadExecutorMap.java:74)
	at io.netty.util.concurrent.FastThreadLocalRunnable.run(FastThreadLocalRunnable.java:30)
	at java.base/java.lang.Thread.run(Unknown Source)

 {"metadata":{"emulator":{"name":"firestore"},"message":"Oct 03, 2026 11:00:47 PM io.netty.channel.DefaultChannelPipeline onUnhandledInboundException\r\nWARNING: An exceptionCaught() event was fired, and it reached at the tail of the pipeline. It usually means the last handler in the pipeline did not handle the exception.\r\njava.net.SocketException: Connection reset\r\n\tat java.base/sun.nio.ch.SocketChannelImpl.throwConnectionReset(Unknown Source)\r\n\tat java.base/sun.nio.ch.SocketChannelImpl.read(Unknown Source)\r\n\tat io.netty.buffer.PooledByteBuf.setBytes(PooledByteBuf.java:255)\r\n\tat io.netty.buffer.AbstractByteBuf.writeBytes(AbstractByteBuf.java:1132)\r\n\tat io.netty.channel.socket.nio.NioSocketChannel.doReadBytes(NioSocketChannel.java:356)\r\n\tat io.netty.channel.nio.AbstractNioByteChannel$NioByteUnsafe.read(AbstractNioByteChannel.java:156)\r\n\tat io.netty.channel.nio.NioEventLoop.processSelectedKey(NioEventLoop.java:796)\r\n\tat io.netty.channel.nio.NioEventLoop.processSelectedKeysOptimized(NioEventLoop.java:732)\r\n\tat io.netty.channel.nio.NioEventLoop.processSelectedKeys(NioEventLoop.java:658)\r\n\tat io.netty.channel.nio.NioEventLoop.run(NioEventLoop.java:562)\r\n\tat io.netty.util.concurrent.SingleThreadEventExecutor$4.run(SingleThreadEventExecutor.java:998)\r\n\tat io.netty.util.internal.ThreadExecutorMap$2.run(ThreadExecutorMap.java:74)\r\n\tat io.netty.util.concurrent.FastThreadLocalRunnable.run(FastThreadLocalRunnable.java:30)\r\n\tat java.base/java.lang.Thread.run(Unknown Source)\r\n\r\n"}}
[debug] [2026-10-03T17:46:15.049Z] ----------------------------------------------------------------------
[debug] [2026-10-03T17:46:15.052Z] Command:       C:\Program Files\nodejs\node.exe C:\Work\MiTutoraPro\node_modules\firebase-tools\lib\bin\firebase.js emulators:start --only auth,firestore --project demo-mitutora
[debug] [2026-10-03T17:46:15.052Z] CLI Version:   15.26.0
[debug] [2026-10-03T17:46:15.052Z] Platform:      win32
[debug] [2026-10-03T17:46:15.052Z] Node Version:  v25.9.0
[debug] [2026-10-03T17:46:15.052Z] Detected Agent: codex_cli
[debug] [2026-10-03T17:46:15.052Z] Time:          Sat Oct 03 2026 23:16:15 GMT+0530 (India Standard Time)
[debug] [2026-10-03T17:46:15.052Z] ----------------------------------------------------------------------
[debug] 
[debug] [2026-10-03T17:46:15.062Z] >>> [apiv2][query] GET https://firebase-public.firebaseio.com/cli.json [none]
[debug] [2026-10-03T17:46:16.947Z] *** [apiv2] error from fetch(https://firebase-public.firebaseio.com/cli.json, {"headers":{},"method":"GET"}): AggregateError
[warn] !  Unable to fetch the CLI MOTD and remote config. This is not a fatal error, but may indicate an issue with your network connection. 
[debug] [2026-10-03T17:46:16.947Z] Failed to fetch MOTD FirebaseError: Failed to make request to https://firebase-public.firebaseio.com/cli.json
[debug] [2026-10-03T17:46:17.036Z] openjdk version "21.0.10" 2026-01-20
OpenJDK Runtime Environment (build 21.0.10+-14961533-b1163.108)
OpenJDK 64-Bit Server VM (build 21.0.10+-14961533-b1163.108, mixed mode)

[debug] [2026-10-03T17:46:17.044Z] Parsed Java major version: 21
[info] i  emulators: Starting emulators: auth, firestore {"metadata":{"emulator":{"name":"hub"},"message":"Starting emulators: auth, firestore"}}
[info] i  emulators: Detected demo project ID "demo-mitutora", emulated services will use a demo configuration and attempts to access non-emulated services for this project will fail. {"metadata":{"emulator":{"name":"hub"},"message":"Detected demo project ID \"demo-mitutora\", emulated services will use a demo configuration and attempts to access non-emulated services for this project will fail."}}
[debug] [2026-10-03T17:46:17.054Z] [logging] Logging Emulator only supports listening on one address (127.0.0.1). Not listening on ::1
[debug] [2026-10-03T17:46:17.054Z] [auth] Authentication Emulator only supports listening on one address (127.0.0.1). Not listening on ::1
[debug] [2026-10-03T17:46:17.054Z] [firestore] Firestore Emulator only supports listening on one address (127.0.0.1). Not listening on ::1
[debug] [2026-10-03T17:46:17.054Z] [firestore.websocket] websocket server for firestore only supports listening on one address (127.0.0.1). Not listening on ::1
[debug] [2026-10-03T17:46:17.054Z] assigned listening specs for emulators {"user":{"hub":[{"address":"127.0.0.1","family":"IPv4","port":4400},{"address":"::1","family":"IPv6","port":4400}],"logging":[{"address":"127.0.0.1","family":"IPv4","port":4500}],"auth":[{"address":"127.0.0.1","family":"IPv4","port":9099}],"firestore":[{"address":"127.0.0.1","family":"IPv4","port":8080}],"firestore.websocket":[{"address":"127.0.0.1","family":"IPv4","port":9150}]},"metadata":{"message":"assigned listening specs for emulators"}}
[debug] [2026-10-03T17:46:17.059Z] Found emulator hub locator: {"version":"15.26.0","origins":["http://127.0.0.1:4400","http://[::1]:4400"],"pid":27204}
[debug] [2026-10-03T17:46:17.059Z] Write emulator hub locator at C:\Users\Avinash\AppData\Local\Temp\hub-demo-mitutora.json
[debug] [2026-10-03T17:46:17.070Z] Ignoring unsupported arg: auto_download {"metadata":{"emulator":{"name":"firestore"},"message":"Ignoring unsupported arg: auto_download"}}
[debug] [2026-10-03T17:46:17.070Z] Ignoring unsupported arg: single_project_mode_error {"metadata":{"emulator":{"name":"firestore"},"message":"Ignoring unsupported arg: single_project_mode_error"}}
[debug] [2026-10-03T17:46:17.070Z] Starting Firestore Emulator with command {"binary":"java","args":["-Dgoogle.cloud_firestore.debug_log_level=FINE","-Duser.language=en","-jar","C:\\Users\\Avinash\\.cache\\firebase\\emulators\\cloud-firestore-emulator-v1.22.0.jar","--host","127.0.0.1","--port",8080,"--websocket_port",9150,"--database-edition","standard","--project_id","demo-mitutora","--rules","C:\\Work\\MiTutoraPro\\firestore.rules","--single_project_mode",true],"optionalArgs":["port","webchannel_port","host","rules","websocket_port","database-edition","functions_emulator","seed_from_export","project_id","single_project_mode"],"joinArgs":false,"shell":false,"port":8080} {"metadata":{"emulator":{"name":"firestore"},"message":"Starting Firestore Emulator with command {\"binary\":\"java\",\"args\":[\"-Dgoogle.cloud_firestore.debug_log_level=FINE\",\"-Duser.language=en\",\"-jar\",\"C:\\\\Users\\\\Avinash\\\\.cache\\\\firebase\\\\emulators\\\\cloud-firestore-emulator-v1.22.0.jar\",\"--host\",\"127.0.0.1\",\"--port\",8080,\"--websocket_port\",9150,\"--database-edition\",\"standard\",\"--project_id\",\"demo-mitutora\",\"--rules\",\"C:\\\\Work\\\\MiTutoraPro\\\\firestore.rules\",\"--single_project_mode\",true],\"optionalArgs\":[\"port\",\"webchannel_port\",\"host\",\"rules\",\"websocket_port\",\"database-edition\",\"functions_emulator\",\"seed_from_export\",\"project_id\",\"single_project_mode\"],\"joinArgs\":false,\"shell\":false,\"port\":8080}"}}
[info] i  firestore: Firestore Emulator logging to firestore-debug.log {"metadata":{"emulator":{"name":"firestore"},"message":"Firestore Emulator logging to firestore-debug.log"}}
[debug] [2026-10-03T17:46:26.770Z] Oct 03, 2026 11:16:26 PM com.google.cloud.datastore.emulator.firestore.websocket.WebSocketServer start
INFO: Started WebSocket server on ws://127.0.0.1:9150
 {"metadata":{"emulator":{"name":"firestore"},"message":"Oct 03, 2026 11:16:26 PM com.google.cloud.datastore.emulator.firestore.websocket.WebSocketServer start\r\nINFO: Started WebSocket server on ws://127.0.0.1:9150\r\n"}}
[debug] [2026-10-03T17:46:26.821Z] 
API endpoint: http:// {"metadata":{"emulator":{"name":"firestore"},"message":"\nAPI endpoint: http://"}}
[debug] [2026-10-03T17:46:26.822Z] 127.0.0.1:8080
Database Edition: STANDARD
Database Mode: CLOUD_FIRESTORE

If you are using a library that supports the FIRESTORE_EMULATOR_HOST environment variable, run:

   export FIRESTORE_EMULATOR_HOST=127.0.0.1:8080

If you are running a Firestore in Datastore Mode project, run:

   export DATASTORE_EMULATOR_HOST=127.0.0.1:8080

Note: Support for Datastore Mode is in preview. If you encounter any bugs please file at https://github.com/firebase/firebase-tools/issues.
Dev App Server is now running.

 {"metadata":{"emulator":{"name":"firestore"},"message":"127.0.0.1:8080\nDatabase Edition: STANDARD\nDatabase Mode: CLOUD_FIRESTORE\n\nIf you are using a library that supports the FIRESTORE_EMULATOR_HOST environment variable, run:\r\n\n   export FIRESTORE_EMULATOR_HOST=127.0.0.1:8080\n\nIf you are running a Firestore in Datastore Mode project, run:\r\n\n   export DATASTORE_EMULATOR_HOST=127.0.0.1:8080\n\nNote: Support for Datastore Mode is in preview. If you encounter any bugs please file at https://github.com/firebase/firebase-tools/issues.\r\nDev App Server is now running.\n\r\n"}}
[info] +  firestore: Firestore Emulator was started in standard edition. {"metadata":{"emulator":{"name":"firestore"},"message":"Firestore Emulator was started in standard edition."}}
[info] +  firestore: Firestore Emulator UI websocket is running on 9150. {"metadata":{"emulator":{"name":"firestore"},"message":"Firestore Emulator UI websocket is running on 9150."}}
[debug] [2026-10-03T17:46:31.798Z] Oct 03, 2026 11:16:27 PM io.gapi.emulators.netty.HttpVersionRoutingHandler channelRead
INFO: Detected non-HTTP/2 connection.
Oct 03, 2026 11:16:27 PM io.gapi.emulators.netty.NotFoundHandler handleRequest
INFO: Unknown request URI: /v1/projects/demo-mitutora/databases/(default)/documents?pageSize=1
Oct 03, 2026 11:16:27 PM io.gapi.emulators.netty.NotFoundHandler handleRequest
INFO: Unknown request URI: /v1/projects/demo-mitutora/databases/(default)/documents?pageSize=1
Oct 03, 2026 11:16:27 PM io.gapi.emulators.netty.NotFoundHandler handleRequest
INFO: Unknown request URI: /v1/projects/demo-mitutora/databases/(default)/documents?pageSize=1
Oct 03, 2026 11:16:27 PM io.gapi.emulators.netty.NotFoundHandler handleRequest
INFO: Unknown request URI: /v1/projects/demo-mitutora/databases/(default)/documents?pageSize=1
Oct 03, 2026 11:16:28 PM io.gapi.emulators.netty.NotFoundHandler handleRequest
INFO: Unknown request URI: /v1/projects/demo-mitutora/databases/(default)/documents?pageSize=1
Oct 03, 2026 11:16:28 PM io.gapi.emulators.netty.NotFoundHandler handleRequest
INFO: Unknown request URI: /v1/projects/demo-mitutora/databases/(default)/documents?pageSize=1
Oct 03, 2026 11:16:28 PM io.gapi.emulators.netty.NotFoundHandler handleRequest
INFO: Unknown request URI: /v1/projects/demo-mitutora/databases/(default)/documents?pageSize=1
Oct 03, 2026 11:16:28 PM io.gapi.emulators.netty.NotFoundHandler handleRequest
INFO: Unknown request URI: /v1/projects/demo-mitutora/databases/(default)/documents?pageSize=1
Oct 03, 2026 11:16:29 PM io.gapi.emulators.netty.NotFoundHandler handleRequest
INFO: Unknown request URI: /v1/projects/demo-mitutora/databases/(default)/documents?pageSize=1
Oct 03, 2026 11:16:29 PM io.gapi.emulators.netty.NotFoundHandler handleRequest
INFO: Unknown request URI: /v1/projects/demo-mitutora/databases/(default)/documents?pageSize=1
Oct 03, 2026 11:16:29 PM io.gapi.emulators.netty.NotFoundHandler handleRequest
INFO: Unknown request URI: /v1/projects/demo-mitutora/databases/(default)/documents?pageSize=1
Oct 03, 2026 11:16:29 PM io.gapi.emulators.netty.NotFoundHandler handleRequest
INFO: Unknown request URI: /v1/projects/demo-mitutora/databases/(default)/documents?pageSize=1
Oct 03, 2026 11:16:30 PM io.gapi.emulators.netty.NotFoundHandler handleRequest
INFO: Unknown request URI: /v1/projects/demo-mitutora/databases/(default)/documents?pageSize=1
Oct 03, 2026 11:16:30 PM io.gapi.emulators.netty.NotFoundHandler handleRequest
INFO: Unknown request URI: /v1/projects/demo-mitutora/databases/(default)/documents?pageSize=1
Oct 03, 2026 11:16:30 PM io.gapi.emulators.netty.NotFoundHandler handleRequest
INFO: Unknown request URI: /v1/projects/demo-mitutora/databases/(default)/documents?pageSize=1
Oct 03, 2026 11:16:30 PM io.gapi.emulators.netty.NotFoundHandler handleRequest
INFO: Unknown request URI: /v1/projects/demo-mitutora/databases/(default)/documents?pageSize=1
Oct 03, 2026 11:16:31 PM io.gapi.emulators.netty.NotFoundHandler handleRequest
INFO: Unknown request URI: /v1/projects/demo-mitutora/databases/(default)/documents?pageSize=1
Oct 03, 2026 11:16:31 PM io.gapi.emulators.netty.NotFoundHandler handleRequest
INFO: Unknown request URI: /v1/projects/demo-mitutora/databases/(default)/documents?pageSize=1
Oct 03, 2026 11:16:31 PM io.gapi.emulators.netty.NotFoundHandler handleRequest
INFO: Unknown request URI: /v1/projects/demo-mitutora/databases/(default)/documents?pageSize=1
 {"metadata":{"emulator":{"name":"firestore"},"message":"Oct 03, 2026 11:16:27 PM io.gapi.emulators.netty.HttpVersionRoutingHandler channelRead\r\nINFO: Detected non-HTTP/2 connection.\r\nOct 03, 2026 11:16:27 PM io.gapi.emulators.netty.NotFoundHandler handleRequest\r\nINFO: Unknown request URI: /v1/projects/demo-mitutora/databases/(default)/documents?pageSize=1\r\nOct 03, 2026 11:16:27 PM io.gapi.emulators.netty.NotFoundHandler handleRequest\r\nINFO: Unknown request URI: /v1/projects/demo-mitutora/databases/(default)/documents?pageSize=1\r\nOct 03, 2026 11:16:27 PM io.gapi.emulators.netty.NotFoundHandler handleRequest\r\nINFO: Unknown request URI: /v1/projects/demo-mitutora/databases/(default)/documents?pageSize=1\r\nOct 03, 2026 11:16:27 PM io.gapi.emulators.netty.NotFoundHandler handleRequest\r\nINFO: Unknown request URI: /v1/projects/demo-mitutora/databases/(default)/documents?pageSize=1\r\nOct 03, 2026 11:16:28 PM io.gapi.emulators.netty.NotFoundHandler handleRequest\r\nINFO: Unknown request URI: /v1/projects/demo-mitutora/databases/(default)/documents?pageSize=1\r\nOct 03, 2026 11:16:28 PM io.gapi.emulators.netty.NotFoundHandler handleRequest\r\nINFO: Unknown request URI: /v1/projects/demo-mitutora/databases/(default)/documents?pageSize=1\r\nOct 03, 2026 11:16:28 PM io.gapi.emulators.netty.NotFoundHandler handleRequest\r\nINFO: Unknown request URI: /v1/projects/demo-mitutora/databases/(default)/documents?pageSize=1\r\nOct 03, 2026 11:16:28 PM io.gapi.emulators.netty.NotFoundHandler handleRequest\r\nINFO: Unknown request URI: /v1/projects/demo-mitutora/databases/(default)/documents?pageSize=1\r\nOct 03, 2026 11:16:29 PM io.gapi.emulators.netty.NotFoundHandler handleRequest\r\nINFO: Unknown request URI: /v1/projects/demo-mitutora/databases/(default)/documents?pageSize=1\r\nOct 03, 2026 11:16:29 PM io.gapi.emulators.netty.NotFoundHandler handleRequest\r\nINFO: Unknown request URI: /v1/projects/demo-mitutora/databases/(default)/documents?pageSize=1\r\nOct 03, 2026 11:16:29 PM io.gapi.emulators.netty.NotFoundHandler handleRequest\r\nINFO: Unknown request URI: /v1/projects/demo-mitutora/databases/(default)/documents?pageSize=1\r\nOct 03, 2026 11:16:29 PM io.gapi.emulators.netty.NotFoundHandler handleRequest\r\nINFO: Unknown request URI: /v1/projects/demo-mitutora/databases/(default)/documents?pageSize=1\r\nOct 03, 2026 11:16:30 PM io.gapi.emulators.netty.NotFoundHandler handleRequest\r\nINFO: Unknown request URI: /v1/projects/demo-mitutora/databases/(default)/documents?pageSize=1\r\nOct 03, 2026 11:16:30 PM io.gapi.emulators.netty.NotFoundHandler handleRequest\r\nINFO: Unknown request URI: /v1/projects/demo-mitutora/databases/(default)/documents?pageSize=1\r\nOct 03, 2026 11:16:30 PM io.gapi.emulators.netty.NotFoundHandler handleRequest\r\nINFO: Unknown request URI: /v1/projects/demo-mitutora/databases/(default)/documents?pageSize=1\r\nOct 03, 2026 11:16:30 PM io.gapi.emulators.netty.NotFoundHandler handleRequest\r\nINFO: Unknown request URI: /v1/projects/demo-mitutora/databases/(default)/documents?pageSize=1\r\nOct 03, 2026 11:16:31 PM io.gapi.emulators.netty.NotFoundHandler handleRequest\r\nINFO: Unknown request URI: /v1/projects/demo-mitutora/databases/(default)/documents?pageSize=1\r\nOct 03, 2026 11:16:31 PM io.gapi.emulators.netty.NotFoundHandler handleRequest\r\nINFO: Unknown request URI: /v1/projects/demo-mitutora/databases/(default)/documents?pageSize=1\r\nOct 03, 2026 11:16:31 PM io.gapi.emulators.netty.NotFoundHandler handleRequest\r\nINFO: Unknown request URI: /v1/projects/demo-mitutora/databases/(default)/documents?pageSize=1\r\n"}}
[warn] !  emulators: The Emulator UI is not starting because none of the running emulators have a UI component. {"metadata":{"emulator":{"name":"hub"},"message":"The Emulator UI is not starting because none of the running emulators have a UI component."}}
[debug] [2026-10-03T17:46:31.828Z] Could not find VSCode notification endpoint: TypeError: fetch failed. If you are not running the Firebase SQL Connect VSCode extension, this is expected and not an issue.
[info] 
┌─────────────────────────────────────────────────────────────┐
│ ✔  All emulators ready! It is now safe to connect your app. │
└─────────────────────────────────────────────────────────────┘

┌────────────────┬────────────────┐
│ Emulator       │ Host:Port      │
├────────────────┼────────────────┤
│ Authentication │ 127.0.0.1:9099 │
├────────────────┼────────────────┤
│ Firestore      │ 127.0.0.1:8080 │
└────────────────┴────────────────┘
  Emulator Hub host: 127.0.0.1 port: 4400
  Other reserved ports: 4500, 9150

Issues? Report them at https://github.com/firebase/firebase-tools/issues and attach the *-debug.log files.
 
[debug] [2026-10-03T17:46:31.996Z] Oct 03, 2026 11:16:31 PM io.gapi.emulators.netty.NotFoundHandler handleRequest
INFO: Unknown request URI: /v1/projects/demo-mitutora/databases/(default)/documents?pageSize=1
 {"metadata":{"emulator":{"name":"firestore"},"message":"Oct 03, 2026 11:16:31 PM io.gapi.emulators.netty.NotFoundHandler handleRequest\r\nINFO: Unknown request URI: /v1/projects/demo-mitutora/databases/(default)/documents?pageSize=1\r\n"}}
[debug] [2026-10-03T17:47:22.488Z] Oct 03, 2026 11:17:22 PM io.gapi.emulators.netty.HttpVersionRoutingHandler channelRead
INFO: Detected HTTP/2 connection.
 {"metadata":{"emulator":{"name":"firestore"},"message":"Oct 03, 2026 11:17:22 PM io.gapi.emulators.netty.HttpVersionRoutingHandler channelRead\r\nINFO: Detected HTTP/2 connection.\r\n"}}
[debug] [2026-10-03T17:47:25.514Z] Oct 03, 2026 11:17:25 PM io.gapi.emulators.netty.HttpVersionRoutingHandler channelRead
INFO: Detected non-HTTP/2 connection.
 {"metadata":{"emulator":{"name":"firestore"},"message":"Oct 03, 2026 11:17:25 PM io.gapi.emulators.netty.HttpVersionRoutingHandler channelRead\r\nINFO: Detected non-HTTP/2 connection.\r\n"}}
[debug] [2026-10-03T17:47:26.058Z] Oct 03, 2026 11:17:26 PM io.gapi.emulators.netty.HttpVersionRoutingHandler channelRead
INFO: Detected non-HTTP/2 connection.
 {"metadata":{"emulator":{"name":"firestore"},"message":"Oct 03, 2026 11:17:26 PM io.gapi.emulators.netty.HttpVersionRoutingHandler channelRead\r\nINFO: Detected non-HTTP/2 connection.\r\n"}}
[debug] [2026-10-03T17:47:26.096Z] Oct 03, 2026 11:17:26 PM io.gapi.emulators.netty.HttpVersionRoutingHandler channelRead
INFO: Detected non-HTTP/2 connection.
 {"metadata":{"emulator":{"name":"firestore"},"message":"Oct 03, 2026 11:17:26 PM io.gapi.emulators.netty.HttpVersionRoutingHandler channelRead\r\nINFO: Detected non-HTTP/2 connection.\r\n"}}
[debug] [2026-10-03T17:47:26.099Z] Oct 03, 2026 11:17:26 PM io.gapi.emulators.netty.HttpVersionRoutingHandler channelRead
INFO: Detected non-HTTP/2 connection.
 {"metadata":{"emulator":{"name":"firestore"},"message":"Oct 03, 2026 11:17:26 PM io.gapi.emulators.netty.HttpVersionRoutingHandler channelRead\r\nINFO: Detected non-HTTP/2 connection.\r\n"}}
[debug] [2026-10-03T17:47:26.130Z] Oct 03, 2026 11:17:26 PM io.gapi.emulators.netty.HttpVersionRoutingHandler channelRead
INFO: Detected non-HTTP/2 connection.
 {"metadata":{"emulator":{"name":"firestore"},"message":"Oct 03, 2026 11:17:26 PM io.gapi.emulators.netty.HttpVersionRoutingHandler channelRead\r\nINFO: Detected non-HTTP/2 connection.\r\n"}}
[debug] [2026-10-03T17:47:26.146Z] Oct 03, 2026 11:17:26 PM io.gapi.emulators.netty.HttpVersionRoutingHandler channelRead
INFO: Detected non-HTTP/2 connection.
 {"metadata":{"emulator":{"name":"firestore"},"message":"Oct 03, 2026 11:17:26 PM io.gapi.emulators.netty.HttpVersionRoutingHandler channelRead\r\nINFO: Detected non-HTTP/2 connection.\r\n"}}
[debug] [2026-10-03T17:47:26.269Z] Oct 03, 2026 11:17:26 PM io.gapi.emulators.netty.HttpVersionRoutingHandler channelRead
INFO: Detected non-HTTP/2 connection.
 {"metadata":{"emulator":{"name":"firestore"},"message":"Oct 03, 2026 11:17:26 PM io.gapi.emulators.netty.HttpVersionRoutingHandler channelRead\r\nINFO: Detected non-HTTP/2 connection.\r\n"}}
[debug] [2026-10-03T17:47:26.315Z] Oct 03, 2026 11:17:26 PM io.gapi.emulators.netty.HttpVersionRoutingHandler channelRead
INFO: Detected non-HTTP/2 connection.
 {"metadata":{"emulator":{"name":"firestore"},"message":"Oct 03, 2026 11:17:26 PM io.gapi.emulators.netty.HttpVersionRoutingHandler channelRead\r\nINFO: Detected non-HTTP/2 connection.\r\n"}}
[debug] [2026-10-03T17:47:26.356Z] Oct 03, 2026 11:17:26 PM io.gapi.emulators.netty.HttpVersionRoutingHandler channelRead
INFO: Detected non-HTTP/2 connection.
 {"metadata":{"emulator":{"name":"firestore"},"message":"Oct 03, 2026 11:17:26 PM io.gapi.emulators.netty.HttpVersionRoutingHandler channelRead\r\nINFO: Detected non-HTTP/2 connection.\r\n"}}
[debug] [2026-10-03T17:47:26.401Z] Oct 03, 2026 11:17:26 PM io.gapi.emulators.netty.HttpVersionRoutingHandler channelRead
INFO: Detected non-HTTP/2 connection.
 {"metadata":{"emulator":{"name":"firestore"},"message":"Oct 03, 2026 11:17:26 PM io.gapi.emulators.netty.HttpVersionRoutingHandler channelRead\r\nINFO: Detected non-HTTP/2 connection.\r\n"}}
[debug] [2026-10-03T17:47:26.401Z] Oct 03, 2026 11:17:26 PM io.gapi.emulators.netty.HttpVersionRoutingHandler channelRead
INFO: Detected non-HTTP/2 connection.
 {"metadata":{"emulator":{"name":"firestore"},"message":"Oct 03, 2026 11:17:26 PM io.gapi.emulators.netty.HttpVersionRoutingHandler channelRead\r\nINFO: Detected non-HTTP/2 connection.\r\n"}}
[debug] [2026-10-03T17:47:26.453Z] Oct 03, 2026 11:17:26 PM io.gapi.emulators.netty.HttpVersionRoutingHandler channelRead
INFO: Detected non-HTTP/2 connection.
 {"metadata":{"emulator":{"name":"firestore"},"message":"Oct 03, 2026 11:17:26 PM io.gapi.emulators.netty.HttpVersionRoutingHandler channelRead\r\nINFO: Detected non-HTTP/2 connection.\r\n"}}
[debug] [2026-10-03T17:47:26.499Z] Oct 03, 2026 11:17:26 PM io.gapi.emulators.netty.HttpVersionRoutingHandler channelRead
INFO: Detected non-HTTP/2 connection.
 {"metadata":{"emulator":{"name":"firestore"},"message":"Oct 03, 2026 11:17:26 PM io.gapi.emulators.netty.HttpVersionRoutingHandler channelRead\r\nINFO: Detected non-HTTP/2 connection.\r\n"}}
[debug] [2026-10-03T17:47:26.565Z] Oct 03, 2026 11:17:26 PM io.gapi.emulators.netty.HttpVersionRoutingHandler channelRead
INFO: Detected non-HTTP/2 connection.
 {"metadata":{"emulator":{"name":"firestore"},"message":"Oct 03, 2026 11:17:26 PM io.gapi.emulators.netty.HttpVersionRoutingHandler channelRead\r\nINFO: Detected non-HTTP/2 connection.\r\n"}}
[debug] [2026-10-03T17:47:26.727Z] Oct 03, 2026 11:17:26 PM io.gapi.emulators.netty.HttpVersionRoutingHandler channelRead
INFO: Detected non-HTTP/2 connection.
 {"metadata":{"emulator":{"name":"firestore"},"message":"Oct 03, 2026 11:17:26 PM io.gapi.emulators.netty.HttpVersionRoutingHandler channelRead\r\nINFO: Detected non-HTTP/2 connection.\r\n"}}
[debug] [2026-10-03T17:47:26.755Z] Oct 03, 2026 11:17:26 PM io.gapi.emulators.netty.HttpVersionRoutingHandler channelRead
INFO: Detected non-HTTP/2 connection.
 {"metadata":{"emulator":{"name":"firestore"},"message":"Oct 03, 2026 11:17:26 PM io.gapi.emulators.netty.HttpVersionRoutingHandler channelRead\r\nINFO: Detected non-HTTP/2 connection.\r\n"}}
[debug] [2026-10-03T17:47:26.775Z] Oct 03, 2026 11:17:26 PM io.gapi.emulators.netty.HttpVersionRoutingHandler channelRead
INFO: Detected non-HTTP/2 connection.
 {"metadata":{"emulator":{"name":"firestore"},"message":"Oct 03, 2026 11:17:26 PM io.gapi.emulators.netty.HttpVersionRoutingHandler channelRead\r\nINFO: Detected non-HTTP/2 connection.\r\n"}}
[debug] [2026-10-03T17:47:27.031Z] Oct 03, 2026 11:17:27 PM io.gapi.emulators.netty.HttpVersionRoutingHandler channelRead
INFO: Detected non-HTTP/2 connection.
 {"metadata":{"emulator":{"name":"firestore"},"message":"Oct 03, 2026 11:17:27 PM io.gapi.emulators.netty.HttpVersionRoutingHandler channelRead\r\nINFO: Detected non-HTTP/2 connection.\r\n"}}
[debug] [2026-10-03T17:47:27.034Z] Oct 03, 2026 11:17:27 PM io.gapi.emulators.netty.HttpVersionRoutingHandler channelRead
INFO: Detected non-HTTP/2 connection.
 {"metadata":{"emulator":{"name":"firestore"},"message":"Oct 03, 2026 11:17:27 PM io.gapi.emulators.netty.HttpVersionRoutingHandler channelRead\r\nINFO: Detected non-HTTP/2 connection.\r\n"}}
[debug] [2026-10-03T17:47:27.036Z] Oct 03, 2026 11:17:27 PM io.gapi.emulators.netty.HttpVersionRoutingHandler channelRead
INFO: Detected non-HTTP/2 connection.
 {"metadata":{"emulator":{"name":"firestore"},"message":"Oct 03, 2026 11:17:27 PM io.gapi.emulators.netty.HttpVersionRoutingHandler channelRead\r\nINFO: Detected non-HTTP/2 connection.\r\n"}}
[debug] [2026-10-03T17:47:27.042Z] Oct 03, 2026 11:17:27 PM io.gapi.emulators.netty.HttpVersionRoutingHandler channelRead
INFO: Detected non-HTTP/2 connection.
Oct 03, 2026 11:17:27 PM io.gapi.emulators.netty.HttpVersionRoutingHandler channelRead
INFO: Detected non-HTTP/2 connection.
 {"metadata":{"emulator":{"name":"firestore"},"message":"Oct 03, 2026 11:17:27 PM io.gapi.emulators.netty.HttpVersionRoutingHandler channelRead\r\nINFO: Detected non-HTTP/2 connection.\r\nOct 03, 2026 11:17:27 PM io.gapi.emulators.netty.HttpVersionRoutingHandler channelRead\r\nINFO: Detected non-HTTP/2 connection.\r\n"}}
[debug] [2026-10-03T17:47:27.050Z] Oct 03, 2026 11:17:27 PM io.gapi.emulators.netty.HttpVersionRoutingHandler channelRead
INFO: Detected non-HTTP/2 connection.
 {"metadata":{"emulator":{"name":"firestore"},"message":"Oct 03, 2026 11:17:27 PM io.gapi.emulators.netty.HttpVersionRoutingHandler channelRead\r\nINFO: Detected non-HTTP/2 connection.\r\n"}}
[debug] [2026-10-03T17:47:27.053Z] Oct 03, 2026 11:17:27 PM io.gapi.emulators.netty.HttpVersionRoutingHandler channelRead
INFO: Detected non-HTTP/2 connection.
 {"metadata":{"emulator":{"name":"firestore"},"message":"Oct 03, 2026 11:17:27 PM io.gapi.emulators.netty.HttpVersionRoutingHandler channelRead\r\nINFO: Detected non-HTTP/2 connection.\r\n"}}
[debug] [2026-10-03T17:47:27.054Z] Oct 03, 2026 11:17:27 PM io.gapi.emulators.netty.HttpVersionRoutingHandler channelRead
INFO: Detected non-HTTP/2 connection.
Oct 03, 2026 11:17:27 PM io.gapi.emulators.netty.HttpVersionRoutingHandler channelRead
INFO: Detected non-HTTP/2 connection.
 {"metadata":{"emulator":{"name":"firestore"},"message":"Oct 03, 2026 11:17:27 PM io.gapi.emulators.netty.HttpVersionRoutingHandler channelRead\r\nINFO: Detected non-HTTP/2 connection.\r\nOct 03, 2026 11:17:27 PM io.gapi.emulators.netty.HttpVersionRoutingHandler channelRead\r\nINFO: Detected non-HTTP/2 connection.\r\n"}}
[debug] [2026-10-03T17:47:27.169Z] Oct 03, 2026 11:17:27 PM io.gapi.emulators.netty.HttpVersionRoutingHandler channelRead
INFO: Detected HTTP/2 connection.
 {"metadata":{"emulator":{"name":"firestore"},"message":"Oct 03, 2026 11:17:27 PM io.gapi.emulators.netty.HttpVersionRoutingHandler channelRead\r\nINFO: Detected HTTP/2 connection.\r\n"}}
[debug] [2026-10-03T17:47:33.125Z] Oct 03, 2026 11:17:33 PM io.gapi.emulators.netty.HttpVersionRoutingHandler channelRead
INFO: Detected non-HTTP/2 connection.
 {"metadata":{"emulator":{"name":"firestore"},"message":"Oct 03, 2026 11:17:33 PM io.gapi.emulators.netty.HttpVersionRoutingHandler channelRead\r\nINFO: Detected non-HTTP/2 connection.\r\n"}}
[debug] [2026-10-03T17:47:33.157Z] Oct 03, 2026 11:17:33 PM io.gapi.emulators.netty.HttpVersionRoutingHandler channelRead
INFO: Detected non-HTTP/2 connection.
 {"metadata":{"emulator":{"name":"firestore"},"message":"Oct 03, 2026 11:17:33 PM io.gapi.emulators.netty.HttpVersionRoutingHandler channelRead\r\nINFO: Detected non-HTTP/2 connection.\r\n"}}
[debug] [2026-10-03T17:47:33.184Z] Oct 03, 2026 11:17:33 PM io.gapi.emulators.netty.HttpVersionRoutingHandler channelRead
INFO: Detected non-HTTP/2 connection.
 {"metadata":{"emulator":{"name":"firestore"},"message":"Oct 03, 2026 11:17:33 PM io.gapi.emulators.netty.HttpVersionRoutingHandler channelRead\r\nINFO: Detected non-HTTP/2 connection.\r\n"}}
[debug] [2026-10-03T17:47:33.189Z] Oct 03, 2026 11:17:33 PM io.gapi.emulators.netty.HttpVersionRoutingHandler channelRead
INFO: Detected non-HTTP/2 connection.
 {"metadata":{"emulator":{"name":"firestore"},"message":"Oct 03, 2026 11:17:33 PM io.gapi.emulators.netty.HttpVersionRoutingHandler channelRead\r\nINFO: Detected non-HTTP/2 connection.\r\n"}}
[debug] [2026-10-03T17:47:33.215Z] Oct 03, 2026 11:17:33 PM io.gapi.emulators.netty.HttpVersionRoutingHandler channelRead
INFO: Detected non-HTTP/2 connection.
 {"metadata":{"emulator":{"name":"firestore"},"message":"Oct 03, 2026 11:17:33 PM io.gapi.emulators.netty.HttpVersionRoutingHandler channelRead\r\nINFO: Detected non-HTTP/2 connection.\r\n"}}
[debug] [2026-10-03T17:47:33.243Z] Oct 03, 2026 11:17:33 PM io.gapi.emulators.netty.HttpVersionRoutingHandler channelRead
INFO: Detected non-HTTP/2 connection.
 {"metadata":{"emulator":{"name":"firestore"},"message":"Oct 03, 2026 11:17:33 PM io.gapi.emulators.netty.HttpVersionRoutingHandler channelRead\r\nINFO: Detected non-HTTP/2 connection.\r\n"}}
[debug] [2026-10-03T17:47:33.323Z] Oct 03, 2026 11:17:33 PM io.gapi.emulators.netty.HttpVersionRoutingHandler channelRead
INFO: Detected non-HTTP/2 connection.
 {"metadata":{"emulator":{"name":"firestore"},"message":"Oct 03, 2026 11:17:33 PM io.gapi.emulators.netty.HttpVersionRoutingHandler channelRead\r\nINFO: Detected non-HTTP/2 connection.\r\n"}}
[debug] [2026-10-03T17:47:33.349Z] Oct 03, 2026 11:17:33 PM io.gapi.emulators.netty.HttpVersionRoutingHandler channelRead
INFO: Detected non-HTTP/2 connection.
 {"metadata":{"emulator":{"name":"firestore"},"message":"Oct 03, 2026 11:17:33 PM io.gapi.emulators.netty.HttpVersionRoutingHandler channelRead\r\nINFO: Detected non-HTTP/2 connection.\r\n"}}
[debug] [2026-10-03T17:47:33.373Z] Oct 03, 2026 11:17:33 PM io.gapi.emulators.netty.HttpVersionRoutingHandler channelRead
INFO: Detected non-HTTP/2 connection.
 {"metadata":{"emulator":{"name":"firestore"},"message":"Oct 03, 2026 11:17:33 PM io.gapi.emulators.netty.HttpVersionRoutingHandler channelRead\r\nINFO: Detected non-HTTP/2 connection.\r\n"}}
[debug] [2026-10-03T17:47:33.423Z] Oct 03, 2026 11:17:33 PM io.gapi.emulators.netty.HttpVersionRoutingHandler channelRead
INFO: Detected non-HTTP/2 connection.
 {"metadata":{"emulator":{"name":"firestore"},"message":"Oct 03, 2026 11:17:33 PM io.gapi.emulators.netty.HttpVersionRoutingHandler channelRead\r\nINFO: Detected non-HTTP/2 connection.\r\n"}}
[debug] [2026-10-03T17:47:33.424Z] Oct 03, 2026 11:17:33 PM io.gapi.emulators.netty.HttpVersionRoutingHandler channelRead
INFO: Detected non-HTTP/2 connection.
 {"metadata":{"emulator":{"name":"firestore"},"message":"Oct 03, 2026 11:17:33 PM io.gapi.emulators.netty.HttpVersionRoutingHandler channelRead\r\nINFO: Detected non-HTTP/2 connection.\r\n"}}
[debug] [2026-10-03T17:47:33.469Z] Oct 03, 2026 11:17:33 PM io.gapi.emulators.netty.HttpVersionRoutingHandler channelRead
INFO: Detected non-HTTP/2 connection.
 {"metadata":{"emulator":{"name":"firestore"},"message":"Oct 03, 2026 11:17:33 PM io.gapi.emulators.netty.HttpVersionRoutingHandler channelRead\r\nINFO: Detected non-HTTP/2 connection.\r\n"}}
[debug] [2026-10-03T17:47:33.512Z] Oct 03, 2026 11:17:33 PM io.gapi.emulators.netty.HttpVersionRoutingHandler channelRead
INFO: Detected non-HTTP/2 connection.
 {"metadata":{"emulator":{"name":"firestore"},"message":"Oct 03, 2026 11:17:33 PM io.gapi.emulators.netty.HttpVersionRoutingHandler channelRead\r\nINFO: Detected non-HTTP/2 connection.\r\n"}}
[debug] [2026-10-03T17:47:33.563Z] Oct 03, 2026 11:17:33 PM io.gapi.emulators.netty.HttpVersionRoutingHandler channelRead
INFO: Detected non-HTTP/2 connection.
 {"metadata":{"emulator":{"name":"firestore"},"message":"Oct 03, 2026 11:17:33 PM io.gapi.emulators.netty.HttpVersionRoutingHandler channelRead\r\nINFO: Detected non-HTTP/2 connection.\r\n"}}
[debug] [2026-10-03T17:47:33.602Z] Oct 03, 2026 11:17:33 PM io.gapi.emulators.netty.HttpVersionRoutingHandler channelRead
INFO: Detected non-HTTP/2 connection.
 {"metadata":{"emulator":{"name":"firestore"},"message":"Oct 03, 2026 11:17:33 PM io.gapi.emulators.netty.HttpVersionRoutingHandler channelRead\r\nINFO: Detected non-HTTP/2 connection.\r\n"}}
[debug] [2026-10-03T17:47:33.656Z] Oct 03, 2026 11:17:33 PM io.gapi.emulators.netty.HttpVersionRoutingHandler channelRead
INFO: Detected non-HTTP/2 connection.
 {"metadata":{"emulator":{"name":"firestore"},"message":"Oct 03, 2026 11:17:33 PM io.gapi.emulators.netty.HttpVersionRoutingHandler channelRead\r\nINFO: Detected non-HTTP/2 connection.\r\n"}}
[debug] [2026-10-03T17:47:33.686Z] Oct 03, 2026 11:17:33 PM io.gapi.emulators.netty.HttpVersionRoutingHandler channelRead
INFO: Detected non-HTTP/2 connection.
 {"metadata":{"emulator":{"name":"firestore"},"message":"Oct 03, 2026 11:17:33 PM io.gapi.emulators.netty.HttpVersionRoutingHandler channelRead\r\nINFO: Detected non-HTTP/2 connection.\r\n"}}
[debug] [2026-10-03T17:47:33.706Z] Oct 03, 2026 11:17:33 PM io.gapi.emulators.netty.HttpVersionRoutingHandler channelRead
INFO: Detected non-HTTP/2 connection.
 {"metadata":{"emulator":{"name":"firestore"},"message":"Oct 03, 2026 11:17:33 PM io.gapi.emulators.netty.HttpVersionRoutingHandler channelRead\r\nINFO: Detected non-HTTP/2 connection.\r\n"}}
[debug] [2026-10-03T17:47:34.195Z] Oct 03, 2026 11:17:34 PM io.gapi.emulators.netty.HttpVersionRoutingHandler channelRead
INFO: Detected non-HTTP/2 connection.
 {"metadata":{"emulator":{"name":"firestore"},"message":"Oct 03, 2026 11:17:34 PM io.gapi.emulators.netty.HttpVersionRoutingHandler channelRead\r\nINFO: Detected non-HTTP/2 connection.\r\n"}}
[debug] [2026-10-03T17:47:34.200Z] Oct 03, 2026 11:17:34 PM io.gapi.emulators.netty.HttpVersionRoutingHandler channelRead
INFO: Detected non-HTTP/2 connection.
 {"metadata":{"emulator":{"name":"firestore"},"message":"Oct 03, 2026 11:17:34 PM io.gapi.emulators.netty.HttpVersionRoutingHandler channelRead\r\nINFO: Detected non-HTTP/2 connection.\r\n"}}
[debug] [2026-10-03T17:47:34.205Z] Oct 03, 2026 11:17:34 PM io.gapi.emulators.netty.HttpVersionRoutingHandler channelRead
INFO: Detected non-HTTP/2 connection.
 {"metadata":{"emulator":{"name":"firestore"},"message":"Oct 03, 2026 11:17:34 PM io.gapi.emulators.netty.HttpVersionRoutingHandler channelRead\r\nINFO: Detected non-HTTP/2 connection.\r\n"}}
[debug] [2026-10-03T17:47:34.211Z] Oct 03, 2026 11:17:34 PM io.gapi.emulators.netty.HttpVersionRoutingHandler channelRead
INFO: Detected non-HTTP/2 connection.
 {"metadata":{"emulator":{"name":"firestore"},"message":"Oct 03, 2026 11:17:34 PM io.gapi.emulators.netty.HttpVersionRoutingHandler channelRead\r\nINFO: Detected non-HTTP/2 connection.\r\n"}}
[debug] [2026-10-03T17:47:34.212Z] Oct 03, 2026 11:17:34 PM io.gapi.emulators.netty.HttpVersionRoutingHandler channelRead
INFO: Detected non-HTTP/2 connection.
 {"metadata":{"emulator":{"name":"firestore"},"message":"Oct 03, 2026 11:17:34 PM io.gapi.emulators.netty.HttpVersionRoutingHandler channelRead\r\nINFO: Detected non-HTTP/2 connection.\r\n"}}
[debug] [2026-10-03T17:47:34.215Z] Oct 03, 2026 11:17:34 PM io.gapi.emulators.netty.HttpVersionRoutingHandler channelRead
INFO: Detected non-HTTP/2 connection.
 {"metadata":{"emulator":{"name":"firestore"},"message":"Oct 03, 2026 11:17:34 PM io.gapi.emulators.netty.HttpVersionRoutingHandler channelRead\r\nINFO: Detected non-HTTP/2 connection.\r\n"}}
[debug] [2026-10-03T17:47:34.217Z] Oct 03, 2026 11:17:34 PM io.gapi.emulators.netty.HttpVersionRoutingHandler channelRead
INFO: Detected non-HTTP/2 connection.
 {"metadata":{"emulator":{"name":"firestore"},"message":"Oct 03, 2026 11:17:34 PM io.gapi.emulators.netty.HttpVersionRoutingHandler channelRead\r\nINFO: Detected non-HTTP/2 connection.\r\n"}}
[debug] [2026-10-03T17:47:34.224Z] Oct 03, 2026 11:17:34 PM io.gapi.emulators.netty.HttpVersionRoutingHandler channelRead
INFO: Detected non-HTTP/2 connection.
Oct 03, 2026 11:17:34 PM io.gapi.emulators.netty.HttpVersionRoutingHandler channelRead
INFO: Detected non-HTTP/2 connection.
 {"metadata":{"emulator":{"name":"firestore"},"message":"Oct 03, 2026 11:17:34 PM io.gapi.emulators.netty.HttpVersionRoutingHandler channelRead\r\nINFO: Detected non-HTTP/2 connection.\r\nOct 03, 2026 11:17:34 PM io.gapi.emulators.netty.HttpVersionRoutingHandler channelRead\r\nINFO: Detected non-HTTP/2 connection.\r\n"}}
[debug] [2026-10-03T17:47:35.787Z] Oct 03, 2026 11:17:35 PM io.netty.channel.DefaultChannelPipeline onUnhandledInboundException
WARNING: An exceptionCaught() event was fired, and it reached at the tail of the pipeline. It usually means the last handler in the pipeline did not handle the exception.
java.net.SocketException: Connection reset
	at java.base/sun.nio.ch.SocketChannelImpl.throwConnectionReset(Unknown Source)
	at java.base/sun.nio.ch.SocketChannelImpl.read(Unknown Source)
	at io.netty.buffer.PooledByteBuf.setBytes(PooledByteBuf.java:255)
	at io.netty.buffer.AbstractByteBuf.writeBytes(AbstractByteBuf.java:1132)
	at io.netty.channel.socket.nio.NioSocketChannel.doReadBytes(NioSocketChannel.java:356)
	at io.netty.channel.nio.AbstractNioByteChannel$NioByteUnsafe.read(AbstractNioByteChannel.java:156)
	at io.netty.channel.nio.NioEventLoop.processSelectedKey(NioEventLoop.java:796)
	at io.netty.channel.nio.NioEventLoop.processSelectedKeysOptimized(NioEventLoop.java:732)
	at io.netty.channel.nio.NioEventLoop.processSelectedKeys(NioEventLoop.java:658)
	at io.netty.channel.nio.NioEventLoop.run(NioEventLoop.java:562)
	at io.netty.util.concurrent.SingleThreadEventExecutor$4.run(SingleThreadEventExecutor.java:998)
	at io.netty.util.internal.ThreadExecutorMap$2.run(ThreadExecutorMap.java:74)
	at io.netty.util.concurrent.FastThreadLocalRunnable.run(FastThreadLocalRunnable.java:30)
	at java.base/java.lang.Thread.run(Unknown Source)

 {"metadata":{"emulator":{"name":"firestore"},"message":"Oct 03, 2026 11:17:35 PM io.netty.channel.DefaultChannelPipeline onUnhandledInboundException\r\nWARNING: An exceptionCaught() event was fired, and it reached at the tail of the pipeline. It usually means the last handler in the pipeline did not handle the exception.\r\njava.net.SocketException: Connection reset\r\n\tat java.base/sun.nio.ch.SocketChannelImpl.throwConnectionReset(Unknown Source)\r\n\tat java.base/sun.nio.ch.SocketChannelImpl.read(Unknown Source)\r\n\tat io.netty.buffer.PooledByteBuf.setBytes(PooledByteBuf.java:255)\r\n\tat io.netty.buffer.AbstractByteBuf.writeBytes(AbstractByteBuf.java:1132)\r\n\tat io.netty.channel.socket.nio.NioSocketChannel.doReadBytes(NioSocketChannel.java:356)\r\n\tat io.netty.channel.nio.AbstractNioByteChannel$NioByteUnsafe.read(AbstractNioByteChannel.java:156)\r\n\tat io.netty.channel.nio.NioEventLoop.processSelectedKey(NioEventLoop.java:796)\r\n\tat io.netty.channel.nio.NioEventLoop.processSelectedKeysOptimized(NioEventLoop.java:732)\r\n\tat io.netty.channel.nio.NioEventLoop.processSelectedKeys(NioEventLoop.java:658)\r\n\tat io.netty.channel.nio.NioEventLoop.run(NioEventLoop.java:562)\r\n\tat io.netty.util.concurrent.SingleThreadEventExecutor$4.run(SingleThreadEventExecutor.java:998)\r\n\tat io.netty.util.internal.ThreadExecutorMap$2.run(ThreadExecutorMap.java:74)\r\n\tat io.netty.util.concurrent.FastThreadLocalRunnable.run(FastThreadLocalRunnable.java:30)\r\n\tat java.base/java.lang.Thread.run(Unknown Source)\r\n\r\n"}}
[debug] [2026-10-03T18:14:08.069Z] ----------------------------------------------------------------------
[debug] [2026-10-03T18:14:08.075Z] Command:       C:\Program Files\nodejs\node.exe C:\Work\MiTutoraPro\node_modules\firebase-tools\lib\bin\firebase.js emulators:start --only auth,firestore --project demo-mitutora
[debug] [2026-10-03T18:14:08.076Z] CLI Version:   15.26.0
[debug] [2026-10-03T18:14:08.077Z] Platform:      win32
[debug] [2026-10-03T18:14:08.077Z] Node Version:  v25.9.0
[debug] [2026-10-03T18:14:08.078Z] Detected Agent: codex_cli
[debug] [2026-10-03T18:14:08.078Z] Time:          Sat Oct 03 2026 23:44:08 GMT+0530 (India Standard Time)
[debug] [2026-10-03T18:14:08.078Z] ----------------------------------------------------------------------
[debug] 
[debug] [2026-10-03T18:14:08.114Z] >>> [apiv2][query] GET https://firebase-public.firebaseio.com/cli.json [none]
[debug] [2026-10-03T18:14:13.283Z] *** [apiv2] error from fetch(https://firebase-public.firebaseio.com/cli.json, {"headers":{},"method":"GET"}): AggregateError
[warn] !  Unable to fetch the CLI MOTD and remote config. This is not a fatal error, but may indicate an issue with your network connection. 
[debug] [2026-10-03T18:14:13.285Z] Failed to fetch MOTD FirebaseError: Failed to make request to https://firebase-public.firebaseio.com/cli.json
[debug] [2026-10-03T18:14:13.452Z] openjdk version "21.0.10" 2026-01-20

[debug] [2026-10-03T18:14:13.456Z] OpenJDK Runtime Environment (build 21.0.10+-14961533-b1163.108)
OpenJDK 64-Bit Server VM (build 21.0.10+-14961533-b1163.108, mixed mode)

[debug] [2026-10-03T18:14:13.470Z] Parsed Java major version: 21
[info] i  emulators: Starting emulators: auth, firestore {"metadata":{"emulator":{"name":"hub"},"message":"Starting emulators: auth, firestore"}}
[info] i  emulators: Detected demo project ID "demo-mitutora", emulated services will use a demo configuration and attempts to access non-emulated services for this project will fail. {"metadata":{"emulator":{"name":"hub"},"message":"Detected demo project ID \"demo-mitutora\", emulated services will use a demo configuration and attempts to access non-emulated services for this project will fail."}}
[debug] [2026-10-03T18:14:13.503Z] [logging] Logging Emulator only supports listening on one address (127.0.0.1). Not listening on ::1
[debug] [2026-10-03T18:14:13.504Z] [auth] Authentication Emulator only supports listening on one address (127.0.0.1). Not listening on ::1
[debug] [2026-10-03T18:14:13.504Z] [firestore] Firestore Emulator only supports listening on one address (127.0.0.1). Not listening on ::1
[debug] [2026-10-03T18:14:13.504Z] [firestore.websocket] websocket server for firestore only supports listening on one address (127.0.0.1). Not listening on ::1
[debug] [2026-10-03T18:14:13.505Z] assigned listening specs for emulators {"user":{"hub":[{"address":"127.0.0.1","family":"IPv4","port":4400},{"address":"::1","family":"IPv6","port":4400}],"logging":[{"address":"127.0.0.1","family":"IPv4","port":4500}],"auth":[{"address":"127.0.0.1","family":"IPv4","port":9099}],"firestore":[{"address":"127.0.0.1","family":"IPv4","port":8080}],"firestore.websocket":[{"address":"127.0.0.1","family":"IPv4","port":9150}]},"metadata":{"message":"assigned listening specs for emulators"}}
[debug] [2026-10-03T18:14:13.523Z] Found emulator hub locator: {"version":"15.26.0","origins":["http://127.0.0.1:4400","http://[::1]:4400"],"pid":28308}
[debug] [2026-10-03T18:14:13.528Z] Write emulator hub locator at C:\Users\Avinash\AppData\Local\Temp\hub-demo-mitutora.json
[debug] [2026-10-03T18:14:13.568Z] Ignoring unsupported arg: auto_download {"metadata":{"emulator":{"name":"firestore"},"message":"Ignoring unsupported arg: auto_download"}}
[debug] [2026-10-03T18:14:13.569Z] Ignoring unsupported arg: single_project_mode_error {"metadata":{"emulator":{"name":"firestore"},"message":"Ignoring unsupported arg: single_project_mode_error"}}
[debug] [2026-10-03T18:14:13.569Z] Starting Firestore Emulator with command {"binary":"java","args":["-Dgoogle.cloud_firestore.debug_log_level=FINE","-Duser.language=en","-jar","C:\\Users\\Avinash\\.cache\\firebase\\emulators\\cloud-firestore-emulator-v1.22.0.jar","--host","127.0.0.1","--port",8080,"--websocket_port",9150,"--database-edition","standard","--project_id","demo-mitutora","--rules","C:\\Work\\MiTutoraPro\\firestore.rules","--single_project_mode",true],"optionalArgs":["port","webchannel_port","host","rules","websocket_port","database-edition","functions_emulator","seed_from_export","project_id","single_project_mode"],"joinArgs":false,"shell":false,"port":8080} {"metadata":{"emulator":{"name":"firestore"},"message":"Starting Firestore Emulator with command {\"binary\":\"java\",\"args\":[\"-Dgoogle.cloud_firestore.debug_log_level=FINE\",\"-Duser.language=en\",\"-jar\",\"C:\\\\Users\\\\Avinash\\\\.cache\\\\firebase\\\\emulators\\\\cloud-firestore-emulator-v1.22.0.jar\",\"--host\",\"127.0.0.1\",\"--port\",8080,\"--websocket_port\",9150,\"--database-edition\",\"standard\",\"--project_id\",\"demo-mitutora\",\"--rules\",\"C:\\\\Work\\\\MiTutoraPro\\\\firestore.rules\",\"--single_project_mode\",true],\"optionalArgs\":[\"port\",\"webchannel_port\",\"host\",\"rules\",\"websocket_port\",\"database-edition\",\"functions_emulator\",\"seed_from_export\",\"project_id\",\"single_project_mode\"],\"joinArgs\":false,\"shell\":false,\"port\":8080}"}}
[info] i  firestore: Firestore Emulator logging to firestore-debug.log {"metadata":{"emulator":{"name":"firestore"},"message":"Firestore Emulator logging to firestore-debug.log"}}
[debug] [2026-10-03T18:14:25.941Z] Oct 03, 2026 11:44:25 PM com.google.cloud.datastore.emulator.firestore.websocket.WebSocketServer start
INFO: Started WebSocket server on ws://127.0.0.1:9150
 {"metadata":{"emulator":{"name":"firestore"},"message":"Oct 03, 2026 11:44:25 PM com.google.cloud.datastore.emulator.firestore.websocket.WebSocketServer start\r\nINFO: Started WebSocket server on ws://127.0.0.1:9150\r\n"}}
[debug] [2026-10-03T18:14:26.040Z] 
API endpoint: http:// {"metadata":{"emulator":{"name":"firestore"},"message":"\nAPI endpoint: http://"}}
[debug] [2026-10-03T18:14:26.042Z] 127.0.0.1:8080
Database Edition: STANDARD
Database Mode: CLOUD_FIRESTORE

If you are using a library that supports the FIRESTORE_EMULATOR_HOST environment variable, run:

   export FIRESTORE_EMULATOR_HOST=127.0.0.1:8080

If you are running a Firestore in Datastore Mode project, run:

   export DATASTORE_EMULATOR_HOST=127.0.0.1:8080

Note: Support for Datastore Mode is in preview. If you encounter any bugs please file at https://github.com/firebase/firebase-tools/issues.
Dev App Server is now running.

 {"metadata":{"emulator":{"name":"firestore"},"message":"127.0.0.1:8080\nDatabase Edition: STANDARD\nDatabase Mode: CLOUD_FIRESTORE\n\nIf you are using a library that supports the FIRESTORE_EMULATOR_HOST environment variable, run:\r\n\n   export FIRESTORE_EMULATOR_HOST=127.0.0.1:8080\n\nIf you are running a Firestore in Datastore Mode project, run:\r\n\n   export DATASTORE_EMULATOR_HOST=127.0.0.1:8080\n\nNote: Support for Datastore Mode is in preview. If you encounter any bugs please file at https://github.com/firebase/firebase-tools/issues.\r\nDev App Server is now running.\n\r\n"}}
[info] +  firestore: Firestore Emulator was started in standard edition. {"metadata":{"emulator":{"name":"firestore"},"message":"Firestore Emulator was started in standard edition."}}
[info] +  firestore: Firestore Emulator UI websocket is running on 9150. {"metadata":{"emulator":{"name":"firestore"},"message":"Firestore Emulator UI websocket is running on 9150."}}
[debug] [2026-10-03T18:14:44.525Z] Oct 03, 2026 11:44:26 PM io.gapi.emulators.netty.HttpVersionRoutingHandler channelRead
INFO: Detected non-HTTP/2 connection.
Oct 03, 2026 11:44:26 PM io.gapi.emulators.netty.NotFoundHandler handleRequest
INFO: Unknown request URI: /v1/projects/demo-mitutora/databases/(default)/documents?pageSize=1
Oct 03, 2026 11:44:26 PM io.gapi.emulators.netty.NotFoundHandler handleRequest
INFO: Unknown request URI: /v1/projects/demo-mitutora/databases/(default)/documents?pageSize=1
Oct 03, 2026 11:44:26 PM io.gapi.emulators.netty.NotFoundHandler handleRequest
INFO: Unknown request URI: /v1/projects/demo-mitutora/databases/(default)/documents?pageSize=1
Oct 03, 2026 11:44:27 PM io.gapi.emulators.netty.NotFoundHandler handleRequest
INFO: Unknown request URI: /v1/projects/demo-mitutora/databases/(default)/documents?pageSize=1
Oct 03, 2026 11:44:27 PM io.gapi.emulators.netty.NotFoundHandler handleRequest
INFO: Unknown request URI: /v1/projects/demo-mitutora/databases/(default)/documents?pageSize=1
Oct 03, 2026 11:44:27 PM io.gapi.emulators.netty.NotFoundHandler handleRequest
INFO: Unknown request URI: /v1/projects/demo-mitutora/databases/(default)/documents?pageSize=1
Oct 03, 2026 11:44:27 PM io.gapi.emulators.netty.NotFoundHandler handleRequest
INFO: Unknown request URI: /v1/projects/demo-mitutora/databases/(default)/documents?pageSize=1
Oct 03, 2026 11:44:28 PM io.gapi.emulators.netty.NotFoundHandler handleRequest
INFO: Unknown request URI: /v1/projects/demo-mitutora/databases/(default)/documents?pageSize=1
Oct 03, 2026 11:44:28 PM io.gapi.emulators.netty.NotFoundHandler handleRequest
INFO: Unknown request URI: /v1/projects/demo-mitutora/databases/(default)/documents?pageSize=1
Oct 03, 2026 11:44:28 PM io.gapi.emulators.netty.NotFoundHandler handleRequest
INFO: Unknown request URI: /v1/projects/demo-mitutora/databases/(default)/documents?pageSize=1
Oct 03, 2026 11:44:29 PM io.gapi.emulators.netty.NotFoundHandler handleRequest
INFO: Unknown request URI: /v1/projects/demo-mitutora/databases/(default)/documents?pageSize=1
Oct 03, 2026 11:44:29 PM io.gapi.emulators.netty.NotFoundHandler handleRequest
INFO: Unknown request URI: /v1/projects/demo-mitutora/databases/(default)/documents?pageSize=1
Oct 03, 2026 11:44:29 PM io.gapi.emulators.netty.NotFoundHandler handleRequest
INFO: Unknown request URI: /v1/projects/demo-mitutora/databases/(default)/documents?pageSize=1
Oct 03, 2026 11:44:29 PM io.gapi.emulators.netty.NotFoundHandler handleRequest
INFO: Unknown request URI: /v1/projects/demo-mitutora/databases/(default)/documents?pageSize=1
Oct 03, 2026 11:44:30 PM io.gapi.emulators.netty.NotFoundHandler handleRequest
INFO: Unknown request URI: /v1/projects/demo-mitutora/databases/(default)/documents?pageSize=1
Oct 03, 2026 11:44:30 PM io.gapi.emulators.netty.NotFoundHandler handleRequest
INFO: Unknown request URI: /v1/projects/demo-mitutora/databases/(default)/documents?pageSize=1
Oct 03, 2026 11:44:30 PM io.gapi.emulators.netty.NotFoundHandler handleRequest
INFO: Unknown request URI: /v1/projects/demo-mitutora/databases/(default)/documents?pageSize=1
Oct 03, 2026 11:44:30 PM io.gapi.emulators.netty.NotFoundHandler handleRequest
INFO: Unknown request URI: /v1/projects/demo-mitutora/databases/(default)/documents?pageSize=1
Oct 03, 2026 11:44:31 PM io.gapi.emulators.netty.NotFoundHandler handleRequest
INFO: Unknown request URI: /v1/projects/demo-mitutora/databases/(default)/documents?pageSize=1
Oct 03, 2026 11:44:31 PM io.gapi.emulators.netty.NotFoundHandler handleRequest
INFO: Unknown request URI: /v1/projects/demo-mitutora/databases/(default)/documents?pageSize=1
Oct 03, 2026 11:44:31 PM io.gapi.emulators.netty.NotFoundHandler handleRequest
INFO: Unknown request URI: /v1/projects/demo-mitutora/databases/(default)/documents?pageSize=1
Oct 03, 2026 11:44:31 PM io.gapi.emulators.netty.NotFoundHandler handleRequest
INFO: Unknown request URI: /v1/projects/demo-mitutora/databases/(default)/documents?pageSize=1
Oct 03, 2026 11:44:32 PM io.gapi.emulators.netty.NotFoundHandler handleRequest
INFO: Unknown request URI: /v1/projects/demo-mitutora/databases/(default)/documents?pageSize=1
Oct 03, 2026 11:44:32 PM io.gapi.emulators.netty.NotFoundHandler handleRequest
INFO: Unknown request URI: /v1/projects/demo-mitutora/databases/(default)/documents?pageSize=1
Oct 03, 2026 11:44:32 PM io.gapi.emulators.netty.NotFoundHandler handleRequest
INFO: Unknown request URI: /v1/projects/demo-mitutora/databases/(default)/documents?pageSize=1
Oct 03, 2026 11:44:33 PM io.gapi.emulators.netty.NotFoundHandler handleRequest
INFO: Unknown request URI: /v1/projects/demo-mitutora/databases/(default)/documents?pageSize=1
Oct 03, 2026 11:44:33 PM io.gapi.emulators.netty.NotFoundHandler handleRequest
INFO: Unknown request URI: /v1/projects/demo-mitutora/databases/(default)/documents?pageSize=1
Oct 03, 2026 11:44:33 PM io.gapi.emulators.netty.NotFoundHandler handleRequest
INFO: Unknown request URI: /v1/projects/demo-mitutora/databases/(default)/documents?pageSize=1
Oct 03, 2026 11:44:33 PM io.gapi.emulators.netty.NotFoundHandler handleRequest
INFO: Unknown request URI: /v1/projects/demo-mitutora/databases/(default)/documents?pageSize=1
Oct 03, 2026 11:44:34 PM io.gapi.emulators.netty.NotFoundHandler handleRequest
INFO: Unknown request URI: /v1/projects/demo-mitutora/databases/(default)/documents?pageSize=1
Oct 03, 2026 11:44:34 PM io.gapi.emulators.netty.NotFoundHandler handleRequest
INFO: Unknown request URI: /v1/projects/demo-mitutora/databases/(default)/documents?pageSize=1
Oct 03, 2026 11:44:34 PM io.gapi.emulators.netty.NotFoundHandler handleRequest
INFO: Unknown request URI: /v1/projects/demo-mitutora/databases/(default)/documents?pageSize=1
Oct 03, 2026 11:44:34 PM io.gapi.emulators.netty.NotFoundHandler handleRequest
INFO: Unknown request URI: /v1/projects/demo-mitutora/databases/(default)/documents?pageSize=1
Oct 03, 2026 11:44:35 PM io.gapi.emulators.netty.NotFoundHandler handleRequest
INFO: Unknown request URI: /v1/projects/demo-mitutora/databases/(default)/documents?pageSize=1
Oct 03, 2026 11:44:35 PM io.gapi.emulators.netty.NotFoundHandler handleRequest
INFO: Unknown request URI: /v1/projects/demo-mitutora/databases/(default)/documents?pageSize=1
Oct 03, 2026 11:44:35 PM io.gapi.emulators.netty.NotFoundHandler handleRequest
INFO: Unknown request URI: /v1/projects/demo-mitutora/databases/(default)/documents?pageSize=1
Oct 03, 2026 11:44:35 PM io.gapi.emulators.netty.NotFoundHandler handleRequest
INFO: Unknown request URI: /v1/projects/demo-mitutora/databases/(default)/documents?pageSize=1
Oct 03, 2026 11:44:36 PM io.gapi.emulators.netty.NotFoundHandler handleRequest
INFO: Unknown request URI: /v1/projects/demo-mitutora/databases/(default)/documents?pageSize=1
Oct 03, 2026 11:44:36 PM io.gapi.emulators.netty.NotFoundHandler handleRequest
INFO: Unknown request URI: /v1/projects/demo-mitutora/databases/(default)/documents?pageSize=1
Oct 03, 2026 11:44:36 PM io.gapi.emulators.netty.NotFoundHandler handleRequest
INFO: Unknown request URI: /v1/projects/demo-mitutora/databases/(default)/documents?pageSize=1
Oct 03, 2026 11:44:37 PM io.gapi.emulators.netty.NotFoundHandler handleRequest
INFO: Unknown request URI: /v1/projects/demo-mitutora/databases/(default)/documents?pageSize=1
Oct 03, 2026 11:44:37 PM io.gapi.emulators.netty.NotFoundHandler handleRequest
INFO: Unknown request URI: /v1/projects/demo-mitutora/databases/(default)/documents?pageSize=1
Oct 03, 2026 11:44:37 PM io.gapi.emulators.netty.NotFoundHandler handleRequest
INFO: Unknown request URI: /v1/projects/demo-mitutora/databases/(default)/documents?pageSize=1
Oct 03, 2026 11:44:37 PM io.gapi.emulators.netty.NotFoundHandler handleRequest
INFO: Unknown request URI: /v1/projects/demo-mitutora/databases/(default)/documents?pageSize=1
Oct 03, 2026 11:44:38 PM io.gapi.emulators.netty.NotFoundHandler handleRequest
INFO: Unknown request URI: /v1/projects/demo-mitutora/databases/(default)/documents?pageSize=1
Oct 03, 2026 11:44:38 PM io.gapi.emulators.netty.NotFoundHandler handleRequest
INFO: Unknown request URI: /v1/projects/demo-mitutora/databases/(default)/documents?pageSize=1
Oct 03, 2026 11:44:38 PM io.gapi.emulators.netty.NotFoundHandler handleRequest
INFO: Unknown request URI: /v1/projects/demo-mitutora/databases/(default)/documents?pageSize=1
Oct 03, 2026 11:44:38 PM io.gapi.emulators.netty.NotFoundHandler handleRequest
INFO: Unknown request URI: /v1/projects/demo-mitutora/databases/(default)/documents?pageSize=1
Oct 03, 2026 11:44:39 PM io.gapi.emulators.netty.NotFoundHandler handleRequest
INFO: Unknown request URI: /v1/projects/demo-mitutora/databases/(default)/documents?pageSize=1
Oct 03, 2026 11:44:39 PM io.gapi.emulators.netty.NotFoundHandler handleRequest
INFO: Unknown request URI: /v1/projects/demo-mitutora/databases/(default)/documents?pageSize=1
Oct 03, 2026 11:44:39 PM io.gapi.emulators.netty.NotFoundHandler handleRequest
INFO: Unknown request URI: /v1/projects/demo-mitutora/databases/(default)/documents?pageSize=1
Oct 03, 2026 11:44:39 PM io.gapi.emulators.netty.NotFoundHandler handleRequest
INFO: Unknown request URI: /v1/projects/demo-mitutora/databases/(default)/documents?pageSize=1
Oct 03, 2026 11:44:40 PM io.gapi.emulators.netty.NotFoundHandler handleRequest
INFO: Unknown request URI: /v1/projects/demo-mitutora/databases/(default)/documents?pageSize=1
Oct 03, 2026 11:44:40 PM io.gapi.emulators.netty.NotFoundHandler handleRequest
INFO: Unknown request URI: /v1/projects/demo-mitutora/databases/(default)/documents?pageSize=1
Oct 03, 2026 11:44:40 PM io.gapi.emulators.netty.NotFoundHandler handleRequest
INFO: Unknown request URI: /v1/projects/demo-mitutora/databases/(default)/documents?pageSize=1
Oct 03, 2026 11:44:41 PM io.gapi.emulators.netty.NotFoundHandler handleRequest
INFO: Unknown request URI: /v1/projects/demo-mitutora/databases/(default)/documents?pageSize=1
Oct 03, 2026 11:44:41 PM io.gapi.emulators.netty.NotFoundHandler handleRequest
INFO: Unknown request URI: /v1/projects/demo-mitutora/databases/(default)/documents?pageSize=1
Oct 03, 2026 11:44:41 PM io.gapi.emulators.netty.NotFoundHandler handleRequest
INFO: Unknown request URI: /v1/projects/demo-mitutora/databases/(default)/documents?pageSize=1
Oct 03, 2026 11:44:41 PM io.gapi.emulators.netty.NotFoundHandler handleRequest
INFO: Unknown request URI: /v1/projects/demo-mitutora/databases/(default)/documents?pageSize=1
Oct 03, 2026 11:44:42 PM io.gapi.emulators.netty.NotFoundHandler handleRequest
INFO: Unknown request URI: /v1/projects/demo-mitutora/databases/(default)/documents?pageSize=1
Oct 03, 2026 11:44:42 PM io.gapi.emulators.netty.NotFoundHandler handleRequest
INFO: Unknown request URI: /v1/projects/demo-mitutora/databases/(default)/documents?pageSize=1
Oct 03, 2026 11:44:42 PM io.gapi.emulators.netty.NotFoundHandler handleRequest
INFO: Unknown request URI: /v1/projects/demo-mitutora/databases/(default)/documents?pageSize=1
Oct 03, 2026 11:44:42 PM io.gapi.emulators.netty.NotFoundHandler handleRequest
INFO: Unknown request URI: /v1/projects/demo-mitutora/databases/(default)/documents?pageSize=1
Oct 03, 2026 11:44:43 PM io.gapi.emulators.netty.NotFoundHandler handleRequest
INFO: Unknown request URI: /v1/projects/demo-mitutora/databases/(default)/documents?pageSize=1
Oct 03, 2026 11:44:43 PM io.gapi.emulators.netty.NotFoundHandler handleRequest
INFO: Unknown request URI: /v1/projects/demo-mitutora/databases/(default)/documents?pageSize=1
Oct 03, 2026 11:44:43 PM io.gapi.emulators.netty.NotFoundHandler handleRequest
INFO: Unknown request URI: /v1/projects/demo-mitutora/databases/(default)/documents?pageSize=1
Oct 03, 2026 11:44:43 PM io.gapi.emulators.netty.NotFoundHandler handleRequest
INFO: Unknown request URI: /v1/projects/demo-mitutora/databases/(default)/documents?pageSize=1
Oct 03, 2026 11:44:44 PM io.gapi.emulators.netty.NotFoundHandler handleRequest
INFO: Unknown request URI: /v1/projects/demo-mitutora/databases/(default)/documents?pageSize=1
Oct 03, 2026 11:44:44 PM io.gapi.emulators.netty.NotFoundHandler handleRequest
INFO: Unknown request URI: /v1/projects/demo-mitutora/databases/(default)/documents?pageSize=1
 {"metadata":{"emulator":{"name":"firestore"},"message":"Oct 03, 2026 11:44:26 PM io.gapi.emulators.netty.HttpVersionRoutingHandler channelRead\r\nINFO: Detected non-HTTP/2 connection.\r\nOct 03, 2026 11:44:26 PM io.gapi.emulators.netty.NotFoundHandler handleRequest\r\nINFO: Unknown request URI: /v1/projects/demo-mitutora/databases/(default)/documents?pageSize=1\r\nOct 03, 2026 11:44:26 PM io.gapi.emulators.netty.NotFoundHandler handleRequest\r\nINFO: Unknown request URI: /v1/projects/demo-mitutora/databases/(default)/documents?pageSize=1\r\nOct 03, 2026 11:44:26 PM io.gapi.emulators.netty.NotFoundHandler handleRequest\r\nINFO: Unknown request URI: /v1/projects/demo-mitutora/databases/(default)/documents?pageSize=1\r\nOct 03, 2026 11:44:27 PM io.gapi.emulators.netty.NotFoundHandler handleRequest\r\nINFO: Unknown request URI: /v1/projects/demo-mitutora/databases/(default)/documents?pageSize=1\r\nOct 03, 2026 11:44:27 PM io.gapi.emulators.netty.NotFoundHandler handleRequest\r\nINFO: Unknown request URI: /v1/projects/demo-mitutora/databases/(default)/documents?pageSize=1\r\nOct 03, 2026 11:44:27 PM io.gapi.emulators.netty.NotFoundHandler handleRequest\r\nINFO: Unknown request URI: /v1/projects/demo-mitutora/databases/(default)/documents?pageSize=1\r\nOct 03, 2026 11:44:27 PM io.gapi.emulators.netty.NotFoundHandler handleRequest\r\nINFO: Unknown request URI: /v1/projects/demo-mitutora/databases/(default)/documents?pageSize=1\r\nOct 03, 2026 11:44:28 PM io.gapi.emulators.netty.NotFoundHandler handleRequest\r\nINFO: Unknown request URI: /v1/projects/demo-mitutora/databases/(default)/documents?pageSize=1\r\nOct 03, 2026 11:44:28 PM io.gapi.emulators.netty.NotFoundHandler handleRequest\r\nINFO: Unknown request URI: /v1/projects/demo-mitutora/databases/(default)/documents?pageSize=1\r\nOct 03, 2026 11:44:28 PM io.gapi.emulators.netty.NotFoundHandler handleRequest\r\nINFO: Unknown request URI: /v1/projects/demo-mitutora/databases/(default)/documents?pageSize=1\r\nOct 03, 2026 11:44:29 PM io.gapi.emulators.netty.NotFoundHandler handleRequest\r\nINFO: Unknown request URI: /v1/projects/demo-mitutora/databases/(default)/documents?pageSize=1\r\nOct 03, 2026 11:44:29 PM io.gapi.emulators.netty.NotFoundHandler handleRequest\r\nINFO: Unknown request URI: /v1/projects/demo-mitutora/databases/(default)/documents?pageSize=1\r\nOct 03, 2026 11:44:29 PM io.gapi.emulators.netty.NotFoundHandler handleRequest\r\nINFO: Unknown request URI: /v1/projects/demo-mitutora/databases/(default)/documents?pageSize=1\r\nOct 03, 2026 11:44:29 PM io.gapi.emulators.netty.NotFoundHandler handleRequest\r\nINFO: Unknown request URI: /v1/projects/demo-mitutora/databases/(default)/documents?pageSize=1\r\nOct 03, 2026 11:44:30 PM io.gapi.emulators.netty.NotFoundHandler handleRequest\r\nINFO: Unknown request URI: /v1/projects/demo-mitutora/databases/(default)/documents?pageSize=1\r\nOct 03, 2026 11:44:30 PM io.gapi.emulators.netty.NotFoundHandler handleRequest\r\nINFO: Unknown request URI: /v1/projects/demo-mitutora/databases/(default)/documents?pageSize=1\r\nOct 03, 2026 11:44:30 PM io.gapi.emulators.netty.NotFoundHandler handleRequest\r\nINFO: Unknown request URI: /v1/projects/demo-mitutora/databases/(default)/documents?pageSize=1\r\nOct 03, 2026 11:44:30 PM io.gapi.emulators.netty.NotFoundHandler handleRequest\r\nINFO: Unknown request URI: /v1/projects/demo-mitutora/databases/(default)/documents?pageSize=1\r\nOct 03, 2026 11:44:31 PM io.gapi.emulators.netty.NotFoundHandler handleRequest\r\nINFO: Unknown request URI: /v1/projects/demo-mitutora/databases/(default)/documents?pageSize=1\r\nOct 03, 2026 11:44:31 PM io.gapi.emulators.netty.NotFoundHandler handleRequest\r\nINFO: Unknown request URI: /v1/projects/demo-mitutora/databases/(default)/documents?pageSize=1\r\nOct 03, 2026 11:44:31 PM io.gapi.emulators.netty.NotFoundHandler handleRequest\r\nINFO: Unknown request URI: /v1/projects/demo-mitutora/databases/(default)/documents?pageSize=1\r\nOct 03, 2026 11:44:31 PM io.gapi.emulators.netty.NotFoundHandler handleRequest\r\nINFO: Unknown request URI: /v1/projects/demo-mitutora/databases/(default)/documents?pageSize=1\r\nOct 03, 2026 11:44:32 PM io.gapi.emulators.netty.NotFoundHandler handleRequest\r\nINFO: Unknown request URI: /v1/projects/demo-mitutora/databases/(default)/documents?pageSize=1\r\nOct 03, 2026 11:44:32 PM io.gapi.emulators.netty.NotFoundHandler handleRequest\r\nINFO: Unknown request URI: /v1/projects/demo-mitutora/databases/(default)/documents?pageSize=1\r\nOct 03, 2026 11:44:32 PM io.gapi.emulators.netty.NotFoundHandler handleRequest\r\nINFO: Unknown request URI: /v1/projects/demo-mitutora/databases/(default)/documents?pageSize=1\r\nOct 03, 2026 11:44:33 PM io.gapi.emulators.netty.NotFoundHandler handleRequest\r\nINFO: Unknown request URI: /v1/projects/demo-mitutora/databases/(default)/documents?pageSize=1\r\nOct 03, 2026 11:44:33 PM io.gapi.emulators.netty.NotFoundHandler handleRequest\r\nINFO: Unknown request URI: /v1/projects/demo-mitutora/databases/(default)/documents?pageSize=1\r\nOct 03, 2026 11:44:33 PM io.gapi.emulators.netty.NotFoundHandler handleRequest\r\nINFO: Unknown request URI: /v1/projects/demo-mitutora/databases/(default)/documents?pageSize=1\r\nOct 03, 2026 11:44:33 PM io.gapi.emulators.netty.NotFoundHandler handleRequest\r\nINFO: Unknown request URI: /v1/projects/demo-mitutora/databases/(default)/documents?pageSize=1\r\nOct 03, 2026 11:44:34 PM io.gapi.emulators.netty.NotFoundHandler handleRequest\r\nINFO: Unknown request URI: /v1/projects/demo-mitutora/databases/(default)/documents?pageSize=1\r\nOct 03, 2026 11:44:34 PM io.gapi.emulators.netty.NotFoundHandler handleRequest\r\nINFO: Unknown request URI: /v1/projects/demo-mitutora/databases/(default)/documents?pageSize=1\r\nOct 03, 2026 11:44:34 PM io.gapi.emulators.netty.NotFoundHandler handleRequest\r\nINFO: Unknown request URI: /v1/projects/demo-mitutora/databases/(default)/documents?pageSize=1\r\nOct 03, 2026 11:44:34 PM io.gapi.emulators.netty.NotFoundHandler handleRequest\r\nINFO: Unknown request URI: /v1/projects/demo-mitutora/databases/(default)/documents?pageSize=1\r\nOct 03, 2026 11:44:35 PM io.gapi.emulators.netty.NotFoundHandler handleRequest\r\nINFO: Unknown request URI: /v1/projects/demo-mitutora/databases/(default)/documents?pageSize=1\r\nOct 03, 2026 11:44:35 PM io.gapi.emulators.netty.NotFoundHandler handleRequest\r\nINFO: Unknown request URI: /v1/projects/demo-mitutora/databases/(default)/documents?pageSize=1\r\nOct 03, 2026 11:44:35 PM io.gapi.emulators.netty.NotFoundHandler handleRequest\r\nINFO: Unknown request URI: /v1/projects/demo-mitutora/databases/(default)/documents?pageSize=1\r\nOct 03, 2026 11:44:35 PM io.gapi.emulators.netty.NotFoundHandler handleRequest\r\nINFO: Unknown request URI: /v1/projects/demo-mitutora/databases/(default)/documents?pageSize=1\r\nOct 03, 2026 11:44:36 PM io.gapi.emulators.netty.NotFoundHandler handleRequest\r\nINFO: Unknown request URI: /v1/projects/demo-mitutora/databases/(default)/documents?pageSize=1\r\nOct 03, 2026 11:44:36 PM io.gapi.emulators.netty.NotFoundHandler handleRequest\r\nINFO: Unknown request URI: /v1/projects/demo-mitutora/databases/(default)/documents?pageSize=1\r\nOct 03, 2026 11:44:36 PM io.gapi.emulators.netty.NotFoundHandler handleRequest\r\nINFO: Unknown request URI: /v1/projects/demo-mitutora/databases/(default)/documents?pageSize=1\r\nOct 03, 2026 11:44:37 PM io.gapi.emulators.netty.NotFoundHandler handleRequest\r\nINFO: Unknown request URI: /v1/projects/demo-mitutora/databases/(default)/documents?pageSize=1\r\nOct 03, 2026 11:44:37 PM io.gapi.emulators.netty.NotFoundHandler handleRequest\r\nINFO: Unknown request URI: /v1/projects/demo-mitutora/databases/(default)/documents?pageSize=1\r\nOct 03, 2026 11:44:37 PM io.gapi.emulators.netty.NotFoundHandler handleRequest\r\nINFO: Unknown request URI: /v1/projects/demo-mitutora/databases/(default)/documents?pageSize=1\r\nOct 03, 2026 11:44:37 PM io.gapi.emulators.netty.NotFoundHandler handleRequest\r\nINFO: Unknown request URI: /v1/projects/demo-mitutora/databases/(default)/documents?pageSize=1\r\nOct 03, 2026 11:44:38 PM io.gapi.emulators.netty.NotFoundHandler handleRequest\r\nINFO: Unknown request URI: /v1/projects/demo-mitutora/databases/(default)/documents?pageSize=1\r\nOct 03, 2026 11:44:38 PM io.gapi.emulators.netty.NotFoundHandler handleRequest\r\nINFO: Unknown request URI: /v1/projects/demo-mitutora/databases/(default)/documents?pageSize=1\r\nOct 03, 2026 11:44:38 PM io.gapi.emulators.netty.NotFoundHandler handleRequest\r\nINFO: Unknown request URI: /v1/projects/demo-mitutora/databases/(default)/documents?pageSize=1\r\nOct 03, 2026 11:44:38 PM io.gapi.emulators.netty.NotFoundHandler handleRequest\r\nINFO: Unknown request URI: /v1/projects/demo-mitutora/databases/(default)/documents?pageSize=1\r\nOct 03, 2026 11:44:39 PM io.gapi.emulators.netty.NotFoundHandler handleRequest\r\nINFO: Unknown request URI: /v1/projects/demo-mitutora/databases/(default)/documents?pageSize=1\r\nOct 03, 2026 11:44:39 PM io.gapi.emulators.netty.NotFoundHandler handleRequest\r\nINFO: Unknown request URI: /v1/projects/demo-mitutora/databases/(default)/documents?pageSize=1\r\nOct 03, 2026 11:44:39 PM io.gapi.emulators.netty.NotFoundHandler handleRequest\r\nINFO: Unknown request URI: /v1/projects/demo-mitutora/databases/(default)/documents?pageSize=1\r\nOct 03, 2026 11:44:39 PM io.gapi.emulators.netty.NotFoundHandler handleRequest\r\nINFO: Unknown request URI: /v1/projects/demo-mitutora/databases/(default)/documents?pageSize=1\r\nOct 03, 2026 11:44:40 PM io.gapi.emulators.netty.NotFoundHandler handleRequest\r\nINFO: Unknown request URI: /v1/projects/demo-mitutora/databases/(default)/documents?pageSize=1\r\nOct 03, 2026 11:44:40 PM io.gapi.emulators.netty.NotFoundHandler handleRequest\r\nINFO: Unknown request URI: /v1/projects/demo-mitutora/databases/(default)/documents?pageSize=1\r\nOct 03, 2026 11:44:40 PM io.gapi.emulators.netty.NotFoundHandler handleRequest\r\nINFO: Unknown request URI: /v1/projects/demo-mitutora/databases/(default)/documents?pageSize=1\r\nOct 03, 2026 11:44:41 PM io.gapi.emulators.netty.NotFoundHandler handleRequest\r\nINFO: Unknown request URI: /v1/projects/demo-mitutora/databases/(default)/documents?pageSize=1\r\nOct 03, 2026 11:44:41 PM io.gapi.emulators.netty.NotFoundHandler handleRequest\r\nINFO: Unknown request URI: /v1/projects/demo-mitutora/databases/(default)/documents?pageSize=1\r\nOct 03, 2026 11:44:41 PM io.gapi.emulators.netty.NotFoundHandler handleRequest\r\nINFO: Unknown request URI: /v1/projects/demo-mitutora/databases/(default)/documents?pageSize=1\r\nOct 03, 2026 11:44:41 PM io.gapi.emulators.netty.NotFoundHandler handleRequest\r\nINFO: Unknown request URI: /v1/projects/demo-mitutora/databases/(default)/documents?pageSize=1\r\nOct 03, 2026 11:44:42 PM io.gapi.emulators.netty.NotFoundHandler handleRequest\r\nINFO: Unknown request URI: /v1/projects/demo-mitutora/databases/(default)/documents?pageSize=1\r\nOct 03, 2026 11:44:42 PM io.gapi.emulators.netty.NotFoundHandler handleRequest\r\nINFO: Unknown request URI: /v1/projects/demo-mitutora/databases/(default)/documents?pageSize=1\r\nOct 03, 2026 11:44:42 PM io.gapi.emulators.netty.NotFoundHandler handleRequest\r\nINFO: Unknown request URI: /v1/projects/demo-mitutora/databases/(default)/documents?pageSize=1\r\nOct 03, 2026 11:44:42 PM io.gapi.emulators.netty.NotFoundHandler handleRequest\r\nINFO: Unknown request URI: /v1/projects/demo-mitutora/databases/(default)/documents?pageSize=1\r\nOct 03, 2026 11:44:43 PM io.gapi.emulators.netty.NotFoundHandler handleRequest\r\nINFO: Unknown request URI: /v1/projects/demo-mitutora/databases/(default)/documents?pageSize=1\r\nOct 03, 2026 11:44:43 PM io.gapi.emulators.netty.NotFoundHandler handleRequest\r\nINFO: Unknown request URI: /v1/projects/demo-mitutora/databases/(default)/documents?pageSize=1\r\nOct 03, 2026 11:44:43 PM io.gapi.emulators.netty.NotFoundHandler handleRequest\r\nINFO: Unknown request URI: /v1/projects/demo-mitutora/databases/(default)/documents?pageSize=1\r\nOct 03, 2026 11:44:43 PM io.gapi.emulators.netty.NotFoundHandler handleRequest\r\nINFO: Unknown request URI: /v1/projects/demo-mitutora/databases/(default)/documents?pageSize=1\r\nOct 03, 2026 11:44:44 PM io.gapi.emulators.netty.NotFoundHandler handleRequest\r\nINFO: Unknown request URI: /v1/projects/demo-mitutora/databases/(default)/documents?pageSize=1\r\nOct 03, 2026 11:44:44 PM io.gapi.emulators.netty.NotFoundHandler handleRequest\r\nINFO: Unknown request URI: /v1/projects/demo-mitutora/databases/(default)/documents?pageSize=1\r\n"}}
[warn] !  emulators: The Emulator UI is not starting because none of the running emulators have a UI component. {"metadata":{"emulator":{"name":"hub"},"message":"The Emulator UI is not starting because none of the running emulators have a UI component."}}
[debug] [2026-10-03T18:14:44.657Z] Could not find VSCode notification endpoint: TypeError: fetch failed. If you are not running the Firebase SQL Connect VSCode extension, this is expected and not an issue.
[info] 
┌─────────────────────────────────────────────────────────────┐
│ ✔  All emulators ready! It is now safe to connect your app. │
└─────────────────────────────────────────────────────────────┘

┌────────────────┬────────────────┐
│ Emulator       │ Host:Port      │
├────────────────┼────────────────┤
│ Authentication │ 127.0.0.1:9099 │
├────────────────┼────────────────┤
│ Firestore      │ 127.0.0.1:8080 │
└────────────────┴────────────────┘
  Emulator Hub host: 127.0.0.1 port: 4400
  Other reserved ports: 4500, 9150

Issues? Report them at https://github.com/firebase/firebase-tools/issues and attach the *-debug.log files.
 
[debug] [2026-10-03T18:17:09.133Z] Oct 03, 2026 11:47:09 PM io.gapi.emulators.netty.HttpVersionRoutingHandler channelRead
INFO: Detected HTTP/2 connection.
 {"metadata":{"emulator":{"name":"firestore"},"message":"Oct 03, 2026 11:47:09 PM io.gapi.emulators.netty.HttpVersionRoutingHandler channelRead\r\nINFO: Detected HTTP/2 connection.\r\n"}}
[debug] [2026-10-03T18:17:16.308Z] Oct 03, 2026 11:47:16 PM io.gapi.emulators.netty.HttpVersionRoutingHandler channelRead
INFO: Detected non-HTTP/2 connection.
 {"metadata":{"emulator":{"name":"firestore"},"message":"Oct 03, 2026 11:47:16 PM io.gapi.emulators.netty.HttpVersionRoutingHandler channelRead\r\nINFO: Detected non-HTTP/2 connection.\r\n"}}
[debug] [2026-10-03T18:17:17.653Z] Oct 03, 2026 11:47:17 PM io.gapi.emulators.netty.HttpVersionRoutingHandler channelRead
INFO: Detected non-HTTP/2 connection.
 {"metadata":{"emulator":{"name":"firestore"},"message":"Oct 03, 2026 11:47:17 PM io.gapi.emulators.netty.HttpVersionRoutingHandler channelRead\r\nINFO: Detected non-HTTP/2 connection.\r\n"}}
[debug] [2026-10-03T18:17:17.703Z] Oct 03, 2026 11:47:17 PM io.gapi.emulators.netty.HttpVersionRoutingHandler channelRead
INFO: Detected non-HTTP/2 connection.
 {"metadata":{"emulator":{"name":"firestore"},"message":"Oct 03, 2026 11:47:17 PM io.gapi.emulators.netty.HttpVersionRoutingHandler channelRead\r\nINFO: Detected non-HTTP/2 connection.\r\n"}}
[debug] [2026-10-03T18:17:17.712Z] Oct 03, 2026 11:47:17 PM io.gapi.emulators.netty.HttpVersionRoutingHandler channelRead
INFO: Detected non-HTTP/2 connection.
 {"metadata":{"emulator":{"name":"firestore"},"message":"Oct 03, 2026 11:47:17 PM io.gapi.emulators.netty.HttpVersionRoutingHandler channelRead\r\nINFO: Detected non-HTTP/2 connection.\r\n"}}
[debug] [2026-10-03T18:17:17.779Z] Oct 03, 2026 11:47:17 PM io.gapi.emulators.netty.HttpVersionRoutingHandler channelRead
INFO: Detected non-HTTP/2 connection.
 {"metadata":{"emulator":{"name":"firestore"},"message":"Oct 03, 2026 11:47:17 PM io.gapi.emulators.netty.HttpVersionRoutingHandler channelRead\r\nINFO: Detected non-HTTP/2 connection.\r\n"}}
[debug] [2026-10-03T18:17:17.815Z] Oct 03, 2026 11:47:17 PM io.gapi.emulators.netty.HttpVersionRoutingHandler channelRead
INFO: Detected non-HTTP/2 connection.
 {"metadata":{"emulator":{"name":"firestore"},"message":"Oct 03, 2026 11:47:17 PM io.gapi.emulators.netty.HttpVersionRoutingHandler channelRead\r\nINFO: Detected non-HTTP/2 connection.\r\n"}}
[debug] [2026-10-03T18:17:18.117Z] Oct 03, 2026 11:47:18 PM io.gapi.emulators.netty.HttpVersionRoutingHandler channelRead
INFO: Detected non-HTTP/2 connection.
 {"metadata":{"emulator":{"name":"firestore"},"message":"Oct 03, 2026 11:47:18 PM io.gapi.emulators.netty.HttpVersionRoutingHandler channelRead\r\nINFO: Detected non-HTTP/2 connection.\r\n"}}
[debug] [2026-10-03T18:17:18.208Z] Oct 03, 2026 11:47:18 PM io.gapi.emulators.netty.HttpVersionRoutingHandler channelRead
INFO: Detected non-HTTP/2 connection.
 {"metadata":{"emulator":{"name":"firestore"},"message":"Oct 03, 2026 11:47:18 PM io.gapi.emulators.netty.HttpVersionRoutingHandler channelRead\r\nINFO: Detected non-HTTP/2 connection.\r\n"}}
[debug] [2026-10-03T18:17:18.247Z] Oct 03, 2026 11:47:18 PM io.gapi.emulators.netty.HttpVersionRoutingHandler channelRead
INFO: Detected non-HTTP/2 connection.
 {"metadata":{"emulator":{"name":"firestore"},"message":"Oct 03, 2026 11:47:18 PM io.gapi.emulators.netty.HttpVersionRoutingHandler channelRead\r\nINFO: Detected non-HTTP/2 connection.\r\n"}}
[debug] [2026-10-03T18:17:18.310Z] Oct 03, 2026 11:47:18 PM io.gapi.emulators.netty.HttpVersionRoutingHandler channelRead
INFO: Detected non-HTTP/2 connection.
Oct 03, 2026 11:47:18 PM io.gapi.emulators.netty.HttpVersionRoutingHandler channelRead
INFO: Detected non-HTTP/2 connection.
 {"metadata":{"emulator":{"name":"firestore"},"message":"Oct 03, 2026 11:47:18 PM io.gapi.emulators.netty.HttpVersionRoutingHandler channelRead\r\nINFO: Detected non-HTTP/2 connection.\r\nOct 03, 2026 11:47:18 PM io.gapi.emulators.netty.HttpVersionRoutingHandler channelRead\r\nINFO: Detected non-HTTP/2 connection.\r\n"}}
[debug] [2026-10-03T18:17:18.447Z] Oct 03, 2026 11:47:18 PM io.gapi.emulators.netty.HttpVersionRoutingHandler channelRead
INFO: Detected non-HTTP/2 connection.
 {"metadata":{"emulator":{"name":"firestore"},"message":"Oct 03, 2026 11:47:18 PM io.gapi.emulators.netty.HttpVersionRoutingHandler channelRead\r\nINFO: Detected non-HTTP/2 connection.\r\n"}}
[debug] [2026-10-03T18:17:18.527Z] Oct 03, 2026 11:47:18 PM io.gapi.emulators.netty.HttpVersionRoutingHandler channelRead
INFO: Detected non-HTTP/2 connection.
 {"metadata":{"emulator":{"name":"firestore"},"message":"Oct 03, 2026 11:47:18 PM io.gapi.emulators.netty.HttpVersionRoutingHandler channelRead\r\nINFO: Detected non-HTTP/2 connection.\r\n"}}
[debug] [2026-10-03T18:17:18.757Z] Oct 03, 2026 11:47:18 PM io.gapi.emulators.netty.HttpVersionRoutingHandler channelRead
INFO: Detected non-HTTP/2 connection.
 {"metadata":{"emulator":{"name":"firestore"},"message":"Oct 03, 2026 11:47:18 PM io.gapi.emulators.netty.HttpVersionRoutingHandler channelRead\r\nINFO: Detected non-HTTP/2 connection.\r\n"}}
[debug] [2026-10-03T18:17:18.981Z] Oct 03, 2026 11:47:18 PM io.gapi.emulators.netty.HttpVersionRoutingHandler channelRead
INFO: Detected non-HTTP/2 connection.
 {"metadata":{"emulator":{"name":"firestore"},"message":"Oct 03, 2026 11:47:18 PM io.gapi.emulators.netty.HttpVersionRoutingHandler channelRead\r\nINFO: Detected non-HTTP/2 connection.\r\n"}}
[debug] [2026-10-03T18:17:19.550Z] Oct 03, 2026 11:47:19 PM io.gapi.emulators.netty.HttpVersionRoutingHandler channelRead
INFO: Detected non-HTTP/2 connection.
 {"metadata":{"emulator":{"name":"firestore"},"message":"Oct 03, 2026 11:47:19 PM io.gapi.emulators.netty.HttpVersionRoutingHandler channelRead\r\nINFO: Detected non-HTTP/2 connection.\r\n"}}
[debug] [2026-10-03T18:17:19.665Z] Oct 03, 2026 11:47:19 PM io.gapi.emulators.netty.HttpVersionRoutingHandler channelRead
INFO: Detected non-HTTP/2 connection.
 {"metadata":{"emulator":{"name":"firestore"},"message":"Oct 03, 2026 11:47:19 PM io.gapi.emulators.netty.HttpVersionRoutingHandler channelRead\r\nINFO: Detected non-HTTP/2 connection.\r\n"}}
[debug] [2026-10-03T18:17:19.682Z] Oct 03, 2026 11:47:19 PM io.gapi.emulators.netty.HttpVersionRoutingHandler channelRead
INFO: Detected non-HTTP/2 connection.
 {"metadata":{"emulator":{"name":"firestore"},"message":"Oct 03, 2026 11:47:19 PM io.gapi.emulators.netty.HttpVersionRoutingHandler channelRead\r\nINFO: Detected non-HTTP/2 connection.\r\n"}}
[debug] [2026-10-03T18:17:19.683Z] Oct 03, 2026 11:47:19 PM io.gapi.emulators.netty.HttpVersionRoutingHandler channelRead
INFO: Detected non-HTTP/2 connection.
Oct 03, 2026 11:47:19 PM io.gapi.emulators.netty.HttpVersionRoutingHandler channelRead
INFO: Detected non-HTTP/2 connection.
 {"metadata":{"emulator":{"name":"firestore"},"message":"Oct 03, 2026 11:47:19 PM io.gapi.emulators.netty.HttpVersionRoutingHandler channelRead\r\nINFO: Detected non-HTTP/2 connection.\r\nOct 03, 2026 11:47:19 PM io.gapi.emulators.netty.HttpVersionRoutingHandler channelRead\r\nINFO: Detected non-HTTP/2 connection.\r\n"}}
[debug] [2026-10-03T18:17:19.690Z] Oct 03, 2026 11:47:19 PM io.gapi.emulators.netty.HttpVersionRoutingHandler channelRead
INFO: Detected non-HTTP/2 connection.
 {"metadata":{"emulator":{"name":"firestore"},"message":"Oct 03, 2026 11:47:19 PM io.gapi.emulators.netty.HttpVersionRoutingHandler channelRead\r\nINFO: Detected non-HTTP/2 connection.\r\n"}}
[debug] [2026-10-03T18:17:19.697Z] Oct 03, 2026 11:47:19 PM io.gapi.emulators.netty.HttpVersionRoutingHandler channelRead
INFO: Detected non-HTTP/2 connection.
Oct 03, 2026 11:47:19 PM io.gapi.emulators.netty.HttpVersionRoutingHandler channelRead
INFO: Detected non-HTTP/2 connection.
 {"metadata":{"emulator":{"name":"firestore"},"message":"Oct 03, 2026 11:47:19 PM io.gapi.emulators.netty.HttpVersionRoutingHandler channelRead\r\nINFO: Detected non-HTTP/2 connection.\r\nOct 03, 2026 11:47:19 PM io.gapi.emulators.netty.HttpVersionRoutingHandler channelRead\r\nINFO: Detected non-HTTP/2 connection.\r\n"}}
[debug] [2026-10-03T18:17:19.699Z] Oct 03, 2026 11:47:19 PM io.gapi.emulators.netty.HttpVersionRoutingHandler channelRead
INFO: Detected non-HTTP/2 connection.
 {"metadata":{"emulator":{"name":"firestore"},"message":"Oct 03, 2026 11:47:19 PM io.gapi.emulators.netty.HttpVersionRoutingHandler channelRead\r\nINFO: Detected non-HTTP/2 connection.\r\n"}}
[debug] [2026-10-03T18:17:19.708Z] Oct 03, 2026 11:47:19 PM io.gapi.emulators.netty.HttpVersionRoutingHandler channelRead
INFO: Detected non-HTTP/2 connection.
 {"metadata":{"emulator":{"name":"firestore"},"message":"Oct 03, 2026 11:47:19 PM io.gapi.emulators.netty.HttpVersionRoutingHandler channelRead\r\nINFO: Detected non-HTTP/2 connection.\r\n"}}
[debug] [2026-10-03T18:17:20.011Z] Oct 03, 2026 11:47:20 PM io.gapi.emulators.netty.HttpVersionRoutingHandler channelRead
INFO: Detected HTTP/2 connection.
 {"metadata":{"emulator":{"name":"firestore"},"message":"Oct 03, 2026 11:47:20 PM io.gapi.emulators.netty.HttpVersionRoutingHandler channelRead\r\nINFO: Detected HTTP/2 connection.\r\n"}}
[debug] [2026-10-03T18:17:56.664Z] Oct 03, 2026 11:47:56 PM io.netty.channel.DefaultChannelPipeline onUnhandledInboundException
WARNING: An exceptionCaught() event was fired, and it reached at the tail of the pipeline. It usually means the last handler in the pipeline did not handle the exception.
java.net.SocketException: Connection reset
	at java.base/sun.nio.ch.SocketChannelImpl.throwConnectionReset(Unknown Source)
	at java.base/sun.nio.ch.SocketChannelImpl.read(Unknown Source)
	at io.netty.buffer.PooledByteBuf.setBytes(PooledByteBuf.java:255)
	at io.netty.buffer.AbstractByteBuf.writeBytes(AbstractByteBuf.java:1132)
	at io.netty.channel.socket.nio.NioSocketChannel.doReadBytes(NioSocketChannel.java:356)
	at io.netty.channel.nio.AbstractNioByteChannel$NioByteUnsafe.read(AbstractNioByteChannel.java:156)
	at io.netty.channel.nio.NioEventLoop.processSelectedKey(NioEventLoop.java:796)
	at io.netty.channel.nio.NioEventLoop.processSelectedKeysOptimized(NioEventLoop.java:732)
	at io.netty.channel.nio.NioEventLoop.processSelectedKeys(NioEventLoop.java:658)
	at io.netty.channel.nio.NioEventLoop.run(NioEventLoop.java:562)
	at io.netty.util.concurrent.SingleThreadEventExecutor$4.run(SingleThreadEventExecutor.java:998)
	at io.netty.util.internal.ThreadExecutorMap$2.run(ThreadExecutorMap.java:74)
	at io.netty.util.concurrent.FastThreadLocalRunnable.run(FastThreadLocalRunnable.java:30)
	at java.base/java.lang.Thread.run(Unknown Source)

 {"metadata":{"emulator":{"name":"firestore"},"message":"Oct 03, 2026 11:47:56 PM io.netty.channel.DefaultChannelPipeline onUnhandledInboundException\r\nWARNING: An exceptionCaught() event was fired, and it reached at the tail of the pipeline. It usually means the last handler in the pipeline did not handle the exception.\r\njava.net.SocketException: Connection reset\r\n\tat java.base/sun.nio.ch.SocketChannelImpl.throwConnectionReset(Unknown Source)\r\n\tat java.base/sun.nio.ch.SocketChannelImpl.read(Unknown Source)\r\n\tat io.netty.buffer.PooledByteBuf.setBytes(PooledByteBuf.java:255)\r\n\tat io.netty.buffer.AbstractByteBuf.writeBytes(AbstractByteBuf.java:1132)\r\n\tat io.netty.channel.socket.nio.NioSocketChannel.doReadBytes(NioSocketChannel.java:356)\r\n\tat io.netty.channel.nio.AbstractNioByteChannel$NioByteUnsafe.read(AbstractNioByteChannel.java:156)\r\n\tat io.netty.channel.nio.NioEventLoop.processSelectedKey(NioEventLoop.java:796)\r\n\tat io.netty.channel.nio.NioEventLoop.processSelectedKeysOptimized(NioEventLoop.java:732)\r\n\tat io.netty.channel.nio.NioEventLoop.processSelectedKeys(NioEventLoop.java:658)\r\n\tat io.netty.channel.nio.NioEventLoop.run(NioEventLoop.java:562)\r\n\tat io.netty.util.concurrent.SingleThreadEventExecutor$4.run(SingleThreadEventExecutor.java:998)\r\n\tat io.netty.util.internal.ThreadExecutorMap$2.run(ThreadExecutorMap.java:74)\r\n\tat io.netty.util.concurrent.FastThreadLocalRunnable.run(FastThreadLocalRunnable.java:30)\r\n\tat java.base/java.lang.Thread.run(Unknown Source)\r\n\r\n"}}
[debug] [2026-10-03T18:18:00.583Z] Oct 03, 2026 11:48:00 PM io.gapi.emulators.netty.HttpVersionRoutingHandler channelRead
INFO: Detected HTTP/2 connection.
 {"metadata":{"emulator":{"name":"firestore"},"message":"Oct 03, 2026 11:48:00 PM io.gapi.emulators.netty.HttpVersionRoutingHandler channelRead\r\nINFO: Detected HTTP/2 connection.\r\n"}}
[debug] [2026-10-03T18:18:03.540Z] Oct 03, 2026 11:48:03 PM io.gapi.emulators.netty.HttpVersionRoutingHandler channelRead
INFO: Detected non-HTTP/2 connection.
 {"metadata":{"emulator":{"name":"firestore"},"message":"Oct 03, 2026 11:48:03 PM io.gapi.emulators.netty.HttpVersionRoutingHandler channelRead\r\nINFO: Detected non-HTTP/2 connection.\r\n"}}
[debug] [2026-10-03T18:18:03.580Z] Oct 03, 2026 11:48:03 PM io.gapi.emulators.netty.HttpVersionRoutingHandler channelRead
INFO: Detected non-HTTP/2 connection.
 {"metadata":{"emulator":{"name":"firestore"},"message":"Oct 03, 2026 11:48:03 PM io.gapi.emulators.netty.HttpVersionRoutingHandler channelRead\r\nINFO: Detected non-HTTP/2 connection.\r\n"}}
[debug] [2026-10-03T18:18:03.624Z] Oct 03, 2026 11:48:03 PM io.gapi.emulators.netty.HttpVersionRoutingHandler channelRead
INFO: Detected non-HTTP/2 connection.
 {"metadata":{"emulator":{"name":"firestore"},"message":"Oct 03, 2026 11:48:03 PM io.gapi.emulators.netty.HttpVersionRoutingHandler channelRead\r\nINFO: Detected non-HTTP/2 connection.\r\n"}}
[debug] [2026-10-03T18:18:03.635Z] Oct 03, 2026 11:48:03 PM io.gapi.emulators.netty.HttpVersionRoutingHandler channelRead
INFO: Detected non-HTTP/2 connection.
 {"metadata":{"emulator":{"name":"firestore"},"message":"Oct 03, 2026 11:48:03 PM io.gapi.emulators.netty.HttpVersionRoutingHandler channelRead\r\nINFO: Detected non-HTTP/2 connection.\r\n"}}
[debug] [2026-10-03T18:18:03.660Z] Oct 03, 2026 11:48:03 PM io.gapi.emulators.netty.HttpVersionRoutingHandler channelRead
INFO: Detected non-HTTP/2 connection.
 {"metadata":{"emulator":{"name":"firestore"},"message":"Oct 03, 2026 11:48:03 PM io.gapi.emulators.netty.HttpVersionRoutingHandler channelRead\r\nINFO: Detected non-HTTP/2 connection.\r\n"}}
[debug] [2026-10-03T18:18:03.679Z] Oct 03, 2026 11:48:03 PM io.gapi.emulators.netty.HttpVersionRoutingHandler channelRead
INFO: Detected non-HTTP/2 connection.
 {"metadata":{"emulator":{"name":"firestore"},"message":"Oct 03, 2026 11:48:03 PM io.gapi.emulators.netty.HttpVersionRoutingHandler channelRead\r\nINFO: Detected non-HTTP/2 connection.\r\n"}}
[debug] [2026-10-03T18:18:03.731Z] Oct 03, 2026 11:48:03 PM io.gapi.emulators.netty.HttpVersionRoutingHandler channelRead
INFO: Detected non-HTTP/2 connection.
 {"metadata":{"emulator":{"name":"firestore"},"message":"Oct 03, 2026 11:48:03 PM io.gapi.emulators.netty.HttpVersionRoutingHandler channelRead\r\nINFO: Detected non-HTTP/2 connection.\r\n"}}
[debug] [2026-10-03T18:18:03.780Z] Oct 03, 2026 11:48:03 PM io.gapi.emulators.netty.HttpVersionRoutingHandler channelRead
INFO: Detected non-HTTP/2 connection.
 {"metadata":{"emulator":{"name":"firestore"},"message":"Oct 03, 2026 11:48:03 PM io.gapi.emulators.netty.HttpVersionRoutingHandler channelRead\r\nINFO: Detected non-HTTP/2 connection.\r\n"}}
[debug] [2026-10-03T18:18:03.856Z] Oct 03, 2026 11:48:03 PM io.gapi.emulators.netty.HttpVersionRoutingHandler channelRead
INFO: Detected non-HTTP/2 connection.
 {"metadata":{"emulator":{"name":"firestore"},"message":"Oct 03, 2026 11:48:03 PM io.gapi.emulators.netty.HttpVersionRoutingHandler channelRead\r\nINFO: Detected non-HTTP/2 connection.\r\n"}}
[debug] [2026-10-03T18:18:03.900Z] Oct 03, 2026 11:48:03 PM io.gapi.emulators.netty.HttpVersionRoutingHandler channelRead
INFO: Detected non-HTTP/2 connection.
 {"metadata":{"emulator":{"name":"firestore"},"message":"Oct 03, 2026 11:48:03 PM io.gapi.emulators.netty.HttpVersionRoutingHandler channelRead\r\nINFO: Detected non-HTTP/2 connection.\r\n"}}
[debug] [2026-10-03T18:18:03.904Z] Oct 03, 2026 11:48:03 PM io.gapi.emulators.netty.HttpVersionRoutingHandler channelRead
INFO: Detected non-HTTP/2 connection.
 {"metadata":{"emulator":{"name":"firestore"},"message":"Oct 03, 2026 11:48:03 PM io.gapi.emulators.netty.HttpVersionRoutingHandler channelRead\r\nINFO: Detected non-HTTP/2 connection.\r\n"}}
[debug] [2026-10-03T18:18:03.991Z] Oct 03, 2026 11:48:03 PM io.gapi.emulators.netty.HttpVersionRoutingHandler channelRead
INFO: Detected non-HTTP/2 connection.
 {"metadata":{"emulator":{"name":"firestore"},"message":"Oct 03, 2026 11:48:03 PM io.gapi.emulators.netty.HttpVersionRoutingHandler channelRead\r\nINFO: Detected non-HTTP/2 connection.\r\n"}}
[debug] [2026-10-03T18:18:04.046Z] Oct 03, 2026 11:48:04 PM io.gapi.emulators.netty.HttpVersionRoutingHandler channelRead
INFO: Detected non-HTTP/2 connection.
 {"metadata":{"emulator":{"name":"firestore"},"message":"Oct 03, 2026 11:48:04 PM io.gapi.emulators.netty.HttpVersionRoutingHandler channelRead\r\nINFO: Detected non-HTTP/2 connection.\r\n"}}
[debug] [2026-10-03T18:18:04.344Z] Oct 03, 2026 11:48:04 PM io.gapi.emulators.netty.HttpVersionRoutingHandler channelRead
INFO: Detected non-HTTP/2 connection.
 {"metadata":{"emulator":{"name":"firestore"},"message":"Oct 03, 2026 11:48:04 PM io.gapi.emulators.netty.HttpVersionRoutingHandler channelRead\r\nINFO: Detected non-HTTP/2 connection.\r\n"}}
[debug] [2026-10-03T18:18:04.435Z] Oct 03, 2026 11:48:04 PM io.gapi.emulators.netty.HttpVersionRoutingHandler channelRead
INFO: Detected non-HTTP/2 connection.
 {"metadata":{"emulator":{"name":"firestore"},"message":"Oct 03, 2026 11:48:04 PM io.gapi.emulators.netty.HttpVersionRoutingHandler channelRead\r\nINFO: Detected non-HTTP/2 connection.\r\n"}}
[debug] [2026-10-03T18:18:04.525Z] Oct 03, 2026 11:48:04 PM io.gapi.emulators.netty.HttpVersionRoutingHandler channelRead
INFO: Detected non-HTTP/2 connection.
 {"metadata":{"emulator":{"name":"firestore"},"message":"Oct 03, 2026 11:48:04 PM io.gapi.emulators.netty.HttpVersionRoutingHandler channelRead\r\nINFO: Detected non-HTTP/2 connection.\r\n"}}
[debug] [2026-10-03T18:18:04.611Z] Oct 03, 2026 11:48:04 PM io.gapi.emulators.netty.HttpVersionRoutingHandler channelRead
INFO: Detected non-HTTP/2 connection.
 {"metadata":{"emulator":{"name":"firestore"},"message":"Oct 03, 2026 11:48:04 PM io.gapi.emulators.netty.HttpVersionRoutingHandler channelRead\r\nINFO: Detected non-HTTP/2 connection.\r\n"}}
[debug] [2026-10-03T18:18:04.713Z] Oct 03, 2026 11:48:04 PM io.gapi.emulators.netty.HttpVersionRoutingHandler channelRead
INFO: Detected non-HTTP/2 connection.
 {"metadata":{"emulator":{"name":"firestore"},"message":"Oct 03, 2026 11:48:04 PM io.gapi.emulators.netty.HttpVersionRoutingHandler channelRead\r\nINFO: Detected non-HTTP/2 connection.\r\n"}}
[debug] [2026-10-03T18:18:04.739Z] Oct 03, 2026 11:48:04 PM io.gapi.emulators.netty.HttpVersionRoutingHandler channelRead
INFO: Detected non-HTTP/2 connection.
 {"metadata":{"emulator":{"name":"firestore"},"message":"Oct 03, 2026 11:48:04 PM io.gapi.emulators.netty.HttpVersionRoutingHandler channelRead\r\nINFO: Detected non-HTTP/2 connection.\r\n"}}
[debug] [2026-10-03T18:18:05.586Z] Oct 03, 2026 11:48:05 PM io.gapi.emulators.netty.HttpVersionRoutingHandler channelRead
INFO: Detected non-HTTP/2 connection.
Oct 03, 2026 11:48:05 PM io.gapi.emulators.netty.HttpVersionRoutingHandler channelRead
INFO: Detected non-HTTP/2 connection.
 {"metadata":{"emulator":{"name":"firestore"},"message":"Oct 03, 2026 11:48:05 PM io.gapi.emulators.netty.HttpVersionRoutingHandler channelRead\r\nINFO: Detected non-HTTP/2 connection.\r\nOct 03, 2026 11:48:05 PM io.gapi.emulators.netty.HttpVersionRoutingHandler channelRead\r\nINFO: Detected non-HTTP/2 connection.\r\n"}}
[debug] [2026-10-03T18:18:05.598Z] Oct 03, 2026 11:48:05 PM io.gapi.emulators.netty.HttpVersionRoutingHandler channelRead
INFO: Detected non-HTTP/2 connection.
 {"metadata":{"emulator":{"name":"firestore"},"message":"Oct 03, 2026 11:48:05 PM io.gapi.emulators.netty.HttpVersionRoutingHandler channelRead\r\nINFO: Detected non-HTTP/2 connection.\r\n"}}
[debug] [2026-10-03T18:18:05.601Z] Oct 03, 2026 11:48:05 PM io.gapi.emulators.netty.HttpVersionRoutingHandler channelRead
INFO: Detected non-HTTP/2 connection.
Oct 03, 2026 11:48:05 PM io.gapi.emulators.netty.HttpVersionRoutingHandler channelRead
INFO: Detected non-HTTP/2 connection.
Oct 03, 2026 11:48:05 PM io.gapi.emulators.netty.HttpVersionRoutingHandler channelRead
INFO: Detected non-HTTP/2 connection.
 {"metadata":{"emulator":{"name":"firestore"},"message":"Oct 03, 2026 11:48:05 PM io.gapi.emulators.netty.HttpVersionRoutingHandler channelRead\r\nINFO: Detected non-HTTP/2 connection.\r\nOct 03, 2026 11:48:05 PM io.gapi.emulators.netty.HttpVersionRoutingHandler channelRead\r\nINFO: Detected non-HTTP/2 connection.\r\nOct 03, 2026 11:48:05 PM io.gapi.emulators.netty.HttpVersionRoutingHandler channelRead\r\nINFO: Detected non-HTTP/2 connection.\r\n"}}
[debug] [2026-10-03T18:18:05.606Z] Oct 03, 2026 11:48:05 PM io.gapi.emulators.netty.HttpVersionRoutingHandler channelRead
INFO: Detected non-HTTP/2 connection.
 {"metadata":{"emulator":{"name":"firestore"},"message":"Oct 03, 2026 11:48:05 PM io.gapi.emulators.netty.HttpVersionRoutingHandler channelRead\r\nINFO: Detected non-HTTP/2 connection.\r\n"}}
[debug] [2026-10-03T18:18:05.633Z] Oct 03, 2026 11:48:05 PM io.gapi.emulators.netty.HttpVersionRoutingHandler channelRead
INFO: Detected non-HTTP/2 connection.
 {"metadata":{"emulator":{"name":"firestore"},"message":"Oct 03, 2026 11:48:05 PM io.gapi.emulators.netty.HttpVersionRoutingHandler channelRead\r\nINFO: Detected non-HTTP/2 connection.\r\n"}}
[debug] [2026-10-03T18:18:40.185Z] Oct 03, 2026 11:48:40 PM io.netty.channel.DefaultChannelPipeline onUnhandledInboundException
WARNING: An exceptionCaught() event was fired, and it reached at the tail of the pipeline. It usually means the last handler in the pipeline did not handle the exception.
java.net.SocketException: Connection reset
	at java.base/sun.nio.ch.SocketChannelImpl.throwConnectionReset(Unknown Source)
	at java.base/sun.nio.ch.SocketChannelImpl.read(Unknown Source)
	at io.netty.buffer.PooledByteBuf.setBytes(PooledByteBuf.java:255)
	at io.netty.buffer.AbstractByteBuf.writeBytes(AbstractByteBuf.java:1132)
	at io.netty.channel.socket.nio.NioSocketChannel.doReadBytes(NioSocketChannel.java:356)
	at io.netty.channel.nio.AbstractNioByteChannel$NioByteUnsafe.read(AbstractNioByteChannel.java:156)
	at io.netty.channel.nio.NioEventLoop.processSelectedKey(NioEventLoop.java:796)
	at io.netty.channel.nio.NioEventLoop.processSelectedKeysOptimized(NioEventLoop.java:732)
	at io.netty.channel.nio.NioEventLoop.processSelectedKeys(NioEventLoop.java:658)
	at io.netty.channel.nio.NioEventLoop.run(NioEventLoop.java:562)
	at io.netty.util.concurrent.SingleThreadEventExecutor$4.run(SingleThreadEventExecutor.java:998)
	at io.netty.util.internal.ThreadExecutorMap$2.run(ThreadExecutorMap.java:74)
	at io.netty.util.concurrent.FastThreadLocalRunnable.run(FastThreadLocalRunnable.java:30)
	at java.base/java.lang.Thread.run(Unknown Source)

 {"metadata":{"emulator":{"name":"firestore"},"message":"Oct 03, 2026 11:48:40 PM io.netty.channel.DefaultChannelPipeline onUnhandledInboundException\r\nWARNING: An exceptionCaught() event was fired, and it reached at the tail of the pipeline. It usually means the last handler in the pipeline did not handle the exception.\r\njava.net.SocketException: Connection reset\r\n\tat java.base/sun.nio.ch.SocketChannelImpl.throwConnectionReset(Unknown Source)\r\n\tat java.base/sun.nio.ch.SocketChannelImpl.read(Unknown Source)\r\n\tat io.netty.buffer.PooledByteBuf.setBytes(PooledByteBuf.java:255)\r\n\tat io.netty.buffer.AbstractByteBuf.writeBytes(AbstractByteBuf.java:1132)\r\n\tat io.netty.channel.socket.nio.NioSocketChannel.doReadBytes(NioSocketChannel.java:356)\r\n\tat io.netty.channel.nio.AbstractNioByteChannel$NioByteUnsafe.read(AbstractNioByteChannel.java:156)\r\n\tat io.netty.channel.nio.NioEventLoop.processSelectedKey(NioEventLoop.java:796)\r\n\tat io.netty.channel.nio.NioEventLoop.processSelectedKeysOptimized(NioEventLoop.java:732)\r\n\tat io.netty.channel.nio.NioEventLoop.processSelectedKeys(NioEventLoop.java:658)\r\n\tat io.netty.channel.nio.NioEventLoop.run(NioEventLoop.java:562)\r\n\tat io.netty.util.concurrent.SingleThreadEventExecutor$4.run(SingleThreadEventExecutor.java:998)\r\n\tat io.netty.util.internal.ThreadExecutorMap$2.run(ThreadExecutorMap.java:74)\r\n\tat io.netty.util.concurrent.FastThreadLocalRunnable.run(FastThreadLocalRunnable.java:30)\r\n\tat java.base/java.lang.Thread.run(Unknown Source)\r\n\r\n"}}
[debug] [2026-10-03T18:20:06.049Z] ----------------------------------------------------------------------
[debug] [2026-10-03T18:20:06.051Z] Command:       C:\Program Files\nodejs\node.exe C:\Work\MiTutoraPro\node_modules\firebase-tools\lib\bin\firebase.js emulators:start --only auth,firestore --project demo-mitutora
[debug] [2026-10-03T18:20:06.051Z] CLI Version:   15.26.0
[debug] [2026-10-03T18:20:06.051Z] Platform:      win32
[debug] [2026-10-03T18:20:06.051Z] Node Version:  v25.9.0
[debug] [2026-10-03T18:20:06.051Z] Detected Agent: codex_cli
[debug] [2026-10-03T18:20:06.052Z] Time:          Sat Oct 03 2026 23:50:06 GMT+0530 (India Standard Time)
[debug] [2026-10-03T18:20:06.052Z] ----------------------------------------------------------------------
[debug] 
[debug] [2026-10-03T18:20:06.061Z] >>> [apiv2][query] GET https://firebase-public.firebaseio.com/cli.json [none]
[debug] [2026-10-03T18:20:08.047Z] *** [apiv2] error from fetch(https://firebase-public.firebaseio.com/cli.json, {"headers":{},"method":"GET"}): AggregateError
[warn] !  Unable to fetch the CLI MOTD and remote config. This is not a fatal error, but may indicate an issue with your network connection. 
[debug] [2026-10-03T18:20:08.048Z] Failed to fetch MOTD FirebaseError: Failed to make request to https://firebase-public.firebaseio.com/cli.json
[debug] [2026-10-03T18:20:08.120Z] openjdk version "21.0.10" 2026-01-20
OpenJDK Runtime Environment (build 21.0.10+-14961533-b1163.108)

[debug] [2026-10-03T18:20:08.121Z] OpenJDK 64-Bit Server VM (build 21.0.10+-14961533-b1163.108, mixed mode)

[debug] [2026-10-03T18:20:08.128Z] Parsed Java major version: 21
[info] i  emulators: Starting emulators: auth, firestore {"metadata":{"emulator":{"name":"hub"},"message":"Starting emulators: auth, firestore"}}
[info] i  emulators: Detected demo project ID "demo-mitutora", emulated services will use a demo configuration and attempts to access non-emulated services for this project will fail. {"metadata":{"emulator":{"name":"hub"},"message":"Detected demo project ID \"demo-mitutora\", emulated services will use a demo configuration and attempts to access non-emulated services for this project will fail."}}
[debug] [2026-10-03T18:20:08.136Z] [logging] Logging Emulator only supports listening on one address (127.0.0.1). Not listening on ::1
[debug] [2026-10-03T18:20:08.137Z] [auth] Authentication Emulator only supports listening on one address (127.0.0.1). Not listening on ::1
[debug] [2026-10-03T18:20:08.137Z] [firestore] Firestore Emulator only supports listening on one address (127.0.0.1). Not listening on ::1
[debug] [2026-10-03T18:20:08.137Z] [firestore.websocket] websocket server for firestore only supports listening on one address (127.0.0.1). Not listening on ::1
[debug] [2026-10-03T18:20:08.137Z] assigned listening specs for emulators {"user":{"hub":[{"address":"127.0.0.1","family":"IPv4","port":4400},{"address":"::1","family":"IPv6","port":4400}],"logging":[{"address":"127.0.0.1","family":"IPv4","port":4500}],"auth":[{"address":"127.0.0.1","family":"IPv4","port":9099}],"firestore":[{"address":"127.0.0.1","family":"IPv4","port":8080}],"firestore.websocket":[{"address":"127.0.0.1","family":"IPv4","port":9150}]},"metadata":{"message":"assigned listening specs for emulators"}}
[debug] [2026-10-03T18:20:08.143Z] Found emulator hub locator: {"version":"15.26.0","origins":["http://127.0.0.1:4400","http://[::1]:4400"],"pid":14620}
[debug] [2026-10-03T18:20:08.144Z] Write emulator hub locator at C:\Users\Avinash\AppData\Local\Temp\hub-demo-mitutora.json
[debug] [2026-10-03T18:20:08.152Z] Ignoring unsupported arg: auto_download {"metadata":{"emulator":{"name":"firestore"},"message":"Ignoring unsupported arg: auto_download"}}
[debug] [2026-10-03T18:20:08.152Z] Ignoring unsupported arg: single_project_mode_error {"metadata":{"emulator":{"name":"firestore"},"message":"Ignoring unsupported arg: single_project_mode_error"}}
[debug] [2026-10-03T18:20:08.152Z] Starting Firestore Emulator with command {"binary":"java","args":["-Dgoogle.cloud_firestore.debug_log_level=FINE","-Duser.language=en","-jar","C:\\Users\\Avinash\\.cache\\firebase\\emulators\\cloud-firestore-emulator-v1.22.0.jar","--host","127.0.0.1","--port",8080,"--websocket_port",9150,"--database-edition","standard","--project_id","demo-mitutora","--rules","C:\\Work\\MiTutoraPro\\firestore.rules","--single_project_mode",true],"optionalArgs":["port","webchannel_port","host","rules","websocket_port","database-edition","functions_emulator","seed_from_export","project_id","single_project_mode"],"joinArgs":false,"shell":false,"port":8080} {"metadata":{"emulator":{"name":"firestore"},"message":"Starting Firestore Emulator with command {\"binary\":\"java\",\"args\":[\"-Dgoogle.cloud_firestore.debug_log_level=FINE\",\"-Duser.language=en\",\"-jar\",\"C:\\\\Users\\\\Avinash\\\\.cache\\\\firebase\\\\emulators\\\\cloud-firestore-emulator-v1.22.0.jar\",\"--host\",\"127.0.0.1\",\"--port\",8080,\"--websocket_port\",9150,\"--database-edition\",\"standard\",\"--project_id\",\"demo-mitutora\",\"--rules\",\"C:\\\\Work\\\\MiTutoraPro\\\\firestore.rules\",\"--single_project_mode\",true],\"optionalArgs\":[\"port\",\"webchannel_port\",\"host\",\"rules\",\"websocket_port\",\"database-edition\",\"functions_emulator\",\"seed_from_export\",\"project_id\",\"single_project_mode\"],\"joinArgs\":false,\"shell\":false,\"port\":8080}"}}
[info] i  firestore: Firestore Emulator logging to firestore-debug.log {"metadata":{"emulator":{"name":"firestore"},"message":"Firestore Emulator logging to firestore-debug.log"}}
[debug] [2026-10-03T18:20:17.880Z] Oct 03, 2026 11:50:17 PM com.google.cloud.datastore.emulator.firestore.websocket.WebSocketServer start
INFO: Started WebSocket server on ws://127.0.0.1:9150
 {"metadata":{"emulator":{"name":"firestore"},"message":"Oct 03, 2026 11:50:17 PM com.google.cloud.datastore.emulator.firestore.websocket.WebSocketServer start\r\nINFO: Started WebSocket server on ws://127.0.0.1:9150\r\n"}}
[debug] [2026-10-03T18:20:17.947Z] 
API endpoint: http://127.0.0.1:8080 {"metadata":{"emulator":{"name":"firestore"},"message":"\nAPI endpoint: http://127.0.0.1:8080"}}
[debug] [2026-10-03T18:20:17.947Z] 
Database Edition: STANDARD
Database Mode: CLOUD_FIRESTORE

If you are using a library that supports the FIRESTORE_EMULATOR_HOST environment variable, run:

   export FIRESTORE_EMULATOR_HOST=127.0.0.1:8080

If you are running a Firestore in Datastore Mode project, run:

   export DATASTORE_EMULATOR_HOST=127.0.0.1:8080

Note: Support for Datastore Mode is in preview. If you encounter any bugs please file at https://github.com/firebase/firebase-tools/issues.
Dev App Server is now running.

 {"metadata":{"emulator":{"name":"firestore"},"message":"\nDatabase Edition: STANDARD\nDatabase Mode: CLOUD_FIRESTORE\n\nIf you are using a library that supports the FIRESTORE_EMULATOR_HOST environment variable, run:\r\n\n   export FIRESTORE_EMULATOR_HOST=127.0.0.1:8080\n\nIf you are running a Firestore in Datastore Mode project, run:\r\n\n   export DATASTORE_EMULATOR_HOST=127.0.0.1:8080\n\nNote: Support for Datastore Mode is in preview. If you encounter any bugs please file at https://github.com/firebase/firebase-tools/issues.\r\nDev App Server is now running.\n\r\n"}}
[info] +  firestore: Firestore Emulator was started in standard edition. {"metadata":{"emulator":{"name":"firestore"},"message":"Firestore Emulator was started in standard edition."}}
[info] +  firestore: Firestore Emulator UI websocket is running on 9150. {"metadata":{"emulator":{"name":"firestore"},"message":"Firestore Emulator UI websocket is running on 9150."}}
[debug] [2026-10-03T18:20:23.012Z] Oct 03, 2026 11:50:18 PM io.gapi.emulators.netty.HttpVersionRoutingHandler channelRead
INFO: Detected non-HTTP/2 connection.
Oct 03, 2026 11:50:18 PM io.gapi.emulators.netty.NotFoundHandler handleRequest
INFO: Unknown request URI: /v1/projects/demo-mitutora/databases/(default)/documents?pageSize=1
Oct 03, 2026 11:50:18 PM io.gapi.emulators.netty.NotFoundHandler handleRequest
INFO: Unknown request URI: /v1/projects/demo-mitutora/databases/(default)/documents?pageSize=1
Oct 03, 2026 11:50:18 PM io.gapi.emulators.netty.NotFoundHandler handleRequest
INFO: Unknown request URI: /v1/projects/demo-mitutora/databases/(default)/documents?pageSize=1
Oct 03, 2026 11:50:18 PM io.gapi.emulators.netty.NotFoundHandler handleRequest
INFO: Unknown request URI: /v1/projects/demo-mitutora/databases/(default)/documents?pageSize=1
Oct 03, 2026 11:50:19 PM io.gapi.emulators.netty.NotFoundHandler handleRequest
INFO: Unknown request URI: /v1/projects/demo-mitutora/databases/(default)/documents?pageSize=1
Oct 03, 2026 11:50:19 PM io.gapi.emulators.netty.NotFoundHandler handleRequest
INFO: Unknown request URI: /v1/projects/demo-mitutora/databases/(default)/documents?pageSize=1
Oct 03, 2026 11:50:19 PM io.gapi.emulators.netty.NotFoundHandler handleRequest
INFO: Unknown request URI: /v1/projects/demo-mitutora/databases/(default)/documents?pageSize=1
Oct 03, 2026 11:50:20 PM io.gapi.emulators.netty.NotFoundHandler handleRequest
INFO: Unknown request URI: /v1/projects/demo-mitutora/databases/(default)/documents?pageSize=1
Oct 03, 2026 11:50:20 PM io.gapi.emulators.netty.NotFoundHandler handleRequest
INFO: Unknown request URI: /v1/projects/demo-mitutora/databases/(default)/documents?pageSize=1
Oct 03, 2026 11:50:20 PM io.gapi.emulators.netty.NotFoundHandler handleRequest
INFO: Unknown request URI: /v1/projects/demo-mitutora/databases/(default)/documents?pageSize=1
Oct 03, 2026 11:50:20 PM io.gapi.emulators.netty.NotFoundHandler handleRequest
INFO: Unknown request URI: /v1/projects/demo-mitutora/databases/(default)/documents?pageSize=1
Oct 03, 2026 11:50:21 PM io.gapi.emulators.netty.NotFoundHandler handleRequest
INFO: Unknown request URI: /v1/projects/demo-mitutora/databases/(default)/documents?pageSize=1
Oct 03, 2026 11:50:21 PM io.gapi.emulators.netty.NotFoundHandler handleRequest
INFO: Unknown request URI: /v1/projects/demo-mitutora/databases/(default)/documents?pageSize=1
Oct 03, 2026 11:50:21 PM io.gapi.emulators.netty.NotFoundHandler handleRequest
INFO: Unknown request URI: /v1/projects/demo-mitutora/databases/(default)/documents?pageSize=1
Oct 03, 2026 11:50:21 PM io.gapi.emulators.netty.NotFoundHandler handleRequest
INFO: Unknown request URI: /v1/projects/demo-mitutora/databases/(default)/documents?pageSize=1
Oct 03, 2026 11:50:22 PM io.gapi.emulators.netty.NotFoundHandler handleRequest
INFO: Unknown request URI: /v1/projects/demo-mitutora/databases/(default)/documents?pageSize=1
Oct 03, 2026 11:50:22 PM io.gapi.emulators.netty.NotFoundHandler handleRequest
INFO: Unknown request URI: /v1/projects/demo-mitutora/databases/(default)/documents?pageSize=1
Oct 03, 2026 11:50:22 PM io.gapi.emulators.netty.NotFoundHandler handleRequest
INFO: Unknown request URI: /v1/projects/demo-mitutora/databases/(default)/documents?pageSize=1
Oct 03, 2026 11:50:22 PM io.gapi.emulators.netty.NotFoundHandler handleRequest
INFO: Unknown request URI: /v1/projects/demo-mitutora/databases/(default)/documents?pageSize=1
 {"metadata":{"emulator":{"name":"firestore"},"message":"Oct 03, 2026 11:50:18 PM io.gapi.emulators.netty.HttpVersionRoutingHandler channelRead\r\nINFO: Detected non-HTTP/2 connection.\r\nOct 03, 2026 11:50:18 PM io.gapi.emulators.netty.NotFoundHandler handleRequest\r\nINFO: Unknown request URI: /v1/projects/demo-mitutora/databases/(default)/documents?pageSize=1\r\nOct 03, 2026 11:50:18 PM io.gapi.emulators.netty.NotFoundHandler handleRequest\r\nINFO: Unknown request URI: /v1/projects/demo-mitutora/databases/(default)/documents?pageSize=1\r\nOct 03, 2026 11:50:18 PM io.gapi.emulators.netty.NotFoundHandler handleRequest\r\nINFO: Unknown request URI: /v1/projects/demo-mitutora/databases/(default)/documents?pageSize=1\r\nOct 03, 2026 11:50:18 PM io.gapi.emulators.netty.NotFoundHandler handleRequest\r\nINFO: Unknown request URI: /v1/projects/demo-mitutora/databases/(default)/documents?pageSize=1\r\nOct 03, 2026 11:50:19 PM io.gapi.emulators.netty.NotFoundHandler handleRequest\r\nINFO: Unknown request URI: /v1/projects/demo-mitutora/databases/(default)/documents?pageSize=1\r\nOct 03, 2026 11:50:19 PM io.gapi.emulators.netty.NotFoundHandler handleRequest\r\nINFO: Unknown request URI: /v1/projects/demo-mitutora/databases/(default)/documents?pageSize=1\r\nOct 03, 2026 11:50:19 PM io.gapi.emulators.netty.NotFoundHandler handleRequest\r\nINFO: Unknown request URI: /v1/projects/demo-mitutora/databases/(default)/documents?pageSize=1\r\nOct 03, 2026 11:50:20 PM io.gapi.emulators.netty.NotFoundHandler handleRequest\r\nINFO: Unknown request URI: /v1/projects/demo-mitutora/databases/(default)/documents?pageSize=1\r\nOct 03, 2026 11:50:20 PM io.gapi.emulators.netty.NotFoundHandler handleRequest\r\nINFO: Unknown request URI: /v1/projects/demo-mitutora/databases/(default)/documents?pageSize=1\r\nOct 03, 2026 11:50:20 PM io.gapi.emulators.netty.NotFoundHandler handleRequest\r\nINFO: Unknown request URI: /v1/projects/demo-mitutora/databases/(default)/documents?pageSize=1\r\nOct 03, 2026 11:50:20 PM io.gapi.emulators.netty.NotFoundHandler handleRequest\r\nINFO: Unknown request URI: /v1/projects/demo-mitutora/databases/(default)/documents?pageSize=1\r\nOct 03, 2026 11:50:21 PM io.gapi.emulators.netty.NotFoundHandler handleRequest\r\nINFO: Unknown request URI: /v1/projects/demo-mitutora/databases/(default)/documents?pageSize=1\r\nOct 03, 2026 11:50:21 PM io.gapi.emulators.netty.NotFoundHandler handleRequest\r\nINFO: Unknown request URI: /v1/projects/demo-mitutora/databases/(default)/documents?pageSize=1\r\nOct 03, 2026 11:50:21 PM io.gapi.emulators.netty.NotFoundHandler handleRequest\r\nINFO: Unknown request URI: /v1/projects/demo-mitutora/databases/(default)/documents?pageSize=1\r\nOct 03, 2026 11:50:21 PM io.gapi.emulators.netty.NotFoundHandler handleRequest\r\nINFO: Unknown request URI: /v1/projects/demo-mitutora/databases/(default)/documents?pageSize=1\r\nOct 03, 2026 11:50:22 PM io.gapi.emulators.netty.NotFoundHandler handleRequest\r\nINFO: Unknown request URI: /v1/projects/demo-mitutora/databases/(default)/documents?pageSize=1\r\nOct 03, 2026 11:50:22 PM io.gapi.emulators.netty.NotFoundHandler handleRequest\r\nINFO: Unknown request URI: /v1/projects/demo-mitutora/databases/(default)/documents?pageSize=1\r\nOct 03, 2026 11:50:22 PM io.gapi.emulators.netty.NotFoundHandler handleRequest\r\nINFO: Unknown request URI: /v1/projects/demo-mitutora/databases/(default)/documents?pageSize=1\r\nOct 03, 2026 11:50:22 PM io.gapi.emulators.netty.NotFoundHandler handleRequest\r\nINFO: Unknown request URI: /v1/projects/demo-mitutora/databases/(default)/documents?pageSize=1\r\n"}}
[warn] !  emulators: The Emulator UI is not starting because none of the running emulators have a UI component. {"metadata":{"emulator":{"name":"hub"},"message":"The Emulator UI is not starting because none of the running emulators have a UI component."}}
[debug] [2026-10-03T18:20:23.024Z] Could not find VSCode notification endpoint: TypeError: fetch failed. If you are not running the Firebase SQL Connect VSCode extension, this is expected and not an issue.
[info] 
┌─────────────────────────────────────────────────────────────┐
│ ✔  All emulators ready! It is now safe to connect your app. │
└─────────────────────────────────────────────────────────────┘

┌────────────────┬────────────────┐
│ Emulator       │ Host:Port      │
├────────────────┼────────────────┤
│ Authentication │ 127.0.0.1:9099 │
├────────────────┼────────────────┤
│ Firestore      │ 127.0.0.1:8080 │
└────────────────┴────────────────┘
  Emulator Hub host: 127.0.0.1 port: 4400
  Other reserved ports: 4500, 9150

Issues? Report them at https://github.com/firebase/firebase-tools/issues and attach the *-debug.log files.
 
[debug] [2026-10-03T18:20:23.230Z] Oct 03, 2026 11:50:23 PM io.gapi.emulators.netty.NotFoundHandler handleRequest
INFO: Unknown request URI: /v1/projects/demo-mitutora/databases/(default)/documents?pageSize=1
 {"metadata":{"emulator":{"name":"firestore"},"message":"Oct 03, 2026 11:50:23 PM io.gapi.emulators.netty.NotFoundHandler handleRequest\r\nINFO: Unknown request URI: /v1/projects/demo-mitutora/databases/(default)/documents?pageSize=1\r\n"}}
[debug] [2026-10-03T18:21:16.010Z] Oct 03, 2026 11:51:16 PM io.gapi.emulators.netty.HttpVersionRoutingHandler channelRead
INFO: Detected HTTP/2 connection.
 {"metadata":{"emulator":{"name":"firestore"},"message":"Oct 03, 2026 11:51:16 PM io.gapi.emulators.netty.HttpVersionRoutingHandler channelRead\r\nINFO: Detected HTTP/2 connection.\r\n"}}
[debug] [2026-10-03T18:21:18.905Z] Oct 03, 2026 11:51:18 PM io.gapi.emulators.netty.HttpVersionRoutingHandler channelRead
INFO: Detected non-HTTP/2 connection.
 {"metadata":{"emulator":{"name":"firestore"},"message":"Oct 03, 2026 11:51:18 PM io.gapi.emulators.netty.HttpVersionRoutingHandler channelRead\r\nINFO: Detected non-HTTP/2 connection.\r\n"}}
[debug] [2026-10-03T18:21:19.476Z] Oct 03, 2026 11:51:19 PM io.gapi.emulators.netty.HttpVersionRoutingHandler channelRead
INFO: Detected non-HTTP/2 connection.
 {"metadata":{"emulator":{"name":"firestore"},"message":"Oct 03, 2026 11:51:19 PM io.gapi.emulators.netty.HttpVersionRoutingHandler channelRead\r\nINFO: Detected non-HTTP/2 connection.\r\n"}}
[debug] [2026-10-03T18:21:19.499Z] Oct 03, 2026 11:51:19 PM io.gapi.emulators.netty.HttpVersionRoutingHandler channelRead
INFO: Detected non-HTTP/2 connection.
 {"metadata":{"emulator":{"name":"firestore"},"message":"Oct 03, 2026 11:51:19 PM io.gapi.emulators.netty.HttpVersionRoutingHandler channelRead\r\nINFO: Detected non-HTTP/2 connection.\r\n"}}
[debug] [2026-10-03T18:21:19.505Z] Oct 03, 2026 11:51:19 PM io.gapi.emulators.netty.HttpVersionRoutingHandler channelRead
INFO: Detected non-HTTP/2 connection.
 {"metadata":{"emulator":{"name":"firestore"},"message":"Oct 03, 2026 11:51:19 PM io.gapi.emulators.netty.HttpVersionRoutingHandler channelRead\r\nINFO: Detected non-HTTP/2 connection.\r\n"}}
[debug] [2026-10-03T18:21:19.534Z] Oct 03, 2026 11:51:19 PM io.gapi.emulators.netty.HttpVersionRoutingHandler channelRead
INFO: Detected non-HTTP/2 connection.
 {"metadata":{"emulator":{"name":"firestore"},"message":"Oct 03, 2026 11:51:19 PM io.gapi.emulators.netty.HttpVersionRoutingHandler channelRead\r\nINFO: Detected non-HTTP/2 connection.\r\n"}}
[debug] [2026-10-03T18:21:19.553Z] Oct 03, 2026 11:51:19 PM io.gapi.emulators.netty.HttpVersionRoutingHandler channelRead
INFO: Detected non-HTTP/2 connection.
 {"metadata":{"emulator":{"name":"firestore"},"message":"Oct 03, 2026 11:51:19 PM io.gapi.emulators.netty.HttpVersionRoutingHandler channelRead\r\nINFO: Detected non-HTTP/2 connection.\r\n"}}
[debug] [2026-10-03T18:21:19.675Z] Oct 03, 2026 11:51:19 PM io.gapi.emulators.netty.HttpVersionRoutingHandler channelRead
INFO: Detected non-HTTP/2 connection.
 {"metadata":{"emulator":{"name":"firestore"},"message":"Oct 03, 2026 11:51:19 PM io.gapi.emulators.netty.HttpVersionRoutingHandler channelRead\r\nINFO: Detected non-HTTP/2 connection.\r\n"}}
[debug] [2026-10-03T18:21:19.708Z] Oct 03, 2026 11:51:19 PM io.gapi.emulators.netty.HttpVersionRoutingHandler channelRead
INFO: Detected non-HTTP/2 connection.
 {"metadata":{"emulator":{"name":"firestore"},"message":"Oct 03, 2026 11:51:19 PM io.gapi.emulators.netty.HttpVersionRoutingHandler channelRead\r\nINFO: Detected non-HTTP/2 connection.\r\n"}}
[debug] [2026-10-03T18:21:19.742Z] Oct 03, 2026 11:51:19 PM io.gapi.emulators.netty.HttpVersionRoutingHandler channelRead
INFO: Detected non-HTTP/2 connection.
 {"metadata":{"emulator":{"name":"firestore"},"message":"Oct 03, 2026 11:51:19 PM io.gapi.emulators.netty.HttpVersionRoutingHandler channelRead\r\nINFO: Detected non-HTTP/2 connection.\r\n"}}
[debug] [2026-10-03T18:21:19.776Z] Oct 03, 2026 11:51:19 PM io.gapi.emulators.netty.HttpVersionRoutingHandler channelRead
INFO: Detected non-HTTP/2 connection.
 {"metadata":{"emulator":{"name":"firestore"},"message":"Oct 03, 2026 11:51:19 PM io.gapi.emulators.netty.HttpVersionRoutingHandler channelRead\r\nINFO: Detected non-HTTP/2 connection.\r\n"}}
[debug] [2026-10-03T18:21:19.780Z] Oct 03, 2026 11:51:19 PM io.gapi.emulators.netty.HttpVersionRoutingHandler channelRead
INFO: Detected non-HTTP/2 connection.
 {"metadata":{"emulator":{"name":"firestore"},"message":"Oct 03, 2026 11:51:19 PM io.gapi.emulators.netty.HttpVersionRoutingHandler channelRead\r\nINFO: Detected non-HTTP/2 connection.\r\n"}}
[debug] [2026-10-03T18:21:19.832Z] Oct 03, 2026 11:51:19 PM io.gapi.emulators.netty.HttpVersionRoutingHandler channelRead
INFO: Detected non-HTTP/2 connection.
 {"metadata":{"emulator":{"name":"firestore"},"message":"Oct 03, 2026 11:51:19 PM io.gapi.emulators.netty.HttpVersionRoutingHandler channelRead\r\nINFO: Detected non-HTTP/2 connection.\r\n"}}
[debug] [2026-10-03T18:21:19.872Z] Oct 03, 2026 11:51:19 PM io.gapi.emulators.netty.HttpVersionRoutingHandler channelRead
INFO: Detected non-HTTP/2 connection.
 {"metadata":{"emulator":{"name":"firestore"},"message":"Oct 03, 2026 11:51:19 PM io.gapi.emulators.netty.HttpVersionRoutingHandler channelRead\r\nINFO: Detected non-HTTP/2 connection.\r\n"}}
[debug] [2026-10-03T18:21:19.907Z] Oct 03, 2026 11:51:19 PM io.gapi.emulators.netty.HttpVersionRoutingHandler channelRead
INFO: Detected non-HTTP/2 connection.
 {"metadata":{"emulator":{"name":"firestore"},"message":"Oct 03, 2026 11:51:19 PM io.gapi.emulators.netty.HttpVersionRoutingHandler channelRead\r\nINFO: Detected non-HTTP/2 connection.\r\n"}}
[debug] [2026-10-03T18:21:20.062Z] Oct 03, 2026 11:51:20 PM io.gapi.emulators.netty.HttpVersionRoutingHandler channelRead
INFO: Detected non-HTTP/2 connection.
 {"metadata":{"emulator":{"name":"firestore"},"message":"Oct 03, 2026 11:51:20 PM io.gapi.emulators.netty.HttpVersionRoutingHandler channelRead\r\nINFO: Detected non-HTTP/2 connection.\r\n"}}
[debug] [2026-10-03T18:21:20.091Z] Oct 03, 2026 11:51:20 PM io.gapi.emulators.netty.HttpVersionRoutingHandler channelRead
INFO: Detected non-HTTP/2 connection.
 {"metadata":{"emulator":{"name":"firestore"},"message":"Oct 03, 2026 11:51:20 PM io.gapi.emulators.netty.HttpVersionRoutingHandler channelRead\r\nINFO: Detected non-HTTP/2 connection.\r\n"}}
[debug] [2026-10-03T18:21:20.109Z] Oct 03, 2026 11:51:20 PM io.gapi.emulators.netty.HttpVersionRoutingHandler channelRead
INFO: Detected non-HTTP/2 connection.
 {"metadata":{"emulator":{"name":"firestore"},"message":"Oct 03, 2026 11:51:20 PM io.gapi.emulators.netty.HttpVersionRoutingHandler channelRead\r\nINFO: Detected non-HTTP/2 connection.\r\n"}}
[debug] [2026-10-03T18:21:20.128Z] Oct 03, 2026 11:51:20 PM io.gapi.emulators.netty.HttpVersionRoutingHandler channelRead
INFO: Detected non-HTTP/2 connection.
 {"metadata":{"emulator":{"name":"firestore"},"message":"Oct 03, 2026 11:51:20 PM io.gapi.emulators.netty.HttpVersionRoutingHandler channelRead\r\nINFO: Detected non-HTTP/2 connection.\r\n"}}
[debug] [2026-10-03T18:21:20.417Z] Oct 03, 2026 11:51:20 PM io.gapi.emulators.netty.HttpVersionRoutingHandler channelRead
INFO: Detected non-HTTP/2 connection.
 {"metadata":{"emulator":{"name":"firestore"},"message":"Oct 03, 2026 11:51:20 PM io.gapi.emulators.netty.HttpVersionRoutingHandler channelRead\r\nINFO: Detected non-HTTP/2 connection.\r\n"}}
[debug] [2026-10-03T18:21:20.418Z] Oct 03, 2026 11:51:20 PM io.gapi.emulators.netty.HttpVersionRoutingHandler channelRead
INFO: Detected non-HTTP/2 connection.
Oct 03, 2026 11:51:20 PM io.gapi.emulators.netty.HttpVersionRoutingHandler channelRead
INFO: Detected non-HTTP/2 connection.
 {"metadata":{"emulator":{"name":"firestore"},"message":"Oct 03, 2026 11:51:20 PM io.gapi.emulators.netty.HttpVersionRoutingHandler channelRead\r\nINFO: Detected non-HTTP/2 connection.\r\nOct 03, 2026 11:51:20 PM io.gapi.emulators.netty.HttpVersionRoutingHandler channelRead\r\nINFO: Detected non-HTTP/2 connection.\r\n"}}
[debug] [2026-10-03T18:21:20.418Z] Oct 03, 2026 11:51:20 PM io.gapi.emulators.netty.HttpVersionRoutingHandler channelRead
INFO: Detected non-HTTP/2 connection.
Oct 03, 2026 11:51:20 PM io.gapi.emulators.netty.HttpVersionRoutingHandler channelRead
INFO: Detected non-HTTP/2 connection.
 {"metadata":{"emulator":{"name":"firestore"},"message":"Oct 03, 2026 11:51:20 PM io.gapi.emulators.netty.HttpVersionRoutingHandler channelRead\r\nINFO: Detected non-HTTP/2 connection.\r\nOct 03, 2026 11:51:20 PM io.gapi.emulators.netty.HttpVersionRoutingHandler channelRead\r\nINFO: Detected non-HTTP/2 connection.\r\n"}}
[debug] [2026-10-03T18:21:20.432Z] Oct 03, 2026 11:51:20 PM io.gapi.emulators.netty.HttpVersionRoutingHandler channelRead
INFO: Detected non-HTTP/2 connection.
 {"metadata":{"emulator":{"name":"firestore"},"message":"Oct 03, 2026 11:51:20 PM io.gapi.emulators.netty.HttpVersionRoutingHandler channelRead\r\nINFO: Detected non-HTTP/2 connection.\r\n"}}
[debug] [2026-10-03T18:21:20.433Z] Oct 03, 2026 11:51:20 PM io.gapi.emulators.netty.HttpVersionRoutingHandler channelRead
INFO: Detected non-HTTP/2 connection.
 {"metadata":{"emulator":{"name":"firestore"},"message":"Oct 03, 2026 11:51:20 PM io.gapi.emulators.netty.HttpVersionRoutingHandler channelRead\r\nINFO: Detected non-HTTP/2 connection.\r\n"}}
[debug] [2026-10-03T18:21:20.437Z] Oct 03, 2026 11:51:20 PM io.gapi.emulators.netty.HttpVersionRoutingHandler channelRead
INFO: Detected non-HTTP/2 connection.
Oct 03, 2026 11:51:20 PM io.gapi.emulators.netty.HttpVersionRoutingHandler channelRead
INFO: Detected non-HTTP/2 connection.
 {"metadata":{"emulator":{"name":"firestore"},"message":"Oct 03, 2026 11:51:20 PM io.gapi.emulators.netty.HttpVersionRoutingHandler channelRead\r\nINFO: Detected non-HTTP/2 connection.\r\nOct 03, 2026 11:51:20 PM io.gapi.emulators.netty.HttpVersionRoutingHandler channelRead\r\nINFO: Detected non-HTTP/2 connection.\r\n"}}
[debug] [2026-10-03T18:21:20.530Z] Oct 03, 2026 11:51:20 PM io.gapi.emulators.netty.HttpVersionRoutingHandler channelRead
INFO: Detected HTTP/2 connection.
 {"metadata":{"emulator":{"name":"firestore"},"message":"Oct 03, 2026 11:51:20 PM io.gapi.emulators.netty.HttpVersionRoutingHandler channelRead\r\nINFO: Detected HTTP/2 connection.\r\n"}}
[debug] [2026-10-03T18:21:27.018Z] Oct 03, 2026 11:51:27 PM io.gapi.emulators.netty.HttpVersionRoutingHandler channelRead
INFO: Detected non-HTTP/2 connection.
 {"metadata":{"emulator":{"name":"firestore"},"message":"Oct 03, 2026 11:51:27 PM io.gapi.emulators.netty.HttpVersionRoutingHandler channelRead\r\nINFO: Detected non-HTTP/2 connection.\r\n"}}
[debug] [2026-10-03T18:21:27.037Z] Oct 03, 2026 11:51:27 PM io.gapi.emulators.netty.HttpVersionRoutingHandler channelRead
INFO: Detected non-HTTP/2 connection.
 {"metadata":{"emulator":{"name":"firestore"},"message":"Oct 03, 2026 11:51:27 PM io.gapi.emulators.netty.HttpVersionRoutingHandler channelRead\r\nINFO: Detected non-HTTP/2 connection.\r\n"}}
[debug] [2026-10-03T18:21:27.054Z] Oct 03, 2026 11:51:27 PM io.gapi.emulators.netty.HttpVersionRoutingHandler channelRead
INFO: Detected non-HTTP/2 connection.
 {"metadata":{"emulator":{"name":"firestore"},"message":"Oct 03, 2026 11:51:27 PM io.gapi.emulators.netty.HttpVersionRoutingHandler channelRead\r\nINFO: Detected non-HTTP/2 connection.\r\n"}}
[debug] [2026-10-03T18:21:27.058Z] Oct 03, 2026 11:51:27 PM io.gapi.emulators.netty.HttpVersionRoutingHandler channelRead
INFO: Detected non-HTTP/2 connection.
 {"metadata":{"emulator":{"name":"firestore"},"message":"Oct 03, 2026 11:51:27 PM io.gapi.emulators.netty.HttpVersionRoutingHandler channelRead\r\nINFO: Detected non-HTTP/2 connection.\r\n"}}
[debug] [2026-10-03T18:21:27.077Z] Oct 03, 2026 11:51:27 PM io.gapi.emulators.netty.HttpVersionRoutingHandler channelRead
INFO: Detected non-HTTP/2 connection.
 {"metadata":{"emulator":{"name":"firestore"},"message":"Oct 03, 2026 11:51:27 PM io.gapi.emulators.netty.HttpVersionRoutingHandler channelRead\r\nINFO: Detected non-HTTP/2 connection.\r\n"}}
[debug] [2026-10-03T18:21:27.089Z] Oct 03, 2026 11:51:27 PM io.gapi.emulators.netty.HttpVersionRoutingHandler channelRead
INFO: Detected non-HTTP/2 connection.
 {"metadata":{"emulator":{"name":"firestore"},"message":"Oct 03, 2026 11:51:27 PM io.gapi.emulators.netty.HttpVersionRoutingHandler channelRead\r\nINFO: Detected non-HTTP/2 connection.\r\n"}}
[debug] [2026-10-03T18:21:27.123Z] Oct 03, 2026 11:51:27 PM io.gapi.emulators.netty.HttpVersionRoutingHandler channelRead
INFO: Detected non-HTTP/2 connection.
 {"metadata":{"emulator":{"name":"firestore"},"message":"Oct 03, 2026 11:51:27 PM io.gapi.emulators.netty.HttpVersionRoutingHandler channelRead\r\nINFO: Detected non-HTTP/2 connection.\r\n"}}
[debug] [2026-10-03T18:21:27.147Z] Oct 03, 2026 11:51:27 PM io.gapi.emulators.netty.HttpVersionRoutingHandler channelRead
INFO: Detected non-HTTP/2 connection.
 {"metadata":{"emulator":{"name":"firestore"},"message":"Oct 03, 2026 11:51:27 PM io.gapi.emulators.netty.HttpVersionRoutingHandler channelRead\r\nINFO: Detected non-HTTP/2 connection.\r\n"}}
[debug] [2026-10-03T18:21:27.176Z] Oct 03, 2026 11:51:27 PM io.gapi.emulators.netty.HttpVersionRoutingHandler channelRead
INFO: Detected non-HTTP/2 connection.
 {"metadata":{"emulator":{"name":"firestore"},"message":"Oct 03, 2026 11:51:27 PM io.gapi.emulators.netty.HttpVersionRoutingHandler channelRead\r\nINFO: Detected non-HTTP/2 connection.\r\n"}}
[debug] [2026-10-03T18:21:27.212Z] Oct 03, 2026 11:51:27 PM io.gapi.emulators.netty.HttpVersionRoutingHandler channelRead
INFO: Detected non-HTTP/2 connection.
 {"metadata":{"emulator":{"name":"firestore"},"message":"Oct 03, 2026 11:51:27 PM io.gapi.emulators.netty.HttpVersionRoutingHandler channelRead\r\nINFO: Detected non-HTTP/2 connection.\r\n"}}
[debug] [2026-10-03T18:21:27.214Z] Oct 03, 2026 11:51:27 PM io.gapi.emulators.netty.HttpVersionRoutingHandler channelRead
INFO: Detected non-HTTP/2 connection.
 {"metadata":{"emulator":{"name":"firestore"},"message":"Oct 03, 2026 11:51:27 PM io.gapi.emulators.netty.HttpVersionRoutingHandler channelRead\r\nINFO: Detected non-HTTP/2 connection.\r\n"}}
[debug] [2026-10-03T18:21:27.256Z] Oct 03, 2026 11:51:27 PM io.gapi.emulators.netty.HttpVersionRoutingHandler channelRead
INFO: Detected non-HTTP/2 connection.
 {"metadata":{"emulator":{"name":"firestore"},"message":"Oct 03, 2026 11:51:27 PM io.gapi.emulators.netty.HttpVersionRoutingHandler channelRead\r\nINFO: Detected non-HTTP/2 connection.\r\n"}}
[debug] [2026-10-03T18:21:27.293Z] Oct 03, 2026 11:51:27 PM io.gapi.emulators.netty.HttpVersionRoutingHandler channelRead
INFO: Detected non-HTTP/2 connection.
 {"metadata":{"emulator":{"name":"firestore"},"message":"Oct 03, 2026 11:51:27 PM io.gapi.emulators.netty.HttpVersionRoutingHandler channelRead\r\nINFO: Detected non-HTTP/2 connection.\r\n"}}
[debug] [2026-10-03T18:21:27.344Z] Oct 03, 2026 11:51:27 PM io.gapi.emulators.netty.HttpVersionRoutingHandler channelRead
INFO: Detected non-HTTP/2 connection.
 {"metadata":{"emulator":{"name":"firestore"},"message":"Oct 03, 2026 11:51:27 PM io.gapi.emulators.netty.HttpVersionRoutingHandler channelRead\r\nINFO: Detected non-HTTP/2 connection.\r\n"}}
[debug] [2026-10-03T18:21:27.448Z] Oct 03, 2026 11:51:27 PM io.gapi.emulators.netty.HttpVersionRoutingHandler channelRead
INFO: Detected non-HTTP/2 connection.
 {"metadata":{"emulator":{"name":"firestore"},"message":"Oct 03, 2026 11:51:27 PM io.gapi.emulators.netty.HttpVersionRoutingHandler channelRead\r\nINFO: Detected non-HTTP/2 connection.\r\n"}}
[debug] [2026-10-03T18:21:27.470Z] Oct 03, 2026 11:51:27 PM io.gapi.emulators.netty.HttpVersionRoutingHandler channelRead
INFO: Detected non-HTTP/2 connection.
 {"metadata":{"emulator":{"name":"firestore"},"message":"Oct 03, 2026 11:51:27 PM io.gapi.emulators.netty.HttpVersionRoutingHandler channelRead\r\nINFO: Detected non-HTTP/2 connection.\r\n"}}
[debug] [2026-10-03T18:21:27.491Z] Oct 03, 2026 11:51:27 PM io.gapi.emulators.netty.HttpVersionRoutingHandler channelRead
INFO: Detected non-HTTP/2 connection.
 {"metadata":{"emulator":{"name":"firestore"},"message":"Oct 03, 2026 11:51:27 PM io.gapi.emulators.netty.HttpVersionRoutingHandler channelRead\r\nINFO: Detected non-HTTP/2 connection.\r\n"}}
[debug] [2026-10-03T18:21:27.606Z] Oct 03, 2026 11:51:27 PM io.gapi.emulators.netty.HttpVersionRoutingHandler channelRead
INFO: Detected non-HTTP/2 connection.
 {"metadata":{"emulator":{"name":"firestore"},"message":"Oct 03, 2026 11:51:27 PM io.gapi.emulators.netty.HttpVersionRoutingHandler channelRead\r\nINFO: Detected non-HTTP/2 connection.\r\n"}}
[debug] [2026-10-03T18:21:27.609Z] Oct 03, 2026 11:51:27 PM io.gapi.emulators.netty.HttpVersionRoutingHandler channelRead
INFO: Detected non-HTTP/2 connection.
 {"metadata":{"emulator":{"name":"firestore"},"message":"Oct 03, 2026 11:51:27 PM io.gapi.emulators.netty.HttpVersionRoutingHandler channelRead\r\nINFO: Detected non-HTTP/2 connection.\r\n"}}
[debug] [2026-10-03T18:21:27.617Z] Oct 03, 2026 11:51:27 PM io.gapi.emulators.netty.HttpVersionRoutingHandler channelRead
INFO: Detected non-HTTP/2 connection.
 {"metadata":{"emulator":{"name":"firestore"},"message":"Oct 03, 2026 11:51:27 PM io.gapi.emulators.netty.HttpVersionRoutingHandler channelRead\r\nINFO: Detected non-HTTP/2 connection.\r\n"}}
[debug] [2026-10-03T18:21:27.621Z] Oct 03, 2026 11:51:27 PM io.gapi.emulators.netty.HttpVersionRoutingHandler channelRead
INFO: Detected non-HTTP/2 connection.
 {"metadata":{"emulator":{"name":"firestore"},"message":"Oct 03, 2026 11:51:27 PM io.gapi.emulators.netty.HttpVersionRoutingHandler channelRead\r\nINFO: Detected non-HTTP/2 connection.\r\n"}}
[debug] [2026-10-03T18:21:27.622Z] Oct 03, 2026 11:51:27 PM io.gapi.emulators.netty.HttpVersionRoutingHandler channelRead
INFO: Detected non-HTTP/2 connection.
Oct 03, 2026 11:51:27 PM io.gapi.emulators.netty.HttpVersionRoutingHandler channelRead
INFO: Detected non-HTTP/2 connection.
 {"metadata":{"emulator":{"name":"firestore"},"message":"Oct 03, 2026 11:51:27 PM io.gapi.emulators.netty.HttpVersionRoutingHandler channelRead\r\nINFO: Detected non-HTTP/2 connection.\r\nOct 03, 2026 11:51:27 PM io.gapi.emulators.netty.HttpVersionRoutingHandler channelRead\r\nINFO: Detected non-HTTP/2 connection.\r\n"}}
[debug] [2026-10-03T18:21:27.623Z] Oct 03, 2026 11:51:27 PM io.gapi.emulators.netty.HttpVersionRoutingHandler channelRead
INFO: Detected non-HTTP/2 connection.
 {"metadata":{"emulator":{"name":"firestore"},"message":"Oct 03, 2026 11:51:27 PM io.gapi.emulators.netty.HttpVersionRoutingHandler channelRead\r\nINFO: Detected non-HTTP/2 connection.\r\n"}}
[debug] [2026-10-03T18:21:29.075Z] Oct 03, 2026 11:51:29 PM io.netty.channel.DefaultChannelPipeline onUnhandledInboundException
WARNING: An exceptionCaught() event was fired, and it reached at the tail of the pipeline. It usually means the last handler in the pipeline did not handle the exception.
java.net.SocketException: Connection reset
	at java.base/sun.nio.ch.SocketChannelImpl.throwConnectionReset(Unknown Source)
	at java.base/sun.nio.ch.SocketChannelImpl.read(Unknown Source)
	at io.netty.buffer.PooledByteBuf.setBytes(PooledByteBuf.java:255)
	at io.netty.buffer.AbstractByteBuf.writeBytes(AbstractByteBuf.java:1132)
	at io.netty.channel.socket.nio.NioSocketChannel.doReadBytes(NioSocketChannel.java:356)
	at io.netty.channel.nio.AbstractNioByteChannel$NioByteUnsafe.read(AbstractNioByteChannel.java:156)
	at io.netty.channel.nio.NioEventLoop.processSelectedKey(NioEventLoop.java:796)
	at io.netty.channel.nio.NioEventLoop.processSelectedKeysOptimized(NioEventLoop.java:732)
	at io.netty.channel.nio.NioEventLoop.processSelectedKeys(NioEventLoop.java:658)
	at io.netty.channel.nio.NioEventLoop.run(NioEventLoop.java:562)
	at io.netty.util.concurrent.SingleThreadEventExecutor$4.run(SingleThreadEventExecutor.java:998)
	at io.netty.util.internal.ThreadExecutorMap$2.run(ThreadExecutorMap.java:74)
	at io.netty.util.concurrent.FastThreadLocalRunnable.run(FastThreadLocalRunnable.java:30)
	at java.base/java.lang.Thread.run(Unknown Source)

 {"metadata":{"emulator":{"name":"firestore"},"message":"Oct 03, 2026 11:51:29 PM io.netty.channel.DefaultChannelPipeline onUnhandledInboundException\r\nWARNING: An exceptionCaught() event was fired, and it reached at the tail of the pipeline. It usually means the last handler in the pipeline did not handle the exception.\r\njava.net.SocketException: Connection reset\r\n\tat java.base/sun.nio.ch.SocketChannelImpl.throwConnectionReset(Unknown Source)\r\n\tat java.base/sun.nio.ch.SocketChannelImpl.read(Unknown Source)\r\n\tat io.netty.buffer.PooledByteBuf.setBytes(PooledByteBuf.java:255)\r\n\tat io.netty.buffer.AbstractByteBuf.writeBytes(AbstractByteBuf.java:1132)\r\n\tat io.netty.channel.socket.nio.NioSocketChannel.doReadBytes(NioSocketChannel.java:356)\r\n\tat io.netty.channel.nio.AbstractNioByteChannel$NioByteUnsafe.read(AbstractNioByteChannel.java:156)\r\n\tat io.netty.channel.nio.NioEventLoop.processSelectedKey(NioEventLoop.java:796)\r\n\tat io.netty.channel.nio.NioEventLoop.processSelectedKeysOptimized(NioEventLoop.java:732)\r\n\tat io.netty.channel.nio.NioEventLoop.processSelectedKeys(NioEventLoop.java:658)\r\n\tat io.netty.channel.nio.NioEventLoop.run(NioEventLoop.java:562)\r\n\tat io.netty.util.concurrent.SingleThreadEventExecutor$4.run(SingleThreadEventExecutor.java:998)\r\n\tat io.netty.util.internal.ThreadExecutorMap$2.run(ThreadExecutorMap.java:74)\r\n\tat io.netty.util.concurrent.FastThreadLocalRunnable.run(FastThreadLocalRunnable.java:30)\r\n\tat java.base/java.lang.Thread.run(Unknown Source)\r\n\r\n"}}
